Item Name,Description,Mfg Part #,Category,Rate,Item Type
After Hour Service Call Fee,After hours service fee,,Service Charge,150,Inventory
After Hour Supply House Charge,Supply House charge for opening store after hours,,Service Charge,150,Inventory
Holiday Service Charge,,,Service Charge,500,Inventory
NO SHOW FEE,,,Service Charge,59,Non Inventory
Service Charge,,,Service Charge,120,Non Inventory
"""4"" Air Filter""",Air Filter,,Services,84,Inventory
1'' Air filter,Pleated Air Filter,,Services,10,Non Inventory
824 Trane thermostat,TRANE Wi-Fi NEXIA-T 4-31/50 in. 5 Heat/2 Cool 7-Day Programmable Thermostat,,Services,622,Inventory
850 Trane Thermostat,Trane Wi-Fi  NEXIA-T XL850 5H/2C PROG 7 DAY Thermostat,,Services,917,Inventory
Add. A/C & Air Handler Sys,One visit per year\CRMonthly price $9.00\CRYearly price $108.00,,Services,108,Inventory
Add. Gas Heating & A/C System,,,Services,156,Inventory
Add. Mini-Split,One visit per year\CRMonthly price $5.00\CRYearly price $60.00,,Services,60,Inventory
Add. Oil Furnace,One visit per year\CRMonthly visit $14.00\CRYearly visit $168.00,,Services,168,Inventory
Add. Oil Heating & A/C System,Two visits per year\CRMonthly price $20.00\CRYearly price $240.00,,Services,240,Inventory
Additional Gas Furnace/Boiler,One visit per year\CRMonthly price $9.00\CRYearly price $108.00,,Services,108,Inventory
Additional Heat Pump System,Two visits per year\CRMonthly price $13.00\CRYearly price $156.00,,Services,156,Inventory
Air Conditioner Air Handler Sys,One visit per year\CRMonthly price $13.00\CRYearly price $156.00,,Services,156,Inventory
Air Scrubber,Not sold separately \CRMonthly price $12.00\CRYearly price $144.00,,Services,144,Inventory
AprilAire 110,Air filter,,Services,96,Inventory
AprilAire 401,Air Filter,,Services,96,Non Inventory
Case of 1'' Pleated Air filters,Case of Pleated Air Filter Size,,Services,120,Inventory
CO Detector,Home CO Detector,,Services,58,Inventory
Electronic Air Cleaner,Not sold separately\CRMonthly price $9.00\CRYearly price $108.00,,Services,108,Inventory
Extended Diagnostic Fee,Additional time needed for diagnosing issue,,Services,60,Non Inventory
First Responder Discount,Thank you for your service,,Services,5,Discount
Flood Stop,Automatic Water Shut off valve with Detection of water,,Services,621,Non Inventory
Gas Furnace/Gas Boiler,One visit per year\CRMonthly price $11.00\CRYearly price $132.00,,Services,132,Inventory
Gas Heating & A/C System,Two visits per year\CRMonthly price $20.00\CRYearly price $240.00,,Services,240,Inventory
Gas/Electric Water Heater,Not sold separately\CRMonthly price $3.00\CRYearly price $36.00,,Services,36,Inventory
HA10A,Refrigerant Circulation Pumping System Rejuvenation \CRPerformance and safety testing \CR30 day warranty,,Services,4807,Non Inventory
HA10B,Basic Refrigerant Circulation Pumping System Renovation\CRInstall inline refrigerant filters \CRInstall compressor terminal kit\CRCoolant system recharge,,Services,5287,Non Inventory
HA10C,Main Refrigerant Circulation Pumping System Renovation\CRFlush and purge entire coolant system\CRInstall inline refrigerant filters\CRInstall performance,,Services,6248,Non Inventory
HA10D,Complete Refrigerant Circulation Pumping System Renovation\CRFlush and purge entire coolant system\CRUpgrade to complete power protection system\CRInstal,,Services,7210,Non Inventory
HA10E,Complete Refrigerant Circulation Pumping System Renovation\CRFlush and purge entire coolant system\CRUpgrade to complete power protection system\CRInstal,,Services,7690,Non Inventory
HA11A,Refrigerant Circulation Pumping System Rejuvenation \CRPerformance and safety testing \CR30 day warranty,,Services,5377,Non Inventory
HA11B,Basic Refrigerant Circulation Pumping System Renovation\CRInstall inline refrigerant filters \CRInstall compressor terminal kit\CRCoolant system recharge,,Services,5914,Non Inventory
HA11C,Main Refrigerant Circulation Pumping System Renovation\CRFlush and purge entire coolant system\CRInstall inline refrigerant filters\CRInstall performance,,Services,6989,Non Inventory
HA11D,Complete Refrigerant Circulation Pumping System Renovation\CRFlush and purge entire coolant system\CRUpgrade to complete power protection system\CRInstal,,Services,8065,Non Inventory
HA11E,Complete Refrigerant Circulation Pumping System Renovation\CRFlush and purge entire coolant system\CRUpgrade to complete power protection system\CRInstal,,Services,8602,Non Inventory
HA12A,Refrigerant Circulation Pumping System Rejuvenation \CRPerformance and safety testing \CR30 day warranty,,Services,5782,Non Inventory
HA12B,Basic Refrigerant Circulation Pumping System Renovation\CRInstall inline refrigerant filters \CRInstall compressor terminal kit\CRCoolant system recharge,,Services,6360,Non Inventory
HA12C,Main Refrigerant Circulation Pumping System Renovation\CRFlush and purge entire coolant system\CRInstall inline refrigerant filters\CRInstall performance,,Services,7516,Non Inventory
HA12D,Complete Refrigerant Circulation Pumping System Renovation\CRFlush and purge entire coolant system\CRUpgrade to complete power protection system\CRInstal,,Services,8672,Non Inventory
HA12E,Complete Refrigerant Circulation Pumping System Renovation\CRFlush and purge entire coolant system\CRUpgrade to complete power protection system\CRInstal,,Services,9250,Non Inventory
HA13A,Refrigerant Circulation Pumping System Rejuvenation \CRPerformance and safety testing \CR30 day warranty,,Services,6521,Non Inventory
HA13B,Basic Refrigerant Circulation Pumping System Renovation\CRInstall inline refrigerant filters \CRInstall compressor terminal kit\CRCoolant system recharge,,Services,7173,Non Inventory
HA13C,Main Refrigerant Circulation Pumping System Renovation\CRFlush and purge entire coolant system\CRInstall inline refrigerant filters\CRInstall performance,,Services,8478,Non Inventory
HA13D,Complete Refrigerant Circulation Pumping System Renovation\CRFlush and purge entire coolant system\CRUpgrade to complete power protection system\CRInstal,,Services,9782,Non Inventory
HA13E,Complete Refrigerant Circulation Pumping System Renovation\CRFlush and purge entire coolant system\CRUpgrade to complete power protection system\CRInstal,,Services,10434,Non Inventory
HA14A,Refrigerant Circulation Pumping System Rejuvenation \CRPerformance and safety testing \CR30 day warranty,,Services,7582,Non Inventory
HA14B,Basic Refrigerant Circulation Pumping System Renovation\CRInstall inline refrigerant filters \CRInstall compressor terminal kit\CRCoolant system recharge,,Services,8340,Non Inventory
HA14C,Main Refrigerant Circulation Pumping System Renovation\CRFlush and purge entire coolant system\CRInstall inline refrigerant filters\CRInstall performance,,Services,9856,Non Inventory
HA14D,Complete Refrigerant Circulation Pumping System Renovation\CRFlush and purge entire coolant system\CRUpgrade to complete power protection system\CRInstal,,Services,11372,Non Inventory
HA14E,Complete Refrigerant Circulation Pumping System Renovation\CRFlush and purge entire coolant system\CRUpgrade to complete power protection system\CRInstal,,Services,12130,Non Inventory
HA15A,Refrigerant Circulation Pumping System Rejuvenation \CRPerformance and safety testing \CR30 day warranty,,Services,4162,Non Inventory
HA15B,Basic Refrigerant Circulation Pumping System Renovation\CRInstall inline refrigerant filters - Install compressor terminal kit\CRCoolant system recharge,,Services,4578,Non Inventory
HA15C,Main Refrigerant Circulation Pumping System Renovation\CRFlush and purge entire coolant system\CRInstall inline refrigerant filters\CRInstall performance,,Services,5411,Non Inventory
HA15D,Complete Refrigerant Circulation Pumping System Renovation\CRFlush and purge entire coolant system\CRUpgrade to complete power protection system\CRInstal,,Services,6243,Non Inventory
HA15E,Complete Refrigerant Circulation Pumping System Renovation\CRFlush and purge entire coolant system\CRUpgrade to complete power protection system\CRInstal,,Services,6659,Non Inventory
HA16A,Refrigerant Circulation Pumping System Rejuvenation \CRPerformance and safety testing \CR30 day warranty,,Services,4570,Non Inventory
HA16B,Basic Refrigerant Circulation Pumping System Renovation\CRInstall inline refrigerant filters - Install compressor terminal kit\CRCoolant system recharge,,Services,5027,Non Inventory
HA16C,Main Refrigerant Circulation Pumping System Renovation\CRFlush and purge entire coolant system\CRInstall inline refrigerant filters\CRInstall performance,,Services,5941,Non Inventory
HA16D,Complete Refrigerant Circulation Pumping System Renovation\CRFlush and purge entire coolant system\CRUpgrade to complete power protection system\CRInstal,,Services,6855,Non Inventory
HA16E,Complete Refrigerant Circulation Pumping System Renovation\CRFlush and purge entire coolant system\CRUpgrade to complete power protection system\CRInstal,,Services,7312,Non Inventory
HA17A,Refrigerant Circulation Pumping System Rejuvenation \CRPerformance and safety testing \CR30 day warranty,,Services,5163,Non Inventory
HA17B,Basic Refrigerant Circulation Pumping System Renovation\CRInstall inline refrigerant filters - Install compressor terminal kit\CRCoolant system recharge,,Services,5679,Non Inventory
HA17C,Main Refrigerant Circulation Pumping System Renovation\CRFlush and purge entire coolant system\CRInstall inline refrigerant filters\CRInstall performance,,Services,6712,Non Inventory
HA17D,Complete Refrigerant Circulation Pumping System Renovation\CRFlush and purge entire coolant system\CRUpgrade to complete power protection system\CRInstal,,Services,7744,Non Inventory
HA17E,Complete Refrigerant Circulation Pumping System Renovation\CRFlush and purge entire coolant system\CRUpgrade to complete power protection system\CRInstal,,Services,8260,Non Inventory
HA18A,Refrigerant Circulation Pumping System Rejuvenation \CRPerformance and safety testing \CR30 day warranty,,Services,5692,Non Inventory
HA18B,Basic Refrigerant Circulation Pumping System Renovation\CRInstall inline refrigerant filters - Install compressor terminal kit\CRCoolant system recharge,,Services,6261,Non Inventory
HA18C,Main Refrigerant Circulation Pumping System Renovation\CRFlush and purge entire coolant system\CRInstall inline refrigerant filters\CRInstall performance,,Services,7399,Non Inventory
HA18D,Complete Refrigerant Circulation Pumping System Renovation\CRFlush and purge entire coolant system\CRUpgrade to complete power protection system\CRInstal,,Services,8537,Non Inventory
HA18E,Complete Refrigerant Circulation Pumping System Renovation\CRFlush and purge entire coolant system\CRUpgrade to complete power protection system\CRInstal,,Services,9106,Non Inventory
HA19A,Refrigerant Circulation Pumping System Rejuvenation \CRPerformance and safety testing \CR30 day warranty,,Services,6097,Non Inventory
HA19B,Basic Refrigerant Circulation Pumping System Renovation\CRInstall inline refrigerant filters - Install compressor terminal kit\CRCoolant system recharge,,Services,6706,Non Inventory
HA19C,Main Refrigerant Circulation Pumping System Renovation\CRFlush and purge entire coolant system\CRInstall inline refrigerant filters\CRInstall performance,,Services,7925,Non Inventory
HA19D,Complete Refrigerant Circulation Pumping System Renovation\CRFlush and purge entire coolant system\CRUpgrade to complete power protection system\CRInstal,,Services,9145,Non Inventory
HA19E,Complete Refrigerant Circulation Pumping System Renovation\CRFlush and purge entire coolant system\CRUpgrade to complete power protection system\CRInstal,,Services,9754,Non Inventory
HA1A,Refrigerant Circulation Pumping System Rejuvenation \CRPerformance and safety testing \CR30 day warranty,,Services,2410,Non Inventory
HA1B,Basic Refrigerant Circulation Pumping System Renovation\CRInstall inline refrigerant filters \CRInstall compressor terminal kit\CRCoolant system recharge,,Services,2651,Non Inventory
HA1C,Main Refrigerant Circulation Pumping System Renovation\CRFlush and purge entire coolant system\CRInstall inline refrigerant filters\CRInstall performance,,Services,3133,Non Inventory
HA1D,Complete Refrigerant Circulation Pumping System Renovation\CRFlush and purge entire coolant system\CRUpgrade to complete power protection system\CRInstal,,Services,3615,Non Inventory
HA1E,Complete Refrigerant Circulation Pumping System Renovation\CRFlush and purge entire coolant system\CRUpgrade to complete power protection system\CRInstal,,Services,3856,Non Inventory
HA20A,Refrigerant Circulation Pumping System Rejuvenation \CRPerformance and safety testing \CR30 day warranty,,Services,7492,Non Inventory
HA20B,Basic Refrigerant Circulation Pumping System Renovation\CRInstall inline refrigerant filters - Install compressor terminal kit\CRCoolant system recharge,,Services,8241,Non Inventory
HA20C,Main Refrigerant Circulation Pumping System Renovation\CRFlush and purge entire coolant system\CRInstall inline refrigerant filters\CRInstall performance,,Services,9739,Non Inventory
HA20D,Complete Refrigerant Circulation Pumping System Renovation\CRFlush and purge entire coolant system\CRUpgrade to complete power protection system\CRInstal,,Services,11237,Non Inventory
HA20E,Complete Refrigerant Circulation Pumping System Renovation\CRFlush and purge entire coolant system\CRUpgrade to complete power protection system\CRInstal,,Services,11986,Non Inventory
HA2A,Refrigerant Circulation Pumping System Rejuvenation \CRPerformance and safety testing \CR30 day warranty,,Services,2857,Non Inventory
HA2B,Basic Refrigerant Circulation Pumping System Renovation\CRInstall inline refrigerant filters \CRInstall compressor terminal kit\CRCoolant system recharge,,Services,3142,Non Inventory
HA2C,Main Refrigerant Circulation Pumping System Renovation\CRFlush and purge entire coolant system\CRInstall inline refrigerant filters\CRInstall performance,,Services,3713,Non Inventory
HA2D,Complete Refrigerant Circulation Pumping System Renovation\CRFlush and purge entire coolant system\CRUpgrade to complete power protection system\CRInstal,,Services,4285,Non Inventory
HA2E,Complete Refrigerant Circulation Pumping System Renovation\CRFlush and purge entire coolant system\CRUpgrade to complete power protection system\CRInstal,,Services,4570,Non Inventory
HA3A,Refrigerant Circulation Pumping System Rejuvenation \CRPerformance and safety testing \CR30 day warranty,,Services,3344,Non Inventory
HA3B,Basic Refrigerant Circulation Pumping System Renovation\CRInstall inline refrigerant filters \CRInstall compressor terminal kit\CRCoolant system recharge,,Services,3678,Non Inventory
HA3C,Main Refrigerant Circulation Pumping System Renovation\CRFlush and purge entire coolant system\CRInstall inline refrigerant filters\CRInstall performance,,Services,4347,Non Inventory
HA3D,Complete Refrigerant Circulation Pumping System Renovation\CRFlush and purge entire coolant system\CRUpgrade to complete power protection system\CRInstal,,Services,5016,Non Inventory
HA3E,Complete Refrigerant Circulation Pumping System Renovation\CRFlush and purge entire coolant system\CRUpgrade to complete power protection system\CRInstal,,Services,5350,Non Inventory
HA4A,Refrigerant Circulation Pumping System Rejuvenation \CRPerformance and safety testing \CR30 day warranty,,Services,3832,Non Inventory
HA4B,Basic Refrigerant Circulation Pumping System Renovation\CRInstall inline refrigerant filters \CRInstall compressor terminal kit\CRCoolant system recharge,,Services,4215,Non Inventory
HA4C,Main Refrigerant Circulation Pumping System Renovation\CRFlush and purge entire coolant system\CRInstall inline refrigerant filters\CRInstall performance,,Services,4981,Non Inventory
HA4D,Complete Refrigerant Circulation Pumping System Renovation\CRFlush and purge entire coolant system\CRUpgrade to complete power protection system\CRInstal,,Services,5747,Non Inventory
HA4E,Complete Refrigerant Circulation Pumping System Renovation\CRFlush and purge entire coolant system\CRUpgrade to complete power protection system\CRInstal,,Services,6130,Non Inventory
HA5A,Refrigerant Circulation Pumping System Rejuvenation \CRPerformance and safety testing \CR30 day warranty,,Services,2137,Non Inventory
HA5B,Basic Refrigerant Circulation Pumping System Renovation\CRInstall inline refrigerant filters - Install compressor terminal kit\CRCoolant system recharge,,Services,2351,Non Inventory
HA5C,Main Refrigerant Circulation Pumping System Renovation\CRFlush and purge entire coolant system\CRInstall inline refrigerant filters\CRInstall performance,,Services,2778,Non Inventory
HA5D,Complete Refrigerant Circulation Pumping System Renovation\CRFlush and purge entire coolant system\CRUpgrade to complete power protection system\CRInstal,,Services,3206,Non Inventory
HA5E,Complete Refrigerant Circulation Pumping System Renovation\CRFlush and purge entire coolant system\CRUpgrade to complete power protection system\CRInstal,,Services,3419,Non Inventory
HA6A,Refrigerant Circulation Pumping System Rejuvenation \CRPerformance and safety testing \CR30 day warranty,,Services,2694,Non Inventory
HA6B,Basic Refrigerant Circulation Pumping System Renovation\CRInstall inline refrigerant filters - Install compressor terminal kit\CRCoolant system recharge,,Services,2963,Non Inventory
HA6C,Main Refrigerant Circulation Pumping System Renovation\CRFlush and purge entire coolant system\CRInstall inline refrigerant filters\CRInstall performance,,Services,3502,Non Inventory
HA6D,Complete Refrigerant Circulation Pumping System Renovation\CRFlush and purge entire coolant system\CRUpgrade to complete power protection system\CRInstal,,Services,4041,Non Inventory
HA6E,Complete Refrigerant Circulation Pumping System Renovation\CRFlush and purge entire coolant system\CRUpgrade to complete power protection system\CRInstal,,Services,4311,Non Inventory
HA7A,Refrigerant Circulation Pumping System Rejuvenation \CRPerformance and safety testing \CR30 day warranty,,Services,3305,Non Inventory
HA7B,Basic Refrigerant Circulation Pumping System Renovation\CRInstall inline refrigerant filters - Install compressor terminal kit\CRCoolant system recharge,,Services,3635,Non Inventory
HA7C,Main Refrigerant Circulation Pumping System Renovation\CRFlush and purge entire coolant system\CRInstall inline refrigerant filters\CRInstall performance,,Services,4296,Non Inventory
HA7D,Complete Refrigerant Circulation Pumping System Renovation\CRFlush and purge entire coolant system\CRUpgrade to complete power protection system\CRInstal,,Services,4957,Non Inventory
HA7E,Complete Refrigerant Circulation Pumping System Renovation\CRFlush and purge entire coolant system\CRUpgrade to complete power protection system\CRInstal,,Services,5287,Non Inventory
HA8A,Refrigerant Circulation Pumping System Rejuvenation \CRPerformance and safety testing \CR30 day warranty,,Services,3754,Non Inventory
HA8B,Basic Refrigerant Circulation Pumping System Renovation\CRInstall inline refrigerant filters - Install compressor terminal kit\CRCoolant system recharge,,Services,4130,Non Inventory
HA8C,Main Refrigerant Circulation Pumping System Renovation\CRFlush and purge entire coolant system\CRInstall inline refrigerant filters\CRInstall performance,,Services,4881,Non Inventory
HA8D,Complete Refrigerant Circulation Pumping System Renovation\CRFlush and purge entire coolant system\CRUpgrade to complete power protection system\CRInstal,,Services,5632,Non Inventory
HA8E,Complete Refrigerant Circulation Pumping System Renovation\CRFlush and purge entire coolant system\CRUpgrade to complete power protection system\CRInstal,,Services,6007,Non Inventory
HA9A,Refrigerant Circulation Pumping System Rejuvenation \CRPerformance and safety testing \CR30 day warranty,,Services,4237,Non Inventory
HA9B,Basic Refrigerant Circulation Pumping System Renovation\CRInstall inline refrigerant filters \CRInstall compressor terminal kit\CRCoolant system recharge,,Services,4660,Non Inventory
HA9C,Main Refrigerant Circulation Pumping System Renovation\CRFlush and purge entire coolant system\CRInstall inline refrigerant filters\CRInstall performance,,Services,5507,Non Inventory
HA9D,Complete Refrigerant Circulation Pumping System Renovation\CRFlush and purge entire coolant system\CRUpgrade to complete power protection system\CRInstal,,Services,6355,Non Inventory
HA9E,Complete Refrigerant Circulation Pumping System Renovation\CRFlush and purge entire coolant system\CRUpgrade to complete power protection system\CRInstal,,Services,6778,Non Inventory
HB10A,Electrical Wiring and Terminal Rejuvenation \CRPerformance and safety testing\CR30 day warranty,,Services,503,Non Inventory
HB10B,Basic Electrical Wiring and Terminal Renovation\CRPerformance and safety testing \CR6 month warranty,,Services,905,Non Inventory
HB10C,Main Electrical Wiring and Terminal Renovation\CRInstall new compressor lug kit\CRUpgrade to performance enhancement system\CRPerformance and safety test,,Services,1383,Non Inventory
HB10D,Complete Electrical Wiring and Terminal Renovation\CRInstall new compressor lug kit\CRUpgrade to performance enhancement system\CRPerformance and safety,,Services,1634,Non Inventory
HB10E,Complete Electrical Wiring and Terminal Renovation\CRInstall new compressor lug kit\CRUpgrade to performance enhancement system\CRPerformance and safety,,Services,2011,Non Inventory
HB11A,Electrical Wiring and Terminal Rejuvenation \CRPerformance and safety testing\CR30 day warranty,,Services,739,Non Inventory
HB11B,Basic Electrical Wiring and Terminal Renovation\CRPerformance and safety testing \CR6 month warranty,,Services,1330,Non Inventory
HB11C,Main Electrical Wiring and Terminal Renovation\CRInstall new compressor lug kit\CRUpgrade to performance enhancement system\CRPerformance and safety test,,Services,2032,Non Inventory
HB11D,Complete Electrical Wiring and Terminal Renovation\CRInstall new compressor lug kit\CRUpgrade to performance enhancement system\CRPerformance and safety,,Services,2402,Non Inventory
HB11E,Complete Electrical Wiring and Terminal Renovation\CRInstall new compressor lug kit\CRUpgrade to performance enhancement system\CRPerformance and safety,,Services,2956,Non Inventory
HB12A,Electrical Wiring and Terminal Rejuvenation \CRPerformance and safety testing\CR30 day warranty,,Services,961,Non Inventory
HB12B,Basic Electrical Wiring and Terminal Renovation\CRPerformance and safety testing \CR6 month warranty,,Services,1730,Non Inventory
HB12C,Main Electrical Wiring and Terminal Renovation\CRInstall new compressor lug kit\CRUpgrade to performance enhancement system\CRPerformance and safety test,,Services,2642,Non Inventory
HB12D,Complete Electrical Wiring and Terminal Renovation\CRInstall new compressor lug kit\CRUpgrade to performance enhancement system\CRPerformance and safety,,Services,3123,Non Inventory
HB12E,Complete Electrical Wiring and Terminal Renovation\CRInstall new compressor lug kit\CRUpgrade to performance enhancement system\CRPerformance and safety,,Services,3844,Non Inventory
HB13A,Electrical Connection System Rejuvenation \CRPerformance and safety testing\CR30 day warranty,,Services,752,Non Inventory
HB13B,Basic Electrical Connection System Renovation \CRPerformance and safety testing\CR6 month warranty,,Services,1128,Non Inventory
HB13C,Main Electrical Connection System Renovation\CRVoltage distribution system renovation\CRRejuvenate electrical control system\CRPerformance and safety tes,,Services,1504,Non Inventory
HB13D,Complete Electrical Connection System Renovation\CRComplete voltage distribution system renovation\CRRejuvenate electrical control system\CRUpgrade to vo,,Services,1880,Non Inventory
HB13E,Complete Electrical Connection System Renovation\CRComplete voltage distribution system renovation\CRRejuvenate electrical control system\CRUpgrade to vo,,Services,2257,Non Inventory
HB14A,Electrical Connection System Rejuvenation \CRPerformance and safety testing\CR30 day warranty,,Services,1097,Non Inventory
HB14B,Basic Electrical Connection System Renovation \CRPerformance and safety testing\CR6 month warranty,,Services,1645,Non Inventory
HB14C,Main Electrical Connection System Renovation\CRVoltage distribution system renovation\CRRejuvenate electrical control system\CRPerformance and safety tes,,Services,2193,Non Inventory
HB14D,Complete Electrical Connection System Renovation\CRComplete voltage distribution system renovation\CRRejuvenate electrical control system\CRUpgrade to vo,,Services,2741,Non Inventory
HB14E,Complete Electrical Connection System Renovation\CRComplete voltage distribution system renovation\CRRejuvenate electrical control system\CRUpgrade to vo,,Services,3290,Non Inventory
HB15A,Electrical Safety Circuit Rejuvenation\CRPerformance and safety testing\CR30 day warranty,,Services,677,Non Inventory
HB15B,Basic Electrical Safety Circuit Renovation\CRElectrical safety service\CRPerformance and safety testing\CR6 month warranty,,Services,1016,Non Inventory
HB15C,Main Electrical Safety Circuit Renovation\CRComponent surge protection system\CRElectrical safety service\CRPerformance and safety testing\CR1 year warran,,Services,1354,Non Inventory
HB15D,Complete Electrical Safety Circuit Renovation\CRElectrical termination point safety service\CRComponent surge protection system\CRPerformance and safety,,Services,1693,Non Inventory
HB15E,Complete Electrical Safety Circuit Renovation\CRElectrical termination point safety service\CRComponent surge protection system\CRPerformance and safety,,Services,2032,Non Inventory
HB16A,Electrical Safety Circuit Rejuvenation\CRPerformance and safety testing\CR30 day warranty,,Services,878,Non Inventory
HB16B,Basic Electrical Safety Circuit Renovation\CRElectrical safety service\CRPerformance and safety testing\CR6 month warranty,,Services,1316,Non Inventory
HB16C,Main Electrical Safety Circuit Renovation\CRComponent surge protection system\CRElectrical safety service\CRPerformance and safety testing\CR1 year warran,,Services,1755,Non Inventory
HB16D,Complete Electrical Safety Circuit Renovation\CRElectrical termination point safety service\CRComponent surge protection system\CRPerformance and safety,,Services,2194,Non Inventory
HB16E,Complete Electrical Safety Circuit Renovation\CRElectrical termination point safety service\CRComponent surge protection system\CRPerformance and safety,,Services,2633,Non Inventory
HB17A,Electrical Safety Circuit Rejuvenation\CRPerformance and safety testing\CR30 day warranty,,Services,1172,Non Inventory
HB17B,Basic Electrical Safety Circuit Renovation\CRElectrical safety service\CRPerformance and safety testing\CR6 month warranty,,Services,1757,Non Inventory
HB17C,Main Electrical Safety Circuit Renovation\CRComponent surge protection system\CRElectrical safety service\CRPerformance and safety testing\CR1 year warran,,Services,2343,Non Inventory
HB17D,Complete Electrical Safety Circuit Renovation\CRElectrical termination point safety service\CRComponent surge protection system\CRPerformance and safety,,Services,2929,Non Inventory
HB17E,Complete Electrical Safety Circuit Renovation\CRElectrical termination point safety service\CRComponent surge protection system\CRPerformance and safety,,Services,3515,Non Inventory
HB18A,Control Wiring and Terminal Rejuvenation\CRPerformance and safety testing\CR30 day warranty,,Services,652,Non Inventory
HB18B,Basic Control Wiring and Terminal Renovation \CRPerformance and safety testing\CR6 month warranty,,Services,978,Non Inventory
HB18C,Main Control Wiring and Terminal Renovation\CRVoltage protection system\CRUpgrade to tube shielding for control wiring\CRPerformance and safety testing\CR,,Services,1305,Non Inventory
HB18D,Complete Control Wiring and Terminal Renovation\CRVoltage protection system\CRUpgrade to tube shielding for control wiring\CRRestore system to prime cond,,Services,1631,Non Inventory
HB18E,Complete Control Wiring and Terminal Renovation\CRVoltage protection system\CRUpgrade to tube shielding for control wiring\CRRestore system to prime cond,,Services,1957,Non Inventory
HB19A,Control Wiring and Terminal Rejuvenation\CRPerformance and safety testing\CR30 day warranty,,Services,780,Non Inventory
HB19B,Basic Control Wiring and Terminal Renovation \CRPerformance and safety testing\CR6 month warranty,,Services,1170,Non Inventory
HB19C,Main Control Wiring and Terminal Renovation\CRVoltage protection system\CRUpgrade to tube shielding for control wiring\CRPerformance and safety testing\CR,,Services,1560,Non Inventory
HB19D,Complete Control Wiring and Terminal Renovation\CRVoltage protection system\CRUpgrade to tube shielding for control wiring\CRRestore system to prime cond,,Services,1950,Non Inventory
HB19E,Complete Control Wiring and Terminal Renovation\CRVoltage protection system\CRUpgrade to tube shielding for control wiring\CRRestore system to prime cond,,Services,2340,Non Inventory
HB1A,,,Services,325,Non Inventory
HB1B,,,Services,475,Non Inventory
HB1C,,,Services,626,Non Inventory
HB1D,,,Services,775,Non Inventory
HB1E,,,Services,925,Non Inventory
HB20A,Control Wiring and Terminal Rejuvenation\CRPerformance and safety testing\CR30 day warranty,,Services,893,Non Inventory
HB20B,Basic Control Wiring and Terminal Renovation \CRPerformance and safety testing\CR6 month warranty,,Services,1339,Non Inventory
HB20C,Main Control Wiring and Terminal Renovation\CRVoltage protection system\CRUpgrade to tube shielding for control wiring\CRPerformance and safety testing\CR,,Services,1785,Non Inventory
HB20D,Complete Control Wiring and Terminal Renovation\CRVoltage protection system\CRUpgrade to tube shielding for control wiring\CRRestore system to prime cond,,Services,2232,Non Inventory
HB20E,Complete Control Wiring and Terminal Renovation\CRVoltage protection system\CRUpgrade to tube shielding for control wiring\CRRestore system to prime cond,,Services,2678,Non Inventory
HB21A,Power Protection System Rejuvenation \CRPerformance and safety testing\CR30 day warranty,,Services,828,Non Inventory
HB21B,Basic Power Protection System Renovation\CRRejuvenate electrical control system\CRPerformance and safety testing\CR6 month warranty,,Services,1242,Non Inventory
HB21C,Main Power Protection System Renovation\CRRejuvenate electrical control systems\CRElectrical terminal and safety service\CRVoltage protection system reno,,Services,1655,Non Inventory
HB21D,Complete Power Protection System Renovation\CRRejuvenate electrical control systems\CRElectrical terminal and safety service\CRPerformance enhancement sy,,Services,2069,Non Inventory
HB21E,Complete Power Protection System Renovation\CRRejuvenate electrical control systems\CRElectrical terminal and safety service\CRPerformance enhancement sy,,Services,2483,Non Inventory
HB2A,,,Services,400,Non Inventory
HB2B,,,Services,550,Non Inventory
HB2C,,,Services,700,Non Inventory
HB2D,Complete Electrical Connection System Renovation\CRComplete voltage distribution system renovation\CRRejuvenate electrical control system\CRUpgrade to vo,,Services,839,Non Inventory
HB2E,Complete voltage distribution system renovation\CRRejuvenate electrical control system\CRUpgrade to voltage protection system\CRRestore control wiring to,,Services,1007,Non Inventory
HB3A,,,Services,337,Non Inventory
HB3B,,,Services,457,Non Inventory
HB3C,,,Services,667,Non Inventory
HB3D,Complete Electrical Safety Circuit Renovation\CRElectrical termination point safety service\CRComponent surge protection system\CRPerformance and safety,,Services,676,Non Inventory
HB3E,Complete Electrical Safety Circuit Renovation\CRElectrical termination point safety service\CRComponent surge protection system\CRPerformance and safety,,Services,812,Non Inventory
HB4A,Electrical Safety Circuit Rejuvenation\CRPerformance and safety testing\CR30 day warranty,,Services,462,Non Inventory
HB4B,Basic Electrical Safety Circuit Renovation\CRElectrical safety service\CRPerformance and safety testing\CR6 month warranty,,Services,692,Non Inventory
HB4C,,,Services,749,Non Inventory
HB4D,Complete Electrical Safety Circuit Renovation\CRElectrical termination point safety service\CRComponent surge protection system\CRPerformance and safety,,Services,1154,Non Inventory
HB4E,Complete Electrical Safety Circuit Renovation\CRElectrical termination point safety service\CRComponent surge protection system\CRPerformance and safety,,Services,1385,Non Inventory
HB5A,,,Services,325,Non Inventory
HB5B,,,Services,475,Non Inventory
HB5C,,,Services,626,Non Inventory
HB5D,Complete Control Wiring and Terminal Renovation\CRVoltage protection system\CRUpgrade to tube shielding for control wiring\CRRestore system to prime cond,,Services,811,Non Inventory
HB5E,Complete Control Wiring and Terminal Renovation\CRVoltage protection system\CRUpgrade to tube shielding for control wiring\CRRestore system to prime cond,,Services,973,Non Inventory
HB6A,Control Wiring and Terminal Rejuvenation\CRPerformance and safety testing\CR30 day warranty,,Services,510,Non Inventory
HB6B,Basic Control Wiring and Terminal Renovation \CRPerformance and safety testing\CR6 month warranty,,Services,765,Non Inventory
HB6C,Main Control Wiring and Terminal Renovation\CRVoltage protection system\CRUpgrade to tube shielding for control wiring\CRPerformance and safety testing\CR,,Services,1019,Non Inventory
HB6D,Complete Control Wiring and Terminal Renovation\CRVoltage protection system\CRUpgrade to tube shielding for control wiring\CRRestore system to prime cond,,Services,1274,Non Inventory
HB6E,Complete Control Wiring and Terminal Renovation\CRVoltage protection system\CRUpgrade to tube shielding for control wiring\CRRestore system to prime cond,,Services,1529,Non Inventory
HB7A,Power Protection System Rejuvenation \CRPerformance and safety testing\CR30 day warranty,,Services,312,Non Inventory
HB7B,,,Services,509,Non Inventory
HB7C,Main Power Protection System Renovation\CRRejuvenate electrical control systems\CRElectrical terminal and safety service\CRVoltage protection system reno,,Services,623,Non Inventory
HB7D,Complete Power Protection System Renovation\CRRejuvenate electrical control systems\CRElectrical terminal and safety service\CRPerformance enhancement sy,,Services,779,Non Inventory
HB7E,Complete Power Protection System Renovation\CRRejuvenate electrical control systems\CRElectrical terminal and safety service\CRPerformance enhancement sy,,Services,935,Non Inventory
HB8A,Power Protection System Rejuvenation \CRPerformance and safety testing\CR30 day warranty,,Services,583,Non Inventory
HB8B,Basic Power Protection System Renovation\CRRejuvenate electrical control system\CRPerformance and safety testing\CR6 month warranty,,Services,874,Non Inventory
HB8C,Main Power Protection System Renovation\CRRejuvenate electrical control systems\CRElectrical terminal and safety service\CRVoltage protection system reno,,Services,1166,Non Inventory
HB8D,Complete Power Protection System Renovation\CRRejuvenate electrical control systems\CRElectrical terminal and safety service\CRPerformance enhancement sy,,Services,1457,Non Inventory
HB8E,Complete Power Protection System Renovation\CRRejuvenate electrical control systems\CRElectrical terminal and safety service\CRPerformance enhancement sy,,Services,1749,Non Inventory
HB9A,Electrical Wiring and Terminal Rejuvenation \CRPerformance and safety testing\CR30 day warranty,,Services,363,Non Inventory
HB9B,Basic Electrical Wiring and Terminal Renovation\CRPerformance and safety testing \CR6 month warranty,,Services,654,Non Inventory
HB9C,Main Electrical Wiring and Terminal Renovation\CRInstall new compressor lug kit\CRUpgrade to performance enhancement system\CRPerformance and safety test,,Services,998,Non Inventory
HB9D,Complete Electrical Wiring and Terminal Renovation\CRInstall new compressor lug kit\CRUpgrade to performance enhancement system\CRPerformance and safety,,Services,1180,Non Inventory
HB9E,Complete Electrical Wiring and Terminal Renovation\CRInstall new compressor lug kit\CRUpgrade to performance enhancement system\CRPerformance and safety,,Services,1452,Non Inventory
HC10A,Exhaust Removal System Rejuvenation\CRPerformance and safety testing\CR30 day warranty,,Services,387,Non Inventory
HC10B,Basic Exhaust Removal System Renovation\CRVoltage Enhancement System Rejuvenation\CRPerformance and safety testing\CR6 month warranty,,Services,696,Non Inventory
HC10C,Main Exhaust Removal System Renovation\CRExhaust blade renovation\CRVoltage Enhancement System Rejuvenation\CRPerformance and safety testing\CR1 year warr,,Services,1063,Non Inventory
HC10D,,,Services,2084,Non Inventory
HC10E,Complete Exhaust Removal System Renovation \CRVoltage Enhancement System Rejuvenation\CREfficiency upgrades\CRExhaust blade renovation\CRRebuild custom mo,,Services,1547,Non Inventory
HC11A,Exhaust Removal System Rejuvenation\CRPerformance and safety testing\CR30 day warranty,,Services,524,Non Inventory
HC11B,Basic Exhaust Removal System Renovation\CRVoltage Enhancement System Rejuvenation\CRPerformance and safety testing\CR6 month warranty,,Services,942,Non Inventory
HC11C,Main Exhaust Removal System Renovation\CRExhaust blade renovation\CRVoltage Enhancement System Rejuvenation\CRPerformance and safety testing\CR1 year warr,,Services,1440,Non Inventory
HC11D,,,Services,2750,Non Inventory
HC11E,Complete Exhaust Removal System Renovation \CRVoltage Enhancement System Rejuvenation\CREfficiency upgrades\CRExhaust blade renovation\CRRebuild custom mo,,Services,2094,Non Inventory
HC12A,Air Movement System Rejuvenation \CRPerformance and safety testing\CR30 day warranty,,Services,1334,Non Inventory
HC12B,Basic Air Movement System Renovation\CRWith electrical safety service\CRPerformance and safety testing\CR6 month warranty,,Services,1668,Non Inventory
HC12C,Main Air Movement System Renovation\CRMain control circuit renovation\CRPerformance and safety testing\CR1 year warranty,,Services,1868,Non Inventory
HC12D,,,Services,3417,Non Inventory
HC12E,Complete Specialty Air Movement System Renovation\CRMain control circuit renovation\CRElectrical safety service\CRRestore system to prime condition\CRPerf,,Services,2668,Non Inventory
HC13A,Air Movement System Rejuvenation \CRPerformance and safety testing\CR30 day warranty,,Services,1814,Non Inventory
HC13B,Basic Air Movement System Renovation\CRWith electrical safety service\CRPerformance and safety testing\CR6 month warranty,,Services,2268,Non Inventory
HC13C,Main Air Movement System Renovation\CRMain control circuit renovation\CRPerformance and safety testing\CR1 year warranty,,Services,2540,Non Inventory
HC13D,,,Services,4417,Non Inventory
HC13E,Complete Specialty Air Movement System Renovation\CRMain control circuit renovation\CRElectrical safety service\CRRestore system to prime condition\CRPerf,,Services,3628,Non Inventory
HC14A,Air Movement System Rejuvenation \CRPerformance and safety testing\CR30 day warranty,,Services,2219,Non Inventory
HC14B,Basic Air Movement System Renovation\CRWith electrical safety service\CRPerformance and safety testing\CR6 month warranty,,Services,2774,Non Inventory
HC14C,,,Services,767,Non Inventory
HC14D,Complete Specialty Air Movement System Renovation\CRMain control circuit renovation\CRElectrical safety service\CRRestore system to prime condition\CRPerf,,Services,3550,Non Inventory
HC14E,Complete Specialty Air Movement System Renovation\CRMain control circuit renovation\CRElectrical safety service\CRRestore system to prime condition\CRPerf,,Services,4438,Non Inventory
HC15A,Air Circulation System Rejuvenation \CRNo bearing system included\CRPerformance and safety testing\CR30 day warranty,,Services,613,Non Inventory
HC15B,Basic Air Circulation System Renovation\CRIncluding low maintenance easy spin bearing system\CRPerformance and safety testing\CR6 month warranty,,Services,919,Non Inventory
HC15C,Main Air Circulation System Renovation\CRDrive belt and bearing system renovation\CRVoltage Enhancement System Rejuvenation\CRPerformance and safety test,,Services,1226,Non Inventory
HC15D,Complete Air Circulation System Renovation\CRDrive belt and bearing system renovation \CRVoltage Enhancement System Rejuvenation\CRInstall low maintenanc,,Services,1532,Non Inventory
HC15E,Complete Air Circulation System Renovation\CRDrive belt and bearing system renovation \CRVoltage Enhancement System Rejuvenation\CRInstall low maintenanc,,Services,1838,Non Inventory
HC16A,,,Services,217,Non Inventory
HC16B,,,Services,517,Non Inventory
HC16C,Main Air Circulation System Renovation\CRDrive belt and bearing system renovation\CRVoltage Enhancement System Rejuvenation\CRPerformance and safety test,,Services,1971,Non Inventory
HC16D,Complete Air Circulation System Renovation\CRDrive belt and bearing system renovation \CRVoltage Enhancement System Rejuvenation\CRInstall low maintenanc,,Services,2464,Non Inventory
HC16E,Complete Air Circulation System Renovation\CRDrive belt and bearing system renovation \CRVoltage Enhancement System Rejuvenation\CRInstall low maintenanc,,Services,2957,Non Inventory
HC17A,Air Circulation System Rejuvenation \CRNo mounting system included\CRPerformance and safety testing\CR30 day warranty,,Services,577,Non Inventory
HC17B,Basic Air Circulation System Renovation\CRIncluding custom mounting system\CRPerformance and safety testing\CR6 month warranty,,Services,866,Non Inventory
HC17C,Main Air Circulation System Renovation\CRVoltage Enhancement System Rejuvenation\CRPerformance and safety testing\CR1 year warranty,,Services,1155,Non Inventory
HC17D,Complete Air Circulation System Renovation\CRVoltage Enhancement System Rejuvenation\CRRebuild custom mounting systems\CRRestore system to prime conditio,,Services,1443,Non Inventory
HC17E,Complete Air Circulation System Renovation\CRVoltage Enhancement System Rejuvenation\CRRebuild custom mounting systems\CRRestore system to prime conditio,,Services,1732,Non Inventory
HC18A,Air Circulation System Rejuvenation \CRNo mounting system included\CRPerformance and safety testing\CR30 day warranty,,Services,943,Non Inventory
HC18B,Basic Air Circulation System Renovation\CRIncluding custom mounting system\CRPerformance and safety testing\CR6 month warranty,,Services,1414,Non Inventory
HC18C,Main Air Circulation System Renovation\CRVoltage Enhancement System Rejuvenation\CRPerformance and safety testing\CR1 year warranty,,Services,1885,Non Inventory
HC18D,Complete Air Circulation System Renovation\CRVoltage Enhancement System Rejuvenation\CRRebuild custom mounting systems\CRRestore system to prime conditio,,Services,2357,Non Inventory
HC18E,Complete Air Circulation System Renovation\CRVoltage Enhancement System Rejuvenation\CRRebuild custom mounting systems\CRRestore system to prime conditio,,Services,2828,Non Inventory
HC19A,High Density Pulling System Rejuvenation \CRBasic system alignment \CRPerformance and safety testing\CR30 day warranty,,Services,275,Non Inventory
HC19B,Basic High Density Pulling System Renovation\CRFull system alignment and calibration service\CRSupport system inspection\CRPerformance and safety testing,,Services,412,Non Inventory
HC19C,Main High Density Pulling System Renovation\CRFull system alignment and calibration service\CRAir movement lubrication service\CRSupport system inspectio,,Services,549,Non Inventory
HC19D,Complete High Density Pulling System Renovation\CRFull system alignment and calibration service\CRAir movement lubrication service\CRVoltage Enhancement,,Services,687,Non Inventory
HC19E,Complete High Density Pulling System Renovation\CRFull system alignment and calibration service\CRAir movement lubrication service\CRVoltage Enhancement,,Services,824,Non Inventory
HC1A,Air Movement System Rejuvenation \CRNo mounting system needed \CRPerformance and safety testing\CR30 day warranty,,Services,793,Non Inventory
HC1B,Basic Air Movement System Renovation\CRCalibrate mounting system\CRPerformance and safety testing\CR6 month warranty,,Services,1189,Non Inventory
HC1C,Main Air Movement System Renovation\CRVoltage Enhancement System Rejuvenation\CRPerformance and safety testing\CR1 year warranty,,Services,1585,Non Inventory
HC1D,Complete Air Movement System Renovation\CRVoltage Enhancement System Rejuvenation\CRRebuild custom mounting systems\CRRestore system to prime condition\CR,,Services,1982,Non Inventory
HC1E,Complete Air Movement System Renovation\CRVoltage Enhancement System Rejuvenation\CRRebuild custom mounting systems\CRRestore system to prime condition\CR,,Services,2378,Non Inventory
HC20A,High Density Pulling System Rejuvenation \CRBasic system alignment \CRPerformance and safety testing\CR30 day warranty,,Services,403,Non Inventory
HC20B,Basic High Density Pulling System Renovation\CRFull system alignment and calibration service\CRSupport system inspection\CRPerformance and safety testing,,Services,605,Non Inventory
HC20C,Main High Density Pulling System Renovation\CRFull system alignment and calibration service\CRAir movement lubrication service\CRSupport system inspectio,,Services,807,Non Inventory
HC20D,Complete High Density Pulling System Renovation\CRFull system alignment and calibration service\CRAir movement lubrication service\CRVoltage Enhancement,,Services,1009,Non Inventory
HC20E,Complete High Density Pulling System Renovation\CRFull system alignment and calibration service\CRAir movement lubrication service\CRVoltage Enhancement,,Services,1210,Non Inventory
HC21A,Air Movement System Rejuvenation \CRNo mounting system needed \CRPerformance and safety testing\CR30 day warranty,,Services,2524,Non Inventory
HC21B,Basic Air Movement System Renovation\CRCalibrate mounting system\CRPerformance and safety testing\CR6 month warranty,,Services,3786,Non Inventory
HC21C,Main Air Movement System Renovation\CRVoltage Enhancement System Rejuvenation\CRPerformance and safety testing\CR1 year warranty,,Services,5048,Non Inventory
HC21D,Complete Air Movement System Renovation\CRVoltage Enhancement System Rejuvenation\CRRebuild custom mounting systems\CRRestore system to prime condition\CR,,Services,6310,Non Inventory
HC21E,Complete Air Movement System Renovation\CRVoltage Enhancement System Rejuvenation\CRRebuild custom mounting systems\CRRestore system to prime condition\CR,,Services,7572,Non Inventory
HC22A,Air Movement System Rejuvenation \CRNo mounting system needed \CRPerformance and safety testing\CR30 day warranty,,Services,3191,Non Inventory
HC22B,Basic Air Movement System Renovation\CRCalibrate mounting system\CRPerformance and safety testing\CR6 month warranty,,Services,4787,Non Inventory
HC22C,Main Air Movement System Renovation\CRVoltage Enhancement System Rejuvenation\CRPerformance and safety testing\CR1 year warranty,,Services,6382,Non Inventory
HC22D,Complete Air Movement System Renovation\CRVoltage Enhancement System Rejuvenation\CRRebuild custom mounting systems\CRRestore system to prime condition\CR,,Services,7978,Non Inventory
HC22E,Complete Air Movement System Renovation\CRVoltage Enhancement System Rejuvenation\CRRebuild custom mounting systems\CRRestore system to prime condition\CR,,Services,9573,Non Inventory
HC23A,Air Movement System Rejuvenation \CRNo mounting system included\CRPerformance and safety testing\CR30 day warranty,,Services,1588,Non Inventory
HC23B,Basic Air Movement System Renovation\CRWith custom mounting system\CRPerformance and safety testing\CR6 month warranty,,Services,2383,Non Inventory
HC23C,Main Air Movement System Renovation\CRVoltage Enhancement System Rejuvenation\CRPerformance and safety testing\CR1 year warranty,,Services,3177,Non Inventory
HC23D,Complete Air Movement System Renovation\CRVoltage Enhancement System Rejuvenation\CRRebuild custom mounting systems\CRRestore system to prime condition\CR,,Services,3971,Non Inventory
HC23E,Complete Air Movement System Renovation\CRVoltage Enhancement System Rejuvenation\CRRebuild custom mounting systems\CRRestore system to prime condition\CR,,Services,4765,Non Inventory
HC24A,Air Movement System Rejuvenation \CRNo mounting system included\CRPerformance and safety testing\CR30 day warranty,,Services,1927,Non Inventory
HC24B,Basic Air Movement System Renovation\CRWith custom mounting system\CRPerformance and safety testing\CR6 month warranty,,Services,2890,Non Inventory
HC24C,Main Air Movement System Renovation\CRVoltage Enhancement System Rejuvenation\CRPerformance and safety testing\CR1 year warranty,,Services,3853,Non Inventory
HC24D,Complete Air Movement System Renovation\CRVoltage Enhancement System Rejuvenation\CRRebuild custom mounting systems\CRRestore system to prime condition\CR,,Services,4817,Non Inventory
HC24E,Complete Air Movement System Renovation\CRVoltage Enhancement System Rejuvenation\CRRebuild custom mounting systems\CRRestore system to prime condition\CR,,Services,5780,Non Inventory
HC25A,Exhaust Removal System Rejuvenation \CRPerformance and safety testing\CR30 day warranty,,Services,1369,Non Inventory
HC25B,Basic Exhaust Removal System Renovation\CRVoltage Enhancement System Rejuvenation\CRPerformance and safety testing\CR6 month warranty,,Services,2054,Non Inventory
HC25C,Main Exhaust Removal System Renovation\CRBlade upgrade\CRVoltage Enhancement System Rejuvenation\CRPerformance and safety testing\CR1 year warranty,,Services,2738,Non Inventory
HC25D,Complete Exhaust Removal System Renovation \CRVoltage Enhancement System Rejuvenation\CREfficiency upgrades\CRBlade upgrade\CRRebuild custom mounting syst,,Services,3423,Non Inventory
HC25E,Complete Exhaust Removal System Renovation \CRVoltage Enhancement System Rejuvenation\CREfficiency upgrades\CRBlade upgrade\CRRebuild custom mounting syst,,Services,4107,Non Inventory
HC26A,Exhaust Removal System Rejuvenation \CRPerformance and safety testing\CR30 day warranty,,Services,1648,Non Inventory
HC26B,Basic Exhaust Removal System Renovation\CRVoltage Enhancement System Rejuvenation\CRPerformance and safety testing\CR6 month warranty,,Services,2472,Non Inventory
HC26C,Main Exhaust Removal System Renovation\CRBlade upgrade\CRVoltage Enhancement System Rejuvenation\CRPerformance and safety testing\CR1 year warranty,,Services,3296,Non Inventory
HC26D,Complete Exhaust Removal System Renovation \CRVoltage Enhancement System Rejuvenation\CREfficiency upgrades\CRBlade upgrade\CRRebuild custom mounting syst,,Services,4120,Non Inventory
HC26E,Complete Exhaust Removal System Renovation \CRVoltage Enhancement System Rejuvenation\CREfficiency upgrades\CRBlade upgrade\CRRebuild custom mounting syst,,Services,4944,Non Inventory
HC27A,Exhaust Removal System Rejuvenation\CRPerformance and safety testing\CR30 day warranty,,Services,652,Non Inventory
HC27B,Basic Exhaust Removal System Renovation\CRVoltage Enhancement System Rejuvenation\CRPerformance and safety testing\CR6 month warranty,,Services,1173,Non Inventory
HC27C,Main Exhaust Removal System Renovation\CRExhaust blade renovation\CRVoltage Enhancement System Rejuvenation\CRPerformance and safety testing\CR1 year warr,,Services,1792,Non Inventory
HC27D,Complete Exhaust Removal System Renovation \CRVoltage Enhancement System Rejuvenation\CREfficiency upgrades\CRExhaust blade renovation\CRRebuild custom mo,,Services,2118,Non Inventory
HC27E,Complete Exhaust Removal System Renovation \CRVoltage Enhancement System Rejuvenation\CREfficiency upgrades\CRExhaust blade renovation\CRRebuild custom mo,,Services,2607,Non Inventory
HC28A,Exhaust Removal System Rejuvenation\CRPerformance and safety testing\CR30 day warranty,,Services,798,Non Inventory
HC28B,Basic Exhaust Removal System Renovation\CRVoltage Enhancement System Rejuvenation\CRPerformance and safety testing\CR6 month warranty,,Services,1437,Non Inventory
HC28C,Main Exhaust Removal System Renovation\CRExhaust blade renovation\CRVoltage Enhancement System Rejuvenation\CRPerformance and safety testing\CR1 year warr,,Services,2195,Non Inventory
HC28D,Complete Exhaust Removal System Renovation \CRVoltage Enhancement System Rejuvenation\CREfficiency upgrades\CRExhaust blade renovation\CRRebuild custom mo,,Services,2594,Non Inventory
HC28E,Complete Exhaust Removal System Renovation \CRVoltage Enhancement System Rejuvenation\CREfficiency upgrades\CRExhaust blade renovation\CRRebuild custom mo,,Services,3193,Non Inventory
HC29A,Exhaust Removal System Rejuvenation\CRPerformance and safety testing\CR30 day warranty,,Services,900,Non Inventory
HC29B,Basic Exhaust Removal System Renovation\CRVoltage Enhancement System Rejuvenation\CRPerformance and safety testing\CR6 month warranty,,Services,1619,Non Inventory
HC29C,Main Exhaust Removal System Renovation\CRExhaust blade renovation\CRVoltage Enhancement System Rejuvenation\CRPerformance and safety testing\CR1 year warr,,Services,2474,Non Inventory
HC29D,Complete Exhaust Removal System Renovation \CRVoltage Enhancement System Rejuvenation\CREfficiency upgrades\CRExhaust blade renovation\CRRebuild custom mo,,Services,2924,Non Inventory
HC29E,Complete Exhaust Removal System Renovation \CRVoltage Enhancement System Rejuvenation\CREfficiency upgrades\CRExhaust blade renovation\CRRebuild custom mo,,Services,3598,Non Inventory
HC2A,Air Movement System Rejuvenation \CRNo mounting system needed \CRPerformance and safety testing\CR30 day warranty,,Services,1165,Non Inventory
HC2B,Basic Air Movement System Renovation\CRCalibrate mounting system\CRPerformance and safety testing\CR6 month warranty,,Services,1748,Non Inventory
HC2C,Main Air Movement System Renovation\CRVoltage Enhancement System Rejuvenation\CRPerformance and safety testing\CR1 year warranty,,Services,2330,Non Inventory
HC2D,Complete Air Movement System Renovation\CRVoltage Enhancement System Rejuvenation\CRRebuild custom mounting systems\CRRestore system to prime condition\CR,,Services,2913,Non Inventory
HC2E,Complete Air Movement System Renovation\CRVoltage Enhancement System Rejuvenation\CRRebuild custom mounting systems\CRRestore system to prime condition\CR,,Services,3495,Non Inventory
HC30A,Air Movement System Rejuvenation \CRPerformance and safety testing\CR30 day warranty,,Services,2954,Non Inventory
HC30B,Basic Air Movement System Renovation\CRWith electrical safety service\CRPerformance and safety testing\CR6 month warranty,,Services,3693,Non Inventory
HC30C,Main Air Movement System Renovation\CRMain control circuit renovation\CRPerformance and safety testing\CR1 year warranty,,Services,4136,Non Inventory
HC30D,Complete Specialty Air Movement System Renovation\CRMain control circuit renovation\CRElectrical safety service\CRRestore system to prime condition\CRPerf,,Services,4726,Non Inventory
HC30E,Complete Specialty Air Movement System Renovation\CRMain control circuit renovation\CRElectrical safety service\CRRestore system to prime condition\CRPerf,,Services,5908,Non Inventory
HC31A,Air Movement System Rejuvenation \CRPerformance and safety testing\CR30 day warranty,,Services,3764,Non Inventory
HC31B,Basic Air Movement System Renovation\CRWith electrical safety service\CRPerformance and safety testing\CR6 month warranty,,Services,4705,Non Inventory
HC31C,Main Air Movement System Renovation\CRMain control circuit renovation\CRPerformance and safety testing\CR1 year warranty,,Services,5270,Non Inventory
HC31D,Complete Specialty Air Movement System Renovation\CRMain control circuit renovation\CRElectrical safety service\CRRestore system to prime condition\CRPerf,,Services,6022,Non Inventory
HC31E,Complete Specialty Air Movement System Renovation\CRMain control circuit renovation\CRElectrical safety service\CRRestore system to prime condition\CRPerf,,Services,7528,Non Inventory
HC32A,Air Circulation System Rejuvenation \CRNo bearing system included\CRPerformance and safety testing\CR30 day warranty,,Services,1225,Non Inventory
HC32B,Basic Air Circulation System Renovation\CRIncluding low maintenance easy spin bearing system\CRPerformance and safety testing\CR6 month warranty,,Services,1838,Non Inventory
HC32C,Main Air Circulation System Renovation\CRDrive belt and bearing system renovation\CRVoltage Enhancement System Rejuvenation\CRPerformance and safety test,,Services,2450,Non Inventory
HC32D,Complete Air Circulation System Renovation\CRDrive belt and bearing system renovation \CRVoltage Enhancement System Rejuvenation\CRInstall low maintenanc,,Services,3063,Non Inventory
HC32E,Complete Air Circulation System Renovation\CRDrive belt and bearing system renovation \CRVoltage Enhancement System Rejuvenation\CRInstall low maintenanc,,Services,3676,Non Inventory
HC33A,Air Circulation System Rejuvenation \CRNo bearing system included\CRPerformance and safety testing\CR30 day warranty,,Services,1483,Non Inventory
HC33B,Basic Air Circulation System Renovation\CRIncluding low maintenance easy spin bearing system\CRPerformance and safety testing\CR6 month warranty,,Services,2225,Non Inventory
HC33C,Main Air Circulation System Renovation\CRDrive belt and bearing system renovation\CRVoltage Enhancement System Rejuvenation\CRPerformance and safety test,,Services,2967,Non Inventory
HC33D,Complete Air Circulation System Renovation\CRDrive belt and bearing system renovation \CRVoltage Enhancement System Rejuvenation\CRInstall low maintenanc,,Services,3709,Non Inventory
HC33E,Complete Air Circulation System Renovation\CRDrive belt and bearing system renovation \CRVoltage Enhancement System Rejuvenation\CRInstall low maintenanc,,Services,4450,Non Inventory
HC34A,Air Circulation System Rejuvenation \CRNo bearing system included\CRPerformance and safety testing\CR30 day warranty,,Services,1742,Non Inventory
HC34B,Basic Air Circulation System Renovation\CRIncluding low maintenance easy spin bearing system\CRPerformance and safety testing\CR6 month warranty,,Services,2613,Non Inventory
HC34C,Main Air Circulation System Renovation\CRDrive belt and bearing system renovation\CRVoltage Enhancement System Rejuvenation\CRPerformance and safety test,,Services,3483,Non Inventory
HC34D,Complete Air Circulation System Renovation\CRDrive belt and bearing system renovation \CRVoltage Enhancement System Rejuvenation\CRInstall low maintenanc,,Services,4354,Non Inventory
HC34E,Complete Air Circulation System Renovation\CRDrive belt and bearing system renovation \CRVoltage Enhancement System Rejuvenation\CRInstall low maintenanc,,Services,5225,Non Inventory
HC35A,Air Circulation System Rejuvenation \CRNo mounting system included\CRPerformance and safety testing\CR30 day warranty,,Services,1151,Non Inventory
HC35B,Basic Air Circulation System Renovation\CRIncluding custom mounting system\CRPerformance and safety testing\CR6 month warranty,,Services,1726,Non Inventory
HC35C,Main Air Circulation System Renovation\CRVoltage Enhancement System Rejuvenation\CRPerformance and safety testing\CR1 year warranty,,Services,2302,Non Inventory
HC35D,Complete Air Circulation System Renovation\CRVoltage Enhancement System Rejuvenation\CRRebuild custom mounting systems\CRRestore system to prime conditio,,Services,2877,Non Inventory
HC35E,Complete Air Circulation System Renovation\CRVoltage Enhancement System Rejuvenation\CRRebuild custom mounting systems\CRRestore system to prime conditio,,Services,3452,Non Inventory
HC36A,Air Circulation System Rejuvenation \CRNo mounting system included\CRPerformance and safety testing\CR30 day warranty,,Services,1394,Non Inventory
HC36B,Basic Air Circulation System Renovation\CRIncluding custom mounting system\CRPerformance and safety testing\CR6 month warranty,,Services,2091,Non Inventory
HC36C,Main Air Circulation System Renovation\CRVoltage Enhancement System Rejuvenation\CRPerformance and safety testing\CR1 year warranty,,Services,2789,Non Inventory
HC36D,Complete Air Circulation System Renovation\CRVoltage Enhancement System Rejuvenation\CRRebuild custom mounting systems\CRRestore system to prime conditio,,Services,3486,Non Inventory
HC36E,Complete Air Circulation System Renovation\CRVoltage Enhancement System Rejuvenation\CRRebuild custom mounting systems\CRRestore system to prime conditio,,Services,4183,Non Inventory
HC37A,Air Circulation System Rejuvenation \CRNo mounting system included\CRPerformance and safety testing\CR30 day warranty,,Services,1608,Non Inventory
HC37B,Basic Air Circulation System Renovation\CRIncluding custom mounting system\CRPerformance and safety testing\CR6 month warranty,,Services,2411,Non Inventory
HC37C,Main Air Circulation System Renovation\CRVoltage Enhancement System Rejuvenation\CRPerformance and safety testing\CR1 year warranty,,Services,3215,Non Inventory
HC37D,Complete Air Circulation System Renovation\CRVoltage Enhancement System Rejuvenation\CRRebuild custom mounting systems\CRRestore system to prime conditio,,Services,4019,Non Inventory
HC37E,Complete Air Circulation System Renovation\CRVoltage Enhancement System Rejuvenation\CRRebuild custom mounting systems\CRRestore system to prime conditio,,Services,4823,Non Inventory
HC38A,High Density Pulling System Rejuvenation \CRBasic system alignment \CRPerformance and safety testing\CR30 day warranty,,Services,529,Non Inventory
HC38B,Basic High Density Pulling System Renovation\CRFull system alignment and calibration service\CRSupport system inspection\CRPerformance and safety testing,,Services,793,Non Inventory
HC38C,Main High Density Pulling System Renovation\CRFull system alignment and calibration service\CRAir movement lubrication service\CRSupport system inspectio,,Services,1058,Non Inventory
HC38D,Complete High Density Pulling System Renovation\CRFull system alignment and calibration service\CRAir movement lubrication service\CRVoltage Enhancement,,Services,1322,Non Inventory
HC38E,Complete High Density Pulling System Renovation\CRFull system alignment and calibration service\CRAir movement lubrication service\CRVoltage Enhancement,,Services,1587,Non Inventory
HC39A,Integrated Airflow Control System Renovation\CRPerformance and safety testing\CR30 day warranty,,Services,923,Non Inventory
HC39B,Basic Integrated Airflow Control System Renovation\CRInline air movement protection system renovation\CRPerformance and safety testing\CR6 month warranty,,Services,1384,Non Inventory
HC39C,Main Integrated Airflow Control System Renovation\CRInline air movement protection system renovation\CRAir movement lubrication and adjustment service\CR,,Services,1845,Non Inventory
HC39D,Complete Integrated Airflow Control System Renovation\CRInline air movement protection system renovation\CRAir movement lubrication and adjustment servi,,Services,2307,Non Inventory
HC39E,Complete Integrated Airflow Control System Renovation\CRInline air movement protection system renovation\CRAir movement lubrication and adjustment servi,,Services,2768,Non Inventory
HC3A,Air Movement System Rejuvenation \CRNo mounting system needed \CRPerformance and safety testing\CR30 day warranty,,Services,1857,Non Inventory
HC3B,Basic Air Movement System Renovation\CRCalibrate mounting system\CRPerformance and safety testing\CR6 month warranty,,Services,2786,Non Inventory
HC3C,Main Air Movement System Renovation\CRVoltage Enhancement System Rejuvenation\CRPerformance and safety testing\CR1 year warranty,,Services,3714,Non Inventory
HC3D,Complete Air Movement System Renovation\CRVoltage Enhancement System Rejuvenation\CRRebuild custom mounting systems\CRRestore system to prime condition\CR,,Services,4643,Non Inventory
HC3E,Complete Air Movement System Renovation\CRVoltage Enhancement System Rejuvenation\CRRebuild custom mounting systems\CRRestore system to prime condition\CR,,Services,5571,Non Inventory
HC40A,Integrated Airflow Control System Renovation\CRPerformance and safety testing\CR30 day warranty,,Services,1176,Non Inventory
HC40B,Basic Integrated Airflow Control System Renovation\CRInline air movement protection system renovation\CRPerformance and safety testing\CR6 month warranty,,Services,1764,Non Inventory
HC40C,Main Integrated Airflow Control System Renovation\CRInline air movement protection system renovation\CRAir movement lubrication and adjustment service\CR,,Services,2352,Non Inventory
HC40D,Complete Integrated Airflow Control System Renovation\CRInline air movement protection system renovation\CRAir movement lubrication and adjustment servi,,Services,2940,Non Inventory
HC40E,Complete Integrated Airflow Control System Renovation\CRInline air movement protection system renovation\CRAir movement lubrication and adjustment servi,,Services,3528,Non Inventory
HC41A,Integrated Airflow Control System Renovation\CRPerformance and safety testing\CR30 day warranty,,Services,1354,Non Inventory
HC41B,Basic Integrated Airflow Control System Renovation\CRInline air movement protection system renovation\CRPerformance and safety testing\CR6 month warranty,,Services,2032,Non Inventory
HC41C,Main Integrated Airflow Control System Renovation\CRInline air movement protection system renovation\CRAir movement lubrication and adjustment service\CR,,Services,2709,Non Inventory
HC41D,Complete Integrated Airflow Control System Renovation\CRInline air movement protection system renovation\CRAir movement lubrication and adjustment servi,,Services,3386,Non Inventory
HC41E,Complete Integrated Airflow Control System Renovation\CRInline air movement protection system renovation\CRAir movement lubrication and adjustment servi,,Services,4063,Non Inventory
HC42A,Integrated Airflow Control System Renovation\CRPerformance and safety testing\CR30 day warranty,,Services,1533,Non Inventory
HC42B,Basic Integrated Airflow Control System Renovation\CRInline air movement protection system renovation\CRPerformance and safety testing\CR6 month warranty,,Services,2299,Non Inventory
HC42C,Main Integrated Airflow Control System Renovation\CRInline air movement protection system renovation\CRAir movement lubrication and adjustment service\CR,,Services,3066,Non Inventory
HC42D,Complete Integrated Airflow Control System Renovation\CRInline air movement protection system renovation\CRAir movement lubrication and adjustment servi,,Services,3832,Non Inventory
HC42E,Complete Integrated Airflow Control System Renovation\CRInline air movement protection system renovation\CRAir movement lubrication and adjustment servi,,Services,4599,Non Inventory
HC43A,Integrated Airflow Control System Renovation\CRPerformance and safety testing\CR30 day warranty,,Services,1786,Non Inventory
HC43B,Basic Integrated Airflow Control System Renovation\CRInline air movement protection system renovation\CRPerformance and safety testing\CR6 month warranty,,Services,2679,Non Inventory
HC43C,Main Integrated Airflow Control System Renovation\CRInline air movement protection system renovation\CRAir movement lubrication and adjustment service\CR,,Services,3573,Non Inventory
HC43D,Complete Integrated Airflow Control System Renovation\CRInline air movement protection system renovation\CRAir movement lubrication and adjustment servi,,Services,4466,Non Inventory
HC43E,Complete Integrated Airflow Control System Renovation\CRInline air movement protection system renovation\CRAir movement lubrication and adjustment servi,,Services,5359,Non Inventory
HC44A,Inline Air Movement Protection System Renovation\CRPerformance and safety testing\CR30 day warranty,,Services,394,Non Inventory
HC44B,Basic Inline Air Movement Protection System Renovation\CRPower protection system renovation\CRPerformance and safety testing\CR6 month warranty,,Services,591,Non Inventory
HC44C,Main Inline Air Movement Protection System Renovation\CRAir movement system lubrication and adjustment service\CRPower protection system renovation\CRBas,,Services,787,Non Inventory
HC44D,Complete Inline Air Movement Protection System Renovation\CRAir movement system lubrication and adjustment service\CRPower protection system renovation\CR,,Services,984,Non Inventory
HC44E,Complete Inline Air Movement Protection System Renovation\CRAir movement system lubrication and adjustment service\CRPower protection system renovation\CR,,Services,1181,Non Inventory
HC45A,Inline Air Movement Protection System Renovation\CRPerformance and safety testing\CR30 day warranty,,Services,571,Non Inventory
HC45B,Basic Inline Air Movement Protection System Renovation\CRPower protection system renovation\CRPerformance and safety testing\CR6 month warranty,,Services,856,Non Inventory
HC45C,Main Inline Air Movement Protection System Renovation\CRAir movement system lubrication and adjustment service\CRPower protection system renovation\CRBas,,Services,1141,Non Inventory
HC45D,Complete Inline Air Movement Protection System Renovation\CRAir movement system lubrication and adjustment service\CRPower protection system renovation\CR,,Services,1426,Non Inventory
HC45E,Complete Inline Air Movement Protection System Renovation\CRAir movement system lubrication and adjustment service\CRPower protection system renovation\CR,,Services,1712,Non Inventory
HC46A,Inline Air Movement Protection System Renovation\CRPerformance and safety testing\CR30 day warranty,,Services,708,Non Inventory
HC46B,Basic Inline Air Movement Protection System Renovation\CRPower protection system renovation\CRPerformance and safety testing\CR6 month warranty,,Services,1062,Non Inventory
HC46C,Main Inline Air Movement Protection System Renovation\CRAir movement system lubrication and adjustment service\CRPower protection system renovation\CRBas,,Services,1416,Non Inventory
HC46D,Complete Inline Air Movement Protection System Renovation\CRAir movement system lubrication and adjustment service\CRPower protection system renovation\CR,,Services,1771,Non Inventory
HC46E,Complete Inline Air Movement Protection System Renovation\CRAir movement system lubrication and adjustment service\CRPower protection system renovation\CR,,Services,2125,Non Inventory
HC4A,Air Movement System Rejuvenation \CRNo mounting system included\CRPerformance and safety testing\CR30 day warranty,,Services,643,Non Inventory
HC4B,Basic Air Movement System Renovation\CRWith custom mounting system\CRPerformance and safety testing\CR6 month warranty,,Services,964,Non Inventory
HC4C,,,Services,989,Non Inventory
HC4D,,,Services,1249,Non Inventory
HC4E,Complete Air Movement System Renovation\CRVoltage Enhancement System Rejuvenation\CRRebuild custom mounting systems\CRRestore system to prime condition\CR,,Services,1928,Non Inventory
HC5A,Air Movement System Rejuvenation \CRNo mounting system included\CRPerformance and safety testing\CR30 day warranty,,Services,940,Non Inventory
HC5B,Basic Air Movement System Renovation\CRWith custom mounting system\CRPerformance and safety testing\CR6 month warranty,,Services,1410,Non Inventory
HC5C,,,Services,1149,Non Inventory
HC5D,,,Services,1449,Non Inventory
HC5E,Complete Air Movement System Renovation\CRVoltage Enhancement System Rejuvenation\CRRebuild custom mounting systems\CRRestore system to prime condition\CR,,Services,2820,Non Inventory
HC6A,Air Movement System Rejuvenation \CRNo mounting system included\CRPerformance and safety testing\CR30 day warranty,,Services,1250,Non Inventory
HC6B,Basic Air Movement System Renovation\CRWith custom mounting system\CRPerformance and safety testing\CR6 month warranty,,Services,1875,Non Inventory
HC6C,,,Services,1149,Non Inventory
HC6D,,,Services,1349,Non Inventory
HC6E,Complete Air Movement System Renovation\CRVoltage Enhancement System Rejuvenation\CRRebuild custom mounting systems\CRRestore system to prime condition\CR,,Services,3751,Non Inventory
HC7A,Exhaust Removal System Rejuvenation \CRPerformance and safety testing\CR30 day warranty,,Services,613,Non Inventory
HC7B,Basic Exhaust Removal System Renovation\CRVoltage Enhancement System Rejuvenation\CRPerformance and safety testing\CR6 month warranty,,Services,919,Non Inventory
HC7C,,,Services,776,Non Inventory
HC7D,Complete Exhaust Removal System Renovation \CRVoltage Enhancement System Rejuvenation\CREfficiency upgrades\CRBlade upgrade\CRRebuild custom mounting syst,,Services,1532,Non Inventory
HC7E,Complete Exhaust Removal System Renovation \CRVoltage Enhancement System Rejuvenation\CREfficiency upgrades\CRBlade upgrade\CRRebuild custom mounting syst,,Services,1838,Non Inventory
HC8A,Exhaust Removal System Rejuvenation \CRPerformance and safety testing\CR30 day warranty,,Services,836,Non Inventory
HC8B,Basic Exhaust Removal System Renovation\CRVoltage Enhancement System Rejuvenation\CRPerformance and safety testing\CR6 month warranty,,Services,1253,Non Inventory
HC8C,,,Services,934,Non Inventory
HC8D,Complete Exhaust Removal System Renovation \CRVoltage Enhancement System Rejuvenation\CREfficiency upgrades\CRBlade upgrade\CRRebuild custom mounting syst,,Services,2089,Non Inventory
HC8E,Complete Exhaust Removal System Renovation \CRVoltage Enhancement System Rejuvenation\CREfficiency upgrades\CRBlade upgrade\CRRebuild custom mounting syst,,Services,2507,Non Inventory
HC9A,Exhaust Removal System Rejuvenation \CRPerformance and safety testing\CR30 day warranty,,Services,1090,Non Inventory
HC9B,Basic Exhaust Removal System Renovation\CRVoltage Enhancement System Rejuvenation\CRPerformance and safety testing\CR6 month warranty,,Services,1635,Non Inventory
HC9C,Main Exhaust Removal System Renovation\CRBlade upgrade\CRVoltage Enhancement System Rejuvenation\CRPerformance and safety testing\CR1 year warranty,,Services,2180,Non Inventory
HC9D,,,Services,1750,Non Inventory
HC9E,Complete Exhaust Removal System Renovation \CRVoltage Enhancement System Rejuvenation\CREfficiency upgrades\CRBlade upgrade\CRRebuild custom mounting syst,,Services,3270,Non Inventory
HD10A,Electrical Circuit System Rejuvenation \CRPerformance and safety testing \CR30 day warranty,,Services,465,Non Inventory
HD10B,Basic Electrical Circuit System Renovation\CRPerformance calibration service\CRPerformance and safety testing\CR6 month warranty,,Services,697,Non Inventory
HD10C,Main Electrical Circuit System Renovation\CRRejuvenate electrical control system\CRElectrical termination and safety service\CRPerformance and safety tes,,Services,929,Non Inventory
HD10D,Complete Electrical Circuit System Renovation\CRComplete voltage distribution system renovation\CRRejuvenate electrical control system\CRUpgrade voltage,,Services,1162,Non Inventory
HD10E,Complete Electrical Circuit System Renovation\CRComplete voltage distribution system renovation\CRRejuvenate electrical control system\CRUpgrade voltage,,Services,1394,Non Inventory
HD11A,Electrical Circuit System Rejuvenation \CRPerformance and safety testing \CR30 day warranty,,Services,672,Non Inventory
HD11B,Basic Electrical Circuit System Renovation\CRPerformance calibration service\CRPerformance and safety testing\CR6 month warranty,,Services,1008,Non Inventory
HD11C,Main Electrical Circuit System Renovation\CRRejuvenate electrical control system\CRElectrical termination and safety service\CRPerformance and safety tes,,Services,1344,Non Inventory
HD11D,Complete Electrical Circuit System Renovation\CRComplete voltage distribution system renovation\CRRejuvenate electrical control system\CRUpgrade voltage,,Services,1680,Non Inventory
HD11E,Complete Electrical Circuit System Renovation\CRComplete voltage distribution system renovation\CRRejuvenate electrical control system\CRUpgrade voltage,,Services,2016,Non Inventory
HD12A,Electrical Circuit System Rejuvenation \CRPerformance and safety testing \CR30 day warranty,,Services,864,Non Inventory
HD12B,Basic Electrical Circuit System Renovation\CRPerformance calibration service\CRPerformance and safety testing\CR6 month warranty,,Services,1297,Non Inventory
HD12C,Main Electrical Circuit System Renovation\CRRejuvenate electrical control system\CRElectrical termination and safety service\CRPerformance and safety tes,,Services,1729,Non Inventory
HD12D,Complete Electrical Circuit System Renovation\CRComplete voltage distribution system renovation\CRRejuvenate electrical control system\CRUpgrade voltage,,Services,2161,Non Inventory
HD12E,Complete Electrical Circuit System Renovation\CRComplete voltage distribution system renovation\CRRejuvenate electrical control system\CRUpgrade voltage,,Services,2593,Non Inventory
HD13A,Electrical Circuit System Rejuvenation \CRPerformance and safety testing \CR30 day warranty,,Services,1075,Non Inventory
HD13B,Basic Electrical Circuit System Renovation\CRPerformance calibration service\CRPerformance and safety testing\CR6 month warranty,,Services,1612,Non Inventory
HD13C,Main Electrical Circuit System Renovation\CRRejuvenate electrical control system\CRElectrical termination and safety service\CRPerformance and safety tes,,Services,2150,Non Inventory
HD13D,Complete Electrical Circuit System Renovation\CRComplete voltage distribution system renovation\CRRejuvenate electrical control system\CRUpgrade voltage,,Services,2687,Non Inventory
HD13E,Complete Electrical Circuit System Renovation\CRComplete voltage distribution system renovation\CRRejuvenate electrical control system\CRUpgrade voltage,,Services,3225,Non Inventory
HD14A,Basic Voltage Conversion System Renovation\CRPerformance and safety testing \CR6 month warranty,,Services,747,Non Inventory
HD14B,Basic Voltage Conversion System Renovation\CRPerformance and safety testing \CR6 month warranty,,Services,1121,Non Inventory
HD14C,Main Voltage Conversion System Renovation\CRElectrical termination service\CRVoltage protection system renovation\CRRenovate control system wiring\CRPerfo,,Services,1494,Non Inventory
HD14D,Complete Voltage Conversion System Renovation\CRElectrical termination service\CRVoltage protection system renovation\CRRenovate control system wiring\CRR,,Services,1868,Non Inventory
HD14E,Complete Voltage Conversion System Renovation\CRElectrical termination service\CRVoltage protection system renovation\CRRenovate control system wiring\CRR,,Services,2241,Non Inventory
HD15A,Basic Voltage Conversion System Renovation\CRPerformance and safety testing \CR6 month warranty,,Services,988,Non Inventory
HD15B,Basic Voltage Conversion System Renovation\CRPerformance and safety testing \CR6 month warranty,,Services,1482,Non Inventory
HD15C,Main Voltage Conversion System Renovation\CRElectrical termination service\CRVoltage protection system renovation\CRRenovate control system wiring\CRPerfo,,Services,1976,Non Inventory
HD15D,Complete Voltage Conversion System Renovation\CRElectrical termination service\CRVoltage protection system renovation\CRRenovate control system wiring\CRR,,Services,2470,Non Inventory
HD15E,Complete Voltage Conversion System Renovation\CRElectrical termination service\CRVoltage protection system renovation\CRRenovate control system wiring\CRR,,Services,2964,Non Inventory
HD16A,Basic Voltage Conversion System Renovation\CRPerformance and safety testing \CR6 month warranty,,Services,1223,Non Inventory
HD16B,Basic Voltage Conversion System Renovation\CRPerformance and safety testing \CR6 month warranty,,Services,1834,Non Inventory
HD16C,Main Voltage Conversion System Renovation\CRElectrical termination service\CRVoltage protection system renovation\CRRenovate control system wiring\CRPerfo,,Services,2445,Non Inventory
HD16D,Complete Voltage Conversion System Renovation\CRElectrical termination service\CRVoltage protection system renovation\CRRenovate control system wiring\CRR,,Services,3057,Non Inventory
HD16E,Complete Voltage Conversion System Renovation\CRElectrical termination service\CRVoltage protection system renovation\CRRenovate control system wiring\CRR,,Services,3668,Non Inventory
HD17A,Voltage Distribution System Rejuvenation \CRPerformance and safety testing \CR30 day warranty,,Services,760,Non Inventory
HD17B,Basic Voltage Distribution System Renovation\CRPerformance and safety testing\CR6 month warranty,,Services,1140,Non Inventory
HD17C,Main Voltage Distribution System Renovation\CRUpgrade performance enhancement system\CRElectrical termination service\CRPerformance and safety testing \CR,,Services,1519,Non Inventory
HD17D,Complete Voltage Distribution System Renovation\CRRejuvenate electrical control system\CRUpgrade voltage enhancement system\CRElectrical termination and,,Services,1899,Non Inventory
HD17E,Complete Voltage Distribution System Renovation\CRRejuvenate electrical control system\CRUpgrade voltage enhancement system\CRElectrical termination and,,Services,2279,Non Inventory
HD18A,Voltage Distribution System Rejuvenation \CRPerformance and safety testing \CR30 day warranty,,Services,955,Non Inventory
HD18B,Basic Voltage Distribution System Renovation\CRPerformance and safety testing\CR6 month warranty,,Services,1433,Non Inventory
HD18C,Main Voltage Distribution System Renovation\CRUpgrade performance enhancement system\CRElectrical termination service\CRPerformance and safety testing \CR,,Services,1910,Non Inventory
HD18D,Complete Voltage Distribution System Renovation\CRRejuvenate electrical control system\CRUpgrade voltage enhancement system\CRElectrical termination and,,Services,2388,Non Inventory
HD18E,Complete Voltage Distribution System Renovation\CRRejuvenate electrical control system\CRUpgrade voltage enhancement system\CRElectrical termination and,,Services,2865,Non Inventory
HD19A,Voltage Distribution System Rejuvenation \CRPerformance and safety testing \CR30 day warranty,,Services,1193,Non Inventory
HD19B,Basic Voltage Distribution System Renovation\CRPerformance and safety testing\CR6 month warranty,,Services,1789,Non Inventory
HD19C,Main Voltage Distribution System Renovation\CRUpgrade performance enhancement system\CRElectrical termination service\CRPerformance and safety testing \CR,,Services,2386,Non Inventory
HD19D,Complete Voltage Distribution System Renovation\CRRejuvenate electrical control system\CRUpgrade voltage enhancement system\CRElectrical termination and,,Services,2982,Non Inventory
HD19E,Complete Voltage Distribution System Renovation\CRRejuvenate electrical control system\CRUpgrade voltage enhancement system\CRElectrical termination and,,Services,3579,Non Inventory
HD1A,,,Services,359,Non Inventory
HD1B,Basic Electrical Circuit System Renovation\CRPerformance calibration service\CRPerformance and safety testing\CR6 month warranty,,Services,401,Non Inventory
HD1C,Main Electrical Circuit System Renovation\CRRejuvenate electrical control system\CRElectrical termination and safety service\CRPerformance and safety tes,,Services,534,Non Inventory
HD1D,Complete Electrical Circuit System Renovation\CRComplete voltage distribution system renovation\CRRejuvenate electrical control system\CRUpgrade voltage,,Services,668,Non Inventory
HD1E,Complete Electrical Circuit System Renovation\CRComplete voltage distribution system renovation\CRRejuvenate electrical control system\CRUpgrade voltage,,Services,801,Non Inventory
HD20A,Electrical Control System Rejuvenation \CRPerformance and safety testing \CR30 day warranty,,Services,882,Non Inventory
HD20B,Basic Electrical Control System Renovation \CRPerformance and safety testing \CR6 month warranty,,Services,1323,Non Inventory
HD20C,Main Electrical Control System Renovation \CRRestore system to prime condition\CRPerformance and safety testing \CR1 year warranty,,Services,1764,Non Inventory
HD20D,Complete Electrical Control System Renovation \CRVoltage distribution system renovation\CRRejuvenate auxiliary heating system\CRElectrical terminal and s,,Services,2205,Non Inventory
HD20E,Complete Electrical Control System Renovation \CRVoltage distribution system renovation\CRRejuvenate auxiliary heating system\CRElectrical terminal and s,,Services,2646,Non Inventory
HD21A,Electrical Control System Rejuvenation \CRPerformance and safety testing \CR30 day warranty,,Services,1084,Non Inventory
HD21B,Basic Electrical Control System Renovation \CRPerformance and safety testing \CR6 month warranty,,Services,1626,Non Inventory
HD21C,Main Electrical Control System Renovation \CRRestore system to prime condition\CRPerformance and safety testing \CR1 year warranty,,Services,2169,Non Inventory
HD21D,Complete Electrical Control System Renovation \CRVoltage distribution system renovation\CRRejuvenate auxiliary heating system\CRElectrical terminal and s,,Services,2711,Non Inventory
HD21E,Complete Electrical Control System Renovation \CRVoltage distribution system renovation\CRRejuvenate auxiliary heating system\CRElectrical terminal and s,,Services,3253,Non Inventory
HD22A,Electrical Control System Rejuvenation \CRPerformance and safety testing \CR30 day warranty,,Services,1314,Non Inventory
HD22B,Basic Electrical Control System Renovation \CRPerformance and safety testing \CR6 month warranty,,Services,1972,Non Inventory
HD22C,Main Electrical Control System Renovation \CRRestore system to prime condition\CRPerformance and safety testing \CR1 year warranty,,Services,2629,Non Inventory
HD22D,Complete Electrical Control System Renovation \CRVoltage distribution system renovation\CRRejuvenate auxiliary heating system\CRElectrical terminal and s,,Services,3286,Non Inventory
HD22E,Complete Electrical Control System Renovation \CRVoltage distribution system renovation\CRRejuvenate auxiliary heating system\CRElectrical terminal and s,,Services,3943,Non Inventory
HD23A,Safety Control System Rejuvenation \CRPerformance and safety testing \CR30 day warranty,,Services,467,Non Inventory
HD23B,Basic Safety Control System Renovation\CRTermination service\CRPerformance and safety testing \CR6 month warranty,,Services,700,Non Inventory
HD23C,Main Safety Control System Renovation\CRTermination service\CRPerformance and safety testing \CR1 year warranty,,Services,934,Non Inventory
HD23D,Complete Safety Control System Renovation\CRVoltage distribution system renovation\CRRejuvenate electrical control system\CRRestore control wiring to new,,Services,1167,Non Inventory
HD23E,Complete Safety Control System Renovation\CRVoltage distribution system renovation\CRRejuvenate electrical control system\CRRestore control wiring to new,,Services,1400,Non Inventory
HD24A,Safety Control System Rejuvenation \CRPerformance and safety testing \CR30 day warranty,,Services,570,Non Inventory
HD24B,Basic Safety Control System Renovation\CRTermination service\CRPerformance and safety testing \CR6 month warranty,,Services,855,Non Inventory
HD24C,Main Safety Control System Renovation\CRTermination service\CRPerformance and safety testing \CR1 year warranty,,Services,1140,Non Inventory
HD24D,Complete Safety Control System Renovation\CRVoltage distribution system renovation\CRRejuvenate electrical control system\CRRestore control wiring to new,,Services,1425,Non Inventory
HD24E,Complete Safety Control System Renovation\CRVoltage distribution system renovation\CRRejuvenate electrical control system\CRRestore control wiring to new,,Services,1710,Non Inventory
HD25A,Refrigerant Pressure Management System Rejuvenation \CRSingle pressure control \CRPerformance and safety testing \CR30 day warranty,,Services,594,Non Inventory
HD25B,Basic Refrigerant Pressure Management System Renovation \CRPerformance and safety testing\CR6 month warranty,,Services,891,Non Inventory
HD25C,Main Refrigerant Pressure Management System Renovation\CRComplete performance and safety calibration service\CRUpgrade refrigerant access\CRElectrical co,,Services,1188,Non Inventory
HD25D,Complete Refrigerant Pressure Management System Renovation\CRRejuvenate refrigerant access service ports\CRComplete system performance and safety calibr,,Services,1486,Non Inventory
HD25E,Complete Refrigerant Pressure Management System Renovation\CRRejuvenate refrigerant access service ports\CRComplete system performance and safety calibr,,Services,1783,Non Inventory
HD26A,Refrigerant Pressure Management System Rejuvenation \CRSingle pressure control \CRPerformance and safety testing \CR30 day warranty,,Services,737,Non Inventory
HD26B,Basic Refrigerant Pressure Management System Renovation \CRPerformance and safety testing\CR6 month warranty,,Services,1106,Non Inventory
HD26C,Main Refrigerant Pressure Management System Renovation\CRComplete performance and safety calibration service\CRUpgrade refrigerant access\CRElectrical co,,Services,1474,Non Inventory
HD26D,Complete Refrigerant Pressure Management System Renovation\CRRejuvenate refrigerant access service ports\CRComplete system performance and safety calibr,,Services,1843,Non Inventory
HD26E,Complete Refrigerant Pressure Management System Renovation\CRRejuvenate refrigerant access service ports\CRComplete system performance and safety calibr,,Services,2212,Non Inventory
HD27A,Refrigerant Pressure Management System Rejuvenation \CRSingle pressure control \CRPerformance and safety testing \CR30 day warranty,,Services,859,Non Inventory
HD27B,Basic Refrigerant Pressure Management System Renovation \CRPerformance and safety testing\CR6 month warranty,,Services,1288,Non Inventory
HD27C,Main Refrigerant Pressure Management System Renovation\CRComplete performance and safety calibration service\CRUpgrade refrigerant access\CRElectrical co,,Services,1718,Non Inventory
HD27D,Complete Refrigerant Pressure Management System Renovation\CRRejuvenate refrigerant access service ports\CRComplete system performance and safety calibr,,Services,2147,Non Inventory
HD27E,Complete Refrigerant Pressure Management System Renovation\CRRejuvenate refrigerant access service ports\CRComplete system performance and safety calibr,,Services,2576,Non Inventory
HD28A,Refrigerant Pressure Management System Rejuvenation \CRSingle pressure control \CRPerformance and safety testing \CR30 day warranty,,Services,1009,Non Inventory
HD28B,Basic Refrigerant Pressure Management System Renovation \CRPerformance and safety testing\CR6 month warranty,,Services,1513,Non Inventory
HD28C,Main Refrigerant Pressure Management System Renovation\CRComplete performance and safety calibration service\CRUpgrade refrigerant access\CRElectrical co,,Services,2018,Non Inventory
HD28D,Complete Refrigerant Pressure Management System Renovation\CRRejuvenate refrigerant access service ports\CRComplete system performance and safety calibr,,Services,2522,Non Inventory
HD28E,Complete Refrigerant Pressure Management System Renovation\CRRejuvenate refrigerant access service ports\CRComplete system performance and safety calibr,,Services,3027,Non Inventory
HD2A,,,Services,417,Non Inventory
HD2B,Basic Voltage Conversion System Renovation\CRPerformance and safety testing \CR6 month warranty,,Services,591,Non Inventory
HD2C,Main Voltage Conversion System Renovation\CRElectrical termination service\CRVoltage protection system renovation\CRRenovate control system wiring\CRPerfo,,Services,787,Non Inventory
HD2D,Complete Voltage Conversion System Renovation\CRElectrical termination service\CRVoltage protection system renovation\CRRenovate control system wiring\CRR,,Services,984,Non Inventory
HD2E,Complete Voltage Conversion System Renovation\CRElectrical termination service\CRVoltage protection system renovation\CRRenovate control system wiring\CRR,,Services,1181,Non Inventory
HD3A,,,Services,342,Non Inventory
HD3B,Basic Voltage Distribution System Renovation\CRPerformance and safety testing\CR6 month warranty,,Services,518,Non Inventory
HD3C,Main Voltage Distribution System Renovation\CRUpgrade performance enhancement system\CRElectrical termination service\CRPerformance and safety testing \CR,,Services,691,Non Inventory
HD3D,Complete Voltage Distribution System Renovation\CRRejuvenate electrical control system\CRUpgrade voltage enhancement system\CRElectrical termination and,,Services,864,Non Inventory
HD3E,Complete Voltage Distribution System Renovation\CRRejuvenate electrical control system\CRUpgrade voltage enhancement system\CRElectrical termination and,,Services,1037,Non Inventory
HD4A,,,Services,342,Non Inventory
HD4B,Basic Voltage Distribution System Renovation\CRPerformance and safety testing\CR6 month warranty,,Services,813,Non Inventory
HD4C,Main Voltage Distribution System Renovation\CRUpgrade performance enhancement system\CRElectrical termination service\CRPerformance and safety testing \CR,,Services,1085,Non Inventory
HD4D,Complete Voltage Distribution System Renovation\CRRejuvenate electrical control system\CRUpgrade voltage enhancement system\CRElectrical termination and,,Services,1356,Non Inventory
HD4E,Complete Voltage Distribution System Renovation\CRRejuvenate electrical control system\CRUpgrade voltage enhancement system\CRElectrical termination and,,Services,1627,Non Inventory
HD5A,,,Services,334,Non Inventory
HD5B,Basic Electrical Control System Renovation \CRPerformance and safety testing \CR6 month warranty,,Services,656,Non Inventory
HD5C,Main Electrical Control System Renovation \CRRestore system to prime condition\CRPerformance and safety testing \CR1 year warranty,,Services,874,Non Inventory
HD5D,Complete Electrical Control System Renovation \CRVoltage distribution system renovation\CRRejuvenate auxiliary heating system\CRElectrical terminal and s,,Services,1093,Non Inventory
HD5E,Complete Electrical Control System Renovation \CRVoltage distribution system renovation\CRRejuvenate auxiliary heating system\CRElectrical terminal and s,,Services,1311,Non Inventory
HD6A,,,Services,367,Non Inventory
HD6B,Basic Electrical Control System Renovation \CRPerformance and safety testing \CR6 month warranty,,Services,985,Non Inventory
HD6C,Main Electrical Control System Renovation \CRRestore system to prime condition\CRPerformance and safety testing \CR1 year warranty,,Services,1314,Non Inventory
HD6D,Complete Electrical Control System Renovation \CRVoltage distribution system renovation\CRRejuvenate auxiliary heating system\CRElectrical terminal and s,,Services,1642,Non Inventory
HD6E,Complete Electrical Control System Renovation \CRVoltage distribution system renovation\CRRejuvenate auxiliary heating system\CRElectrical terminal and s,,Services,1970,Non Inventory
HD7A,,,Services,317,Non Inventory
HD7B,Basic Safety Control System Renovation\CRTermination service\CRPerformance and safety testing \CR6 month warranty,,Services,507,Non Inventory
HD7C,Main Safety Control System Renovation\CRTermination service\CRPerformance and safety testing \CR1 year warranty,,Services,675,Non Inventory
HD7D,Complete Safety Control System Renovation\CRVoltage distribution system renovation\CRRejuvenate electrical control system\CRRestore control wiring to new,,Services,844,Non Inventory
HD7E,Complete Safety Control System Renovation\CRVoltage distribution system renovation\CRRejuvenate electrical control system\CRRestore control wiring to new,,Services,1013,Non Inventory
HD8A,Refrigerant Pressure Management System Rejuvenation \CRSingle pressure control \CRPerformance and safety testing \CR30 day warranty,,Services,437,Non Inventory
HD8B,Basic Refrigerant Pressure Management System Renovation \CRPerformance and safety testing\CR6 month warranty,,Services,655,Non Inventory
HD8C,,,Services,684,Non Inventory
HD8D,Complete Refrigerant Pressure Management System Renovation\CRRejuvenate refrigerant access service ports\CRComplete system performance and safety calibr,,Services,1092,Non Inventory
HD8E,,,Services,1417,Non Inventory
HD9A,Basic Voltage Conversion System Renovation\CRPerformance and safety testing \CR6 month warranty,,Services,514,Non Inventory
HD9B,Basic Voltage Conversion System Renovation\CRPerformance and safety testing \CR6 month warranty,,Services,771,Non Inventory
HD9C,Main Voltage Conversion System Renovation\CRElectrical termination service\CRVoltage protection system renovation\CRRenovate control system wiring\CRPerfo,,Services,1028,Non Inventory
HD9D,Complete Voltage Conversion System Renovation\CRElectrical termination service\CRVoltage protection system renovation\CRRenovate control system wiring\CRR,,Services,1285,Non Inventory
HD9E,,,Services,1617,Non Inventory
HE10A,Electronic Control Circuit System Rejuvenation \CRPerformance and safety testing \CR30 day warranty,,Services,3907,Non Inventory
HE10B,Basic Electronic Control Circuit System Renovation\CRElectrical safety service\CRPerformance and safety testing \CR6 month warranty,,Services,4883,Non Inventory
HE10C,Main Electronic Control Circuit System Renovation\CRVoltage enhancement and distribution system restoration\CRElectrical safety and termination service\CR,,Services,5469,Non Inventory
HE10D,Complete Electronic Control Circuit System Renovation\CRVoltage distribution system rejuvenation\CRVoltage enhancement system renovation\CRUpgrade equipm,,Services,6251,Non Inventory
HE10E,Complete Electronic Control Circuit System Renovation\CRVoltage distribution system rejuvenation\CRVoltage enhancement system renovation\CRUpgrade equipm,,Services,7813,Non Inventory
HE11A,Electronic Control Circuit System Rejuvenation \CRPerformance and safety testing \CR30 day warranty,,Services,4322,Non Inventory
HE11B,Basic Electronic Control Circuit System Renovation\CRElectrical safety service\CRPerformance and safety testing \CR6 month warranty,,Services,5402,Non Inventory
HE11C,Main Electronic Control Circuit System Renovation\CRVoltage enhancement and distribution system restoration\CRElectrical safety and termination service\CR,,Services,6051,Non Inventory
HE11D,Complete Electronic Control Circuit System Renovation\CRVoltage distribution system rejuvenation\CRVoltage enhancement system renovation\CRUpgrade equipm,,Services,6915,Non Inventory
HE11E,Complete Electronic Control Circuit System Renovation\CRVoltage distribution system rejuvenation\CRVoltage enhancement system renovation\CRUpgrade equipm,,Services,8644,Non Inventory
HE12A,Electronic Control Circuit System Rejuvenation \CRPerformance and safety testing \CR30 day warranty,,Services,4869,Non Inventory
HE12B,Basic Electronic Control Circuit System Renovation\CRElectrical safety service\CRPerformance and safety testing \CR6 month warranty,,Services,6087,Non Inventory
HE12C,Main Electronic Control Circuit System Renovation\CRVoltage enhancement and distribution system restoration\CRElectrical safety and termination service\CR,,Services,6817,Non Inventory
HE12D,Complete Electronic Control Circuit System Renovation\CRVoltage distribution system rejuvenation\CRVoltage enhancement system renovation\CRUpgrade equipm,,Services,7791,Non Inventory
HE12E,Complete Electronic Control Circuit System Renovation\CRVoltage distribution system rejuvenation\CRVoltage enhancement system renovation\CRUpgrade equipm,,Services,9738,Non Inventory
HE13A,Electronic Control Circuit System Rejuvenation \CRPerformance and safety testing \CR30 day warranty,,Services,5299,Non Inventory
HE13B,Basic Electronic Control Circuit System Renovation\CRElectrical safety service\CRPerformance and safety testing \CR6 month warranty,,Services,6623,Non Inventory
HE13C,Main Electronic Control Circuit System Renovation\CRVoltage enhancement and distribution system restoration\CRElectrical safety and termination service\CR,,Services,7418,Non Inventory
HE13D,Complete Electronic Control Circuit System Renovation\CRVoltage distribution system rejuvenation\CRVoltage enhancement system renovation\CRUpgrade equipm,,Services,8478,Non Inventory
HE13E,Complete Electronic Control Circuit System Renovation\CRVoltage distribution system rejuvenation\CRVoltage enhancement system renovation\CRUpgrade equipm,,Services,10597,Non Inventory
HE14A,Defrost Control System Rejuvenation \CRPerformance and safety testing \CR30 day warranty,,Services,1798,Non Inventory
HE14B,Basic Defrost Control System Renovation\CRPerformance and safety testing \CR6 month warranty,,Services,2248,Non Inventory
HE14C,Main Defrost Control System Renovation\CRIce sensor restoration\CRElectrical termination service\CRPerformance and safety testing \CR1 year warranty,,Services,2517,Non Inventory
HE14D,Complete Defrost Control System Renovation\CRSensor and control circuit restoration\CRElectrical termination service\CRRejuvenate control wiring to new c,,Services,2877,Non Inventory
HE14E,Complete Defrost Control System Renovation\CRSensor and control circuit restoration\CRElectrical termination service\CRRejuvenate control wiring to new c,,Services,3596,Non Inventory
HE15A,Defrost Control System Rejuvenation \CRPerformance and safety testing \CR30 day warranty,,Services,2204,Non Inventory
HE15B,Basic Defrost Control System Renovation\CRPerformance and safety testing \CR6 month warranty,,Services,2755,Non Inventory
HE15C,Main Defrost Control System Renovation\CRIce sensor restoration\CRElectrical termination service\CRPerformance and safety testing \CR1 year warranty,,Services,3086,Non Inventory
HE15D,Complete Defrost Control System Renovation\CRSensor and control circuit restoration\CRElectrical termination service\CRRejuvenate control wiring to new c,,Services,3527,Non Inventory
HE15E,Complete Defrost Control System Renovation\CRSensor and control circuit restoration\CRElectrical termination service\CRRejuvenate control wiring to new c,,Services,4408,Non Inventory
HE16A,Defrost Control System Rejuvenation \CRPerformance and safety testing \CR30 day warranty,,Services,2641,Non Inventory
HE16B,Basic Defrost Control System Renovation\CRPerformance and safety testing \CR6 month warranty,,Services,3302,Non Inventory
HE16C,Main Defrost Control System Renovation\CRIce sensor restoration\CRElectrical termination service\CRPerformance and safety testing \CR1 year warranty,,Services,3698,Non Inventory
HE16D,Complete Defrost Control System Renovation\CRSensor and control circuit restoration\CRElectrical termination service\CRRejuvenate control wiring to new c,,Services,4226,Non Inventory
HE16E,Complete Defrost Control System Renovation\CRSensor and control circuit restoration\CRElectrical termination service\CRRejuvenate control wiring to new c,,Services,5283,Non Inventory
HE17A,Temperature Control System Rejuvenation \CRPerformance and safety testing \CR30 day warranty,,Services,455,Non Inventory
HE17B,Basic Temperature Control System Renovation\CRSystem performance and safety calibration\CRPerformance and safety testing \CR6 month warranty,,Services,683,Non Inventory
HE17C,Main Temperature Control System Renovation\CRElectrical termination and safety service\CRRenovate electrical control system\CRPerformance and safety test,,Services,911,Non Inventory
HE17D,Complete Temperature Control System Renovation\CRIce control and sensor restoration\CRRejuvenate electrical control system\CRElectrical termination and s,,Services,1138,Non Inventory
HE17E,Complete Temperature Control System Renovation\CRIce control and sensor restoration\CRRejuvenate electrical control system\CRElectrical termination and s,,Services,1366,Non Inventory
HE18A,Temperature Control System Rejuvenation \CRPerformance and safety testing \CR30 day warranty,,Services,592,Non Inventory
HE18B,Basic Temperature Control System Renovation\CRSystem performance and safety calibration\CRPerformance and safety testing \CR6 month warranty,,Services,888,Non Inventory
HE18C,Main Temperature Control System Renovation\CRElectrical termination and safety service\CRRenovate electrical control system\CRPerformance and safety test,,Services,1184,Non Inventory
HE18D,Complete Temperature Control System Renovation\CRIce control and sensor restoration\CRRejuvenate electrical control system\CRElectrical termination and s,,Services,1480,Non Inventory
HE18E,Complete Temperature Control System Renovation\CRIce control and sensor restoration\CRRejuvenate electrical control system\CRElectrical termination and s,,Services,1776,Non Inventory
HE19A,Electronic Control Circuit System Rejuvenation \CRPerformance and safety testing \CR30 day warranty,,Services,455,Non Inventory
HE19B,Basic Electronic Control Circuit System Renovation\CRElectrical safety service\CRPerformance and safety testing \CR6 month warranty,,Services,569,Non Inventory
HE19C,Main Electronic Control Circuit System Renovation\CRVoltage enhancement and distribution system restoration\CRElectrical safety and termination service\CR,,Services,638,Non Inventory
HE19D,Complete Electronic Control Circuit System Renovation\CRVoltage distribution system rejuvenation\CRVoltage enhancement system renovation\CRUpgrade equipm,,Services,729,Non Inventory
HE19E,Complete Electronic Control Circuit System Renovation\CRVoltage distribution system rejuvenation\CRVoltage enhancement system renovation\CRUpgrade equipm,,Services,911,Non Inventory
HE1A,Electronic Control Circuit System Rejuvenation \CRPerformance and safety testing \CR30 day warranty,,Services,1066,Non Inventory
HE1B,,,Services,617,Non Inventory
HE1C,Main Electronic Control Circuit System Renovation\CRVoltage enhancement and distribution system restoration\CRElectrical safety and termination service\CR,,Services,1493,Non Inventory
HE1D,Complete Electronic Control Circuit System Renovation\CRVoltage distribution system rejuvenation\CRVoltage enhancement system renovation\CRUpgrade equipm,,Services,1706,Non Inventory
HE1E,Complete Electronic Control Circuit System Renovation\CRVoltage distribution system rejuvenation\CRVoltage enhancement system renovation\CRUpgrade equipm,,Services,2132,Non Inventory
HE20A,Electronic Control Circuit System Rejuvenation \CRPerformance and safety testing \CR30 day warranty,,Services,703,Non Inventory
HE20B,Basic Electronic Control Circuit System Renovation\CRElectrical safety service\CRPerformance and safety testing \CR6 month warranty,,Services,879,Non Inventory
HE20C,Main Electronic Control Circuit System Renovation\CRVoltage enhancement and distribution system restoration\CRElectrical safety and termination service\CR,,Services,984,Non Inventory
HE20D,Complete Electronic Control Circuit System Renovation\CRVoltage distribution system rejuvenation\CRVoltage enhancement system renovation\CRUpgrade equipm,,Services,1125,Non Inventory
HE20E,Complete Electronic Control Circuit System Renovation\CRVoltage distribution system rejuvenation\CRVoltage enhancement system renovation\CRUpgrade equipm,,Services,1406,Non Inventory
HE21A,Defrost Control System Rejuvenation \CRPerformance and safety testing \CR30 day warranty,,Services,409,Non Inventory
HE21B,Basic Defrost Control System Renovation\CRPerformance and safety testing \CR6 month warranty,,Services,511,Non Inventory
HE21C,Main Defrost Control System Renovation\CRIce sensor restoration\CRElectrical termination service\CRPerformance and safety testing \CR1 year warranty,,Services,573,Non Inventory
HE21D,Complete Defrost Control System Renovation\CRSensor and control circuit restoration\CRElectrical termination service\CRRejuvenate control wiring to new c,,Services,654,Non Inventory
HE21E,Complete Defrost Control System Renovation\CRSensor and control circuit restoration\CRElectrical termination service\CRRejuvenate control wiring to new c,,Services,818,Non Inventory
HE22A,Defrost Control System Rejuvenation \CRPerformance and safety testing \CR30 day warranty,,Services,603,Non Inventory
HE22B,Basic Defrost Control System Renovation\CRPerformance and safety testing \CR6 month warranty,,Services,753,Non Inventory
HE22C,Main Defrost Control System Renovation\CRIce sensor restoration\CRElectrical termination service\CRPerformance and safety testing \CR1 year warranty,,Services,844,Non Inventory
HE22D,Complete Defrost Control System Renovation\CRSensor and control circuit restoration\CRElectrical termination service\CRRejuvenate control wiring to new c,,Services,964,Non Inventory
HE22E,Complete Defrost Control System Renovation\CRSensor and control circuit restoration\CRElectrical termination service\CRRejuvenate control wiring to new c,,Services,1206,Non Inventory
HE2A,Electronic Control Circuit System Rejuvenation \CRPerformance and safety testing \CR30 day warranty,,Services,1543,Non Inventory
HE2B,,,Services,825,Non Inventory
HE2C,Main Electronic Control Circuit System Renovation\CRVoltage enhancement and distribution system restoration\CRElectrical safety and termination service\CR,,Services,2161,Non Inventory
HE2D,Complete Electronic Control Circuit System Renovation\CRVoltage distribution system rejuvenation\CRVoltage enhancement system renovation\CRUpgrade equipm,,Services,2469,Non Inventory
HE2E,Complete Electronic Control Circuit System Renovation\CRVoltage distribution system rejuvenation\CRVoltage enhancement system renovation\CRUpgrade equipm,,Services,3087,Non Inventory
HE3A,Electronic Control Circuit System Rejuvenation \CRPerformance and safety testing \CR30 day warranty,,Services,1949,Non Inventory
HE3B,,,Services,1117,Non Inventory
HE3C,Main Electronic Control Circuit System Renovation\CRVoltage enhancement and distribution system restoration\CRElectrical safety and termination service\CR,,Services,2728,Non Inventory
HE3D,Complete Electronic Control Circuit System Renovation\CRVoltage distribution system rejuvenation\CRVoltage enhancement system renovation\CRUpgrade equipm,,Services,3118,Non Inventory
HE3E,Complete Electronic Control Circuit System Renovation\CRVoltage distribution system rejuvenation\CRVoltage enhancement system renovation\CRUpgrade equipm,,Services,3897,Non Inventory
HE4A,Electronic Control Circuit System Rejuvenation \CRPerformance and safety testing \CR30 day warranty,,Services,2347,Non Inventory
HE4B,,,Services,607,Non Inventory
HE4C,Main Electronic Control Circuit System Renovation\CRVoltage enhancement and distribution system restoration\CRElectrical safety and termination service\CR,,Services,3286,Non Inventory
HE4D,Complete Electronic Control Circuit System Renovation\CRVoltage distribution system rejuvenation\CRVoltage enhancement system renovation\CRUpgrade equipm,,Services,3756,Non Inventory
HE4E,Complete Electronic Control Circuit System Renovation\CRVoltage distribution system rejuvenation\CRVoltage enhancement system renovation\CRUpgrade equipm,,Services,4695,Non Inventory
HE5A,Defrost Control System Rejuvenation \CRPerformance and safety testing \CR30 day warranty,,Services,986,Non Inventory
HE5B,,,Services,550,Non Inventory
HE5C,Main Defrost Control System Renovation\CRIce sensor restoration\CRElectrical termination service\CRPerformance and safety testing \CR1 year warranty,,Services,1380,Non Inventory
HE5D,Complete Defrost Control System Renovation\CRSensor and control circuit restoration\CRElectrical termination service\CRRejuvenate control wiring to new c,,Services,1578,Non Inventory
HE5E,Complete Defrost Control System Renovation\CRSensor and control circuit restoration\CRElectrical termination service\CRRejuvenate control wiring to new c,,Services,1972,Non Inventory
HE6A,Defrost Control System Rejuvenation \CRPerformance and safety testing \CR30 day warranty,,Services,1417,Non Inventory
HE6B,Basic Defrost Control System Renovation\CRPerformance and safety testing \CR6 month warranty,,Services,1771,Non Inventory
HE6C,Main Defrost Control System Renovation\CRIce sensor restoration\CRElectrical termination service\CRPerformance and safety testing \CR1 year warranty,,Services,1984,Non Inventory
HE6D,Complete Defrost Control System Renovation\CRSensor and control circuit restoration\CRElectrical termination service\CRRejuvenate control wiring to new c,,Services,2267,Non Inventory
HE6E,Complete Defrost Control System Renovation\CRSensor and control circuit restoration\CRElectrical termination service\CRRejuvenate control wiring to new c,,Services,2834,Non Inventory
HE7A,Temperature Control System Rejuvenation \CRPerformance and safety testing \CR30 day warranty,,Services,308,Non Inventory
HE7B,Basic Temperature Control System Renovation\CRSystem performance and safety calibration\CRPerformance and safety testing \CR6 month warranty,,Services,461,Non Inventory
HE7C,Main Temperature Control System Renovation\CRElectrical termination and safety service\CRRenovate electrical control system\CRPerformance and safety test,,Services,615,Non Inventory
HE7D,Complete Temperature Control System Renovation\CRIce control and sensor restoration\CRRejuvenate electrical control system\CRElectrical termination and s,,Services,769,Non Inventory
HE7E,Complete Temperature Control System Renovation\CRIce control and sensor restoration\CRRejuvenate electrical control system\CRElectrical termination and s,,Services,923,Non Inventory
HE8A,Electronic Control Circuit System Rejuvenation \CRPerformance and safety testing \CR30 day warranty,,Services,2759,Non Inventory
HE8B,Basic Electronic Control Circuit System Renovation\CRElectrical safety service\CRPerformance and safety testing \CR6 month warranty,,Services,3449,Non Inventory
HE8C,Main Electronic Control Circuit System Renovation\CRVoltage enhancement and distribution system restoration\CRElectrical safety and termination service\CR,,Services,3863,Non Inventory
HE8D,Complete Electronic Control Circuit System Renovation\CRVoltage distribution system rejuvenation\CRVoltage enhancement system renovation\CRUpgrade equipm,,Services,4415,Non Inventory
HE8E,Complete Electronic Control Circuit System Renovation\CRVoltage distribution system rejuvenation\CRVoltage enhancement system renovation\CRUpgrade equipm,,Services,5519,Non Inventory
HE9A,Electronic Control Circuit System Rejuvenation \CRPerformance and safety testing \CR30 day warranty,,Services,3325,Non Inventory
HE9B,Basic Electronic Control Circuit System Renovation\CRElectrical safety service\CRPerformance and safety testing \CR6 month warranty,,Services,4156,Non Inventory
HE9C,Main Electronic Control Circuit System Renovation\CRVoltage enhancement and distribution system restoration\CRElectrical safety and termination service\CR,,Services,4655,Non Inventory
HE9D,Complete Electronic Control Circuit System Renovation\CRVoltage distribution system rejuvenation\CRVoltage enhancement system renovation\CRUpgrade equipm,,Services,5320,Non Inventory
HE9E,Complete Electronic Control Circuit System Renovation\CRVoltage distribution system rejuvenation\CRVoltage enhancement system renovation\CRUpgrade equipm,,Services,6650,Non Inventory
Heat Pump System (Air/Geo),Two visits per year\CRMonthly price $20.00\CRYearly price $240.00,,Services,240,Inventory
HF10A,Odor Elimination System Rejuvenation \CRPerformance and safety testing \CR30 day warranty,,Services,710,Non Inventory
HF10B,Basic Odor Elimination System Renovation \CRNo air purification systems\CRPerformance and safety testing \CR6 month warranty,,Services,1066,Non Inventory
HF10C,Main Odor Elimination System Renovation\CRUltra violet radiation chamber on heat transfer system\CRDisassemble and clean all components in air handling,,Services,1421,Non Inventory
HF10D,Complete Odor Elimination System Renovation\CRInstall inline whole house air purification system\CRDisassemble and clean all components in air handling,,Services,1776,Non Inventory
HF10E,Complete Odor Elimination System Renovation\CRInstall inline whole house air purification system\CRDisassemble and clean all components in air handling,,Services,2131,Non Inventory
HF11A,Water Removal System Rejuvenation  \CRPerformance and safety testing \CR30 day warranty,,Services,658,Non Inventory
HF11B,Basic Water Removal System Renovation\CRService and calibrate auxiliary system - install basic float system\CRPerformance and safety testing \CR6 month w,,Services,987,Non Inventory
HF11C,"Main Water Removal System Renovation \CRUpgrade to new ""Can't Leak"" Goliath protection system \CRVibration reduction system \CRInstall single moisture se",,Services,1317,Non Inventory
HF11D,"Complete Water Removal System Renovation \CRUpgrade to new ""Can't Leak"" Goliath protection system\CRVibration reduction system\CRInstall triple safe wate",,Services,1646,Non Inventory
HF11E,"Complete Water Removal System Renovation \CRUpgrade to new ""Can't Leak"" Goliath protection system\CRVibration reduction system\CRInstall triple safe wate",,Services,1975,Non Inventory
HF12A,Water Removal System Rejuvenation  \CRPerformance and safety testing \CR30 day warranty,,Services,792,Non Inventory
HF12B,Basic Water Removal System Renovation\CRService and calibrate auxiliary system - install basic float system\CRPerformance and safety testing \CR6 month w,,Services,1188,Non Inventory
HF12C,"Main Water Removal System Renovation \CRUpgrade to new ""Can't Leak"" Goliath protection system \CRVibration reduction system \CRInstall single moisture se",,Services,1584,Non Inventory
HF12D,"Complete Water Removal System Renovation \CRUpgrade to new ""Can't Leak"" Goliath protection system\CRVibration reduction system\CRInstall triple safe wate",,Services,1980,Non Inventory
HF12E,"Complete Water Removal System Renovation \CRUpgrade to new ""Can't Leak"" Goliath protection system\CRVibration reduction system\CRInstall triple safe wate",,Services,2376,Non Inventory
HF13A,Water Removal System Rejuvenation  \CRPerformance and safety testing \CR30 day warranty,,Services,910,Non Inventory
HF13B,Basic Water Removal System Renovation\CRService and calibrate auxiliary system - install basic float system\CRPerformance and safety testing \CR6 month w,,Services,1364,Non Inventory
HF13C,"Main Water Removal System Renovation \CRUpgrade to new ""Can't Leak"" Goliath protection system \CRVibration reduction system \CRInstall single moisture se",,Services,1819,Non Inventory
HF13D,"Complete Water Removal System Renovation \CRUpgrade to new ""Can't Leak"" Goliath protection system\CRVibration reduction system\CRInstall triple safe wate",,Services,2274,Non Inventory
HF13E,"Complete Water Removal System Renovation \CRUpgrade to new ""Can't Leak"" Goliath protection system\CRVibration reduction system\CRInstall triple safe wate",,Services,2729,Non Inventory
HF14A,Water Removal System Rejuvenation  \CRPerformance and safety testing \CR30 day warranty,,Services,1011,Non Inventory
HF14B,Basic Water Removal System Renovation\CRService and calibrate auxiliary system - install basic float system\CRPerformance and safety testing \CR6 month w,,Services,1516,Non Inventory
HF14C,"Main Water Removal System Renovation \CRUpgrade to new ""Can't Leak"" Goliath protection system \CRVibration reduction system \CRInstall single moisture se",,Services,2021,Non Inventory
HF14D,"Complete Water Removal System Renovation \CRUpgrade to new ""Can't Leak"" Goliath protection system\CRVibration reduction system\CRInstall triple safe wate",,Services,2526,Non Inventory
HF14E,"Complete Water Removal System Renovation \CRUpgrade to new ""Can't Leak"" Goliath protection system\CRVibration reduction system\CRInstall triple safe wate",,Services,3032,Non Inventory
HF15A,Water Removal System Rejuvenation \CRPerformance and safety testing \CR30 day warranty,,Services,413,Non Inventory
HF15B,Basic Water Removal System Renovation \CRInstall inline access port and basic water safety\CRPerformance and safety testing \CR6 month warranty,,Services,619,Non Inventory
HF15C,Main Water Removal System Renovation \CRWater removal system purge and flush\CRInstall inline access port - Install 1 year drain treatment \CRInstall sin,,Services,825,Non Inventory
HF15D,Complete Water Removal System Renovation \CRWater removal system purge and flush\CRInstall inline access port\CRInstall triple safe water and moisture se,,Services,1032,Non Inventory
HF15E,Complete Water Removal System Renovation \CRWater removal system purge and flush\CRInstall inline access port\CRInstall triple safe water and moisture se,,Services,1238,Non Inventory
HF16A,Water Removal System Rejuvenation \CRPerformance and safety testing \CR30 day warranty,,Services,533,Non Inventory
HF16B,Basic Water Removal System Renovation \CRInstall inline access port and basic water safety\CRPerformance and safety testing \CR6 month warranty,,Services,799,Non Inventory
HF16C,Main Water Removal System Renovation \CRWater removal system purge and flush\CRInstall inline access port - Install 1 year drain treatment \CRInstall sin,,Services,1065,Non Inventory
HF16D,Complete Water Removal System Renovation \CRWater removal system purge and flush\CRInstall inline access port\CRInstall triple safe water and moisture se,,Services,1331,Non Inventory
HF16E,Complete Water Removal System Renovation \CRWater removal system purge and flush\CRInstall inline access port\CRInstall triple safe water and moisture se,,Services,1598,Non Inventory
HF17A,Water Removal System Rejuvenation \CRPerformance and safety testing \CR30 day warranty,,Services,653,Non Inventory
HF17B,Basic Water Removal System Renovation \CRInstall inline access port and basic water safety\CRPerformance and safety testing \CR6 month warranty,,Services,979,Non Inventory
HF17C,Main Water Removal System Renovation \CRWater removal system purge and flush\CRInstall inline access port - Install 1 year drain treatment \CRInstall sin,,Services,1305,Non Inventory
HF17D,Complete Water Removal System Renovation \CRWater removal system purge and flush\CRInstall inline access port\CRInstall triple safe water and moisture se,,Services,1631,Non Inventory
HF17E,Complete Water Removal System Renovation \CRWater removal system purge and flush\CRInstall inline access port\CRInstall triple safe water and moisture se,,Services,1958,Non Inventory
HF18A,Water Removal System Rejuvenation \CRPerformance and safety testing \CR30 day warranty,,Services,790,Non Inventory
HF18B,Basic Water Removal System Renovation \CRInstall inline access port and basic water safety\CRPerformance and safety testing \CR6 month warranty,,Services,1186,Non Inventory
HF18C,Main Water Removal System Renovation \CRWater removal system purge and flush\CRInstall inline access port - Install 1 year drain treatment \CRInstall sin,,Services,1581,Non Inventory
HF18D,Complete Water Removal System Renovation \CRWater removal system purge and flush\CRInstall inline access port\CRInstall triple safe water and moisture se,,Services,1976,Non Inventory
HF18E,Complete Water Removal System Renovation \CRWater removal system purge and flush\CRInstall inline access port\CRInstall triple safe water and moisture se,,Services,2371,Non Inventory
HF19A,Water Removal System Rejuvenation \CRPerformance and safety testing \CR30 day warranty,,Services,579,Non Inventory
HF19B,Basic Water Removal System Renovation \CRTreat and flush water system\CRPerformance and safety testing \CR6 month warranty,,Services,868,Non Inventory
HF19C,Main Water Removal System Renovation \CRUpgrade to new low profile pumping system\CRVibration reduction system \CRInstall single moisture sensing system,,Services,1157,Non Inventory
HF19D,Complete Water Removal System Renovation \CRUpgrade to new low profile pumping system\CRVibration reduction system\CRInstall triple safe water and moistu,,Services,1447,Non Inventory
HF19E,Complete Water Removal System Renovation \CRUpgrade to new low profile pumping system\CRVibration reduction system\CRInstall triple safe water and moistu,,Services,1736,Non Inventory
HF1A,,,Services,307,Non Inventory
HF1B,Basic Odor Elimination System Renovation \CRNo air purification systems\CRPerformance and safety testing \CR6 month warranty,,Services,631,Non Inventory
HF1C,Main Odor Elimination System Renovation\CRUltra violet radiation chamber on heat transfer system\CRDisassemble and clean all components in air handling,,Services,841,Non Inventory
HF1D,Complete Odor Elimination System Renovation\CRInstall inline whole house air purification system\CRDisassemble and clean all components in air handling,,Services,1051,Non Inventory
HF1E,Complete Odor Elimination System Renovation\CRInstall inline whole house air purification system\CRDisassemble and clean all components in air handling,,Services,1262,Non Inventory
HF20A,Water Removal System Rejuvenation \CRPerformance and safety testing \CR30 day warranty,,Services,675,Non Inventory
HF20B,Basic Water Removal System Renovation \CRTreat and flush water system\CRPerformance and safety testing \CR6 month warranty,,Services,1013,Non Inventory
HF20C,Main Water Removal System Renovation \CRUpgrade to new low profile pumping system\CRVibration reduction system \CRInstall single moisture sensing system,,Services,1351,Non Inventory
HF20D,Complete Water Removal System Renovation \CRUpgrade to new low profile pumping system\CRVibration reduction system\CRInstall triple safe water and moistu,,Services,1688,Non Inventory
HF20E,Complete Water Removal System Renovation \CRUpgrade to new low profile pumping system\CRVibration reduction system\CRInstall triple safe water and moistu,,Services,2026,Non Inventory
HF21A,Water Removal System Rejuvenation \CRPerformance and safety testing \CR30 day warranty,,Services,796,Non Inventory
HF21B,Basic Water Removal System Renovation \CRTreat and flush water system\CRPerformance and safety testing \CR6 month warranty,,Services,1195,Non Inventory
HF21C,Main Water Removal System Renovation \CRUpgrade to new low profile pumping system\CRVibration reduction system \CRInstall single moisture sensing system,,Services,1593,Non Inventory
HF21D,Complete Water Removal System Renovation \CRUpgrade to new low profile pumping system\CRVibration reduction system\CRInstall triple safe water and moistu,,Services,1991,Non Inventory
HF21E,Complete Water Removal System Renovation \CRUpgrade to new low profile pumping system\CRVibration reduction system\CRInstall triple safe water and moistu,,Services,2389,Non Inventory
HF22A,Water Removal System Rejuvenation \CRPerformance and safety testing \CR30 day warranty,,Services,876,Non Inventory
HF22B,Basic Water Removal System Renovation \CRTreat and flush water system\CRPerformance and safety testing \CR6 month warranty,,Services,1314,Non Inventory
HF22C,Main Water Removal System Renovation \CRUpgrade to new low profile pumping system\CRVibration reduction system \CRInstall single moisture sensing system,,Services,1751,Non Inventory
HF22D,Complete Water Removal System Renovation \CRUpgrade to new low profile pumping system\CRVibration reduction system\CRInstall triple safe water and moistu,,Services,2189,Non Inventory
HF22E,Complete Water Removal System Renovation \CRUpgrade to new low profile pumping system\CRVibration reduction system\CRInstall triple safe water and moistu,,Services,2627,Non Inventory
HF23A,Combustion Drainage System Rejuvenation \CRPerformance and safety testing \CR30 day warranty,,Services,532,Non Inventory
HF23B,Basic Combustion Drainage System Renovation\CRService and calibrate auxiliary system - Install basic float system\CRPerformance and safety testing \CR6 m,,Services,798,Non Inventory
HF23C,Main Combustion Drainage System Renovation\CRUpgrade to new frost proof removal system\CRInline inspection port\CRInstall single moisture sensing system,,Services,1064,Non Inventory
HF23D,Complete Combustion Drainage System Renovation\CRUpgrade to new frost proof removal system\CRInline inspection port\CRInstall triple safe water and moist,,Services,1330,Non Inventory
HF23E,Complete Combustion Drainage System Renovation\CRUpgrade to new frost proof removal system\CRInline inspection port\CRInstall triple safe water and moist,,Services,1595,Non Inventory
HF24A,Combustion Drainage System Rejuvenation \CRPerformance and safety testing \CR30 day warranty,,Services,892,Non Inventory
HF24B,Basic Combustion Drainage System Renovation\CRService and calibrate auxiliary system - Install basic float system\CRPerformance and safety testing \CR6 m,,Services,1337,Non Inventory
HF24C,Main Combustion Drainage System Renovation\CRUpgrade to new frost proof removal system\CRInline inspection port\CRInstall single moisture sensing system,,Services,1783,Non Inventory
HF24D,Complete Combustion Drainage System Renovation\CRUpgrade to new frost proof removal system\CRInline inspection port\CRInstall triple safe water and moist,,Services,2229,Non Inventory
HF24E,Complete Combustion Drainage System Renovation\CRUpgrade to new frost proof removal system\CRInline inspection port\CRInstall triple safe water and moist,,Services,2675,Non Inventory
HF25A,Combustion Drainage System Rejuvenation \CRPerformance and safety testing \CR30 day warranty,,Services,1007,Non Inventory
HF25B,Basic Combustion Drainage System Renovation\CRService and calibrate auxiliary system - Install basic float system\CRPerformance and safety testing \CR6 m,,Services,1510,Non Inventory
HF25C,Main Combustion Drainage System Renovation\CRUpgrade to new frost proof removal system\CRInline inspection port\CRInstall single moisture sensing system,,Services,2013,Non Inventory
HF25D,Complete Combustion Drainage System Renovation\CRUpgrade to new frost proof removal system\CRInline inspection port\CRInstall triple safe water and moist,,Services,2516,Non Inventory
HF25E,Complete Combustion Drainage System Renovation\CRUpgrade to new frost proof removal system\CRInline inspection port\CRInstall triple safe water and moist,,Services,3020,Non Inventory
HF26A,Combustion Drainage System Rejuvenation \CRPerformance and safety testing \CR30 day warranty,,Services,1151,Non Inventory
HF26B,Basic Combustion Drainage System Renovation\CRService and calibrate auxiliary system - Install basic float system\CRPerformance and safety testing \CR6 m,,Services,1726,Non Inventory
HF26C,Main Combustion Drainage System Renovation\CRUpgrade to new frost proof removal system\CRInline inspection port\CRInstall single moisture sensing system,,Services,2301,Non Inventory
HF26D,Complete Combustion Drainage System Renovation\CRUpgrade to new frost proof removal system\CRInline inspection port\CRInstall triple safe water and moist,,Services,2877,Non Inventory
HF26E,Complete Combustion Drainage System Renovation\CRUpgrade to new frost proof removal system\CRInline inspection port\CRInstall triple safe water and moist,,Services,3452,Non Inventory
HF27A,Water Removal System Rejuvenation \CRPerformance and safety testing \CR30 day warranty,,Services,2280,Non Inventory
HF27B,Basic Water Removal System Renovation\CRBasic leak protection system\CRRefrigerant calibration service\CRInstall inline refrigerant filters\CRPerformance,,Services,2851,Non Inventory
HF27C,Main Water Removal System Renovation\CRInline leak protection & sensing systems\CRRestore heat transfer media to prime condition\CRRefrigerant calibratio,,Services,3193,Non Inventory
HF27D,Complete Water Removal System Renovation\CRInstall triple safe leak protection & sensing systems\CRInline treatment port installation\CRRestore heat tran,,Services,3649,Non Inventory
HF27E,Complete Water Removal System Renovation\CRInstall triple safe leak protection & sensing systems\CRInline treatment port installation\CRRestore heat tran,,Services,4561,Non Inventory
HF28A,Water Removal System Rejuvenation \CRPerformance and safety testing \CR30 day warranty,,Services,2686,Non Inventory
HF28B,Basic Water Removal System Renovation\CRBasic leak protection system\CRRefrigerant calibration service\CRInstall inline refrigerant filters\CRPerformance,,Services,3358,Non Inventory
HF28C,Main Water Removal System Renovation\CRInline leak protection & sensing systems\CRRestore heat transfer media to prime condition\CRRefrigerant calibratio,,Services,3761,Non Inventory
HF28D,Complete Water Removal System Renovation\CRInstall triple safe leak protection & sensing systems\CRInline treatment port installation\CRRestore heat tran,,Services,4298,Non Inventory
HF28E,Complete Water Removal System Renovation\CRInstall triple safe leak protection & sensing systems\CRInline treatment port installation\CRRestore heat tran,,Services,5372,Non Inventory
HF2A,,,Services,337,Non Inventory
HF2B,,,Services,484,Non Inventory
HF2C,,,Services,497,Non Inventory
HF2D,"Complete Water Removal System Renovation \CRUpgrade to new ""Can't Leak"" Goliath protection system\CRVibration reduction system\CRInstall triple safe wate",,Services,1290,Non Inventory
HF2E,"Complete Water Removal System Renovation \CRUpgrade to new ""Can't Leak"" Goliath protection system\CRVibration reduction system\CRInstall triple safe wate",,Services,1548,Non Inventory
HF3A,,,Services,395,Non Inventory
HF3B,Basic Water Removal System Renovation \CRInstall inline access port and basic water safety\CRPerformance and safety testing \CR6 month warranty,,Services,473,Non Inventory
HF3C,Main Water Removal System Renovation \CRWater removal system purge and flush\CRInstall inline access port - Install 1 year drain treatment \CRInstall sin,,Services,631,Non Inventory
HF3D,Complete Water Removal System Renovation \CRWater removal system purge and flush\CRInstall inline access port\CRInstall triple safe water and moisture se,,Services,788,Non Inventory
HF3E,Complete Water Removal System Renovation \CRWater removal system purge and flush\CRInstall inline access port\CRInstall triple safe water and moisture se,,Services,946,Non Inventory
HF4A,Water Removal System Rejuvenation \CRPerformance and safety testing \CR30 day warranty,,Services,452,Non Inventory
HF4B,,,Services,395,Non Inventory
HF4C,Main Water Removal System Renovation \CRUpgrade to new low profile pumping system\CRVibration reduction system \CRInstall single moisture sensing system,,Services,904,Non Inventory
HF4D,Complete Water Removal System Renovation \CRUpgrade to new low profile pumping system\CRVibration reduction system\CRInstall triple safe water and moistu,,Services,1130,Non Inventory
HF4E,Complete Water Removal System Renovation \CRUpgrade to new low profile pumping system\CRVibration reduction system\CRInstall triple safe water and moistu,,Services,1356,Non Inventory
HF5A,,,Services,395,Non Inventory
HF5B,Basic Combustion Drainage System Renovation\CRService and calibrate auxiliary system - Install basic float system\CRPerformance and safety testing \CR6 m,,Services,580,Non Inventory
HF5C,Main Combustion Drainage System Renovation\CRUpgrade to new frost proof removal system\CRInline inspection port\CRInstall single moisture sensing system,,Services,773,Non Inventory
HF5D,Complete Combustion Drainage System Renovation\CRUpgrade to new frost proof removal system\CRInline inspection port\CRInstall triple safe water and moist,,Services,967,Non Inventory
HF5E,Complete Combustion Drainage System Renovation\CRUpgrade to new frost proof removal system\CRInline inspection port\CRInstall triple safe water and moist,,Services,1160,Non Inventory
HF6A,,,Services,334,Non Inventory
HF6B,Basic Water Removal System Renovation\CRBasic leak protection system\CRRefrigerant calibration service\CRInstall inline refrigerant filters\CRPerformance,,Services,1497,Non Inventory
HF6C,Main Water Removal System Renovation\CRInline leak protection & sensing systems\CRRestore heat transfer media to prime condition\CRRefrigerant calibratio,,Services,1677,Non Inventory
HF6D,Complete Water Removal System Renovation\CRInstall triple safe leak protection & sensing systems\CRInline treatment port installation\CRRestore heat tran,,Services,1917,Non Inventory
HF6E,Complete Water Removal System Renovation\CRInstall triple safe leak protection & sensing systems\CRInline treatment port installation\CRRestore heat tran,,Services,2396,Non Inventory
HF7A,Water Removal System Rejuvenation \CRPerformance and safety testing \CR30 day warranty,,Services,1501,Non Inventory
HF7B,Basic Water Removal System Renovation\CRBasic leak protection system\CRRefrigerant calibration service\CRInstall inline refrigerant filters\CRPerformance,,Services,1876,Non Inventory
HF7C,Main Water Removal System Renovation\CRInline leak protection & sensing systems\CRRestore heat transfer media to prime condition\CRRefrigerant calibratio,,Services,2101,Non Inventory
HF7D,Complete Water Removal System Renovation\CRInstall triple safe leak protection & sensing systems\CRInline treatment port installation\CRRestore heat tran,,Services,2401,Non Inventory
HF7E,Complete Water Removal System Renovation\CRInstall triple safe leak protection & sensing systems\CRInline treatment port installation\CRRestore heat tran,,Services,3002,Non Inventory
HF8A,Water Removal System Rejuvenation \CRPerformance and safety testing \CR30 day warranty,,Services,1875,Non Inventory
HF8B,Basic Water Removal System Renovation\CRBasic leak protection system\CRRefrigerant calibration service\CRInstall inline refrigerant filters\CRPerformance,,Services,2344,Non Inventory
HF8C,Main Water Removal System Renovation\CRInline leak protection & sensing systems\CRRestore heat transfer media to prime condition\CRRefrigerant calibratio,,Services,2625,Non Inventory
HF8D,Complete Water Removal System Renovation\CRInstall triple safe leak protection & sensing systems\CRInline treatment port installation\CRRestore heat tran,,Services,3000,Non Inventory
HF8E,Complete Water Removal System Renovation\CRInstall triple safe leak protection & sensing systems\CRInline treatment port installation\CRRestore heat tran,,Services,3750,Non Inventory
HF9A,Odor Elimination System Rejuvenation \CRPerformance and safety testing \CR30 day warranty,,Services,546,Non Inventory
HF9B,Basic Odor Elimination System Renovation \CRNo air purification systems\CRPerformance and safety testing \CR6 month warranty,,Services,819,Non Inventory
HF9C,Main Odor Elimination System Renovation\CRUltra violet radiation chamber on heat transfer system\CRDisassemble and clean all components in air handling,,Services,1092,Non Inventory
HF9D,Complete Odor Elimination System Renovation\CRInstall inline whole house air purification system\CRDisassemble and clean all components in air handling,,Services,1365,Non Inventory
HF9E,Complete Odor Elimination System Renovation\CRInstall inline whole house air purification system\CRDisassemble and clean all components in air handling,,Services,1638,Non Inventory
HG10A,Refrigerant Filtering System Rejuvenation \CRPerformance and safety testing \CR30 day warranty,,Services,1210,Non Inventory
HG10B,Basic Refrigerant Filtering System Renovation\CRRecharge with performance inspection\CRFlush and evacuate all coolant lines\CRPerformance and safety test,,Services,1815,Non Inventory
HG10C,Main Refrigerant Filtering System Renovation\CRTriple evacuation and line purge\CRInstall acid preventatives\CRPerformance enhancement upgrade\CRPerforman,,Services,2420,Non Inventory
HG10D,Complete Refrigerant Filtering System Renovation\CRFollow up visit to remove contaminated filtering system\CRRestore system to prime condition\CRRenovate,,Services,3025,Non Inventory
HG10E,Complete Refrigerant Filtering System Renovation\CRFollow up visit to remove contaminated filtering system\CRRestore system to prime condition\CRRenovate,,Services,3630,Non Inventory
HG11A,Refrigerant PH calibration service\CRPerformance and safety testing\CR30 day warranty,,Services,340,Non Inventory
HG11B,Refrigerant Moisture Control Additives\CRFlush and evacuate all coolant lines\CRPerformance and safety testing\CR6 month warranty,,Services,509,Non Inventory
HG11C,Refrigerant Moisture Control Additives\CRTriple evacuation and line purge\CRInstall acid preventatives\CRInline refrigerant filter\CRPerformance and safet,,Services,679,Non Inventory
HG11D,Refrigerant Moisture Control Additives\CRInstall chemical drying system\CRRestore system to prime condition\CRRenovate performance enhancement system\CRTr,,Services,849,Non Inventory
HG11E,Refrigerant Moisture Control Additives\CRInstall chemical drying system\CRRestore system to prime condition\CRRenovate performance enhancement system\CRTr,,Services,1019,Non Inventory
HG12A,Refrigerant Containment System Rejuvenation \CRPerformance and safety testing \CR30 day warranty,,Services,1756,Non Inventory
HG12B,Basic Refrigerant Containment System Renovation \CRInstall in line coolant filter\CRFlush coolant lines\CRRecover / Reclaim / Recharge Refrigerant\CRPerfo,,Services,2635,Non Inventory
HG12C,Main Refrigerant Containment System Renovation\CRRestore system to prime condition\CRInstall inline coolant moisture removal filters\CRFlush coolant line,,Services,3513,Non Inventory
HG12D,Complete Refrigerant Containment System Renovation\CRComplete internal leak sealer installation\CRComplete balance and recharge coolant system\CRInstall,,Services,4391,Non Inventory
HG12E,Complete Refrigerant Containment System Renovation\CRComplete internal leak sealer installation\CRComplete balance and recharge coolant system\CRInstall,,Services,5269,Non Inventory
HG13A,Refrigerant Containment System Rejuvenation \CRPerformance and safety testing \CR30 day warranty,,Services,1917,Non Inventory
HG13B,Basic Refrigerant Containment System Renovation \CRInstall in line coolant filter\CRFlush coolant lines\CRRecover / Reclaim / Recharge Refrigerant\CRPerfo,,Services,2875,Non Inventory
HG13C,Main Refrigerant Containment System Renovation\CRRestore system to prime condition\CRInstall inline coolant moisture removal filters\CRFlush coolant line,,Services,3833,Non Inventory
HG13D,Complete Refrigerant Containment System Renovation\CRComplete internal leak sealer installation\CRComplete balance and recharge coolant system\CRInstall,,Services,4792,Non Inventory
HG13E,Complete Refrigerant Containment System Renovation\CRComplete internal leak sealer installation\CRComplete balance and recharge coolant system\CRInstall,,Services,5750,Non Inventory
HG14A,Refrigerant Containment System Rejuvenation \CRPerformance and safety testing \CR30 day warranty,,Services,2077,Non Inventory
HG14B,Basic Refrigerant Containment System Renovation \CRInstall in line coolant filter\CRFlush coolant lines\CRRecover / Reclaim / Recharge Refrigerant\CRPerfo,,Services,3115,Non Inventory
HG14C,Main Refrigerant Containment System Renovation\CRRestore system to prime condition\CRInstall inline coolant moisture removal filters\CRFlush coolant line,,Services,4154,Non Inventory
HG14D,Complete Refrigerant Containment System Renovation\CRComplete internal leak sealer installation\CRComplete balance and recharge coolant system\CRInstall,,Services,5192,Non Inventory
HG14E,Complete Refrigerant Containment System Renovation\CRComplete internal leak sealer installation\CRComplete balance and recharge coolant system\CRInstall,,Services,6230,Non Inventory
HG15A,Auxiliary Heating System Rejuvenation \CRPerformance and safety testing \CR30 day warranty,,Services,643,Non Inventory
HG15B,Basic Auxiliary Heating System Renovation\CRRepair damaged electrical components and auxiliary controls\CRPerformance and safety testing \CR6 month warra,,Services,964,Non Inventory
HG15C,Main Auxiliary Heating System Renovation\CRRejuvenate electrical systems and auxiliary controls\CRElectrical termination service\CRPerformance and safety,,Services,1286,Non Inventory
HG15D,Complete Auxiliary Heating System Renovation\CRRenovate electrical control system\CRHigh temperature safety service\CRUpgrade voltage distribution system,,Services,1607,Non Inventory
HG15E,Complete Auxiliary Heating System Renovation\CRRenovate electrical control system\CRHigh temperature safety service\CRUpgrade voltage distribution system,,Services,1929,Non Inventory
HG16A,Auxiliary Heating System Rejuvenation \CRPerformance and safety testing \CR30 day warranty,,Services,931,Non Inventory
HG16B,Basic Auxiliary Heating System Renovation\CRRepair damaged electrical components and auxiliary controls\CRPerformance and safety testing \CR6 month warra,,Services,1396,Non Inventory
HG16C,Main Auxiliary Heating System Renovation\CRRejuvenate electrical systems and auxiliary controls\CRElectrical termination service\CRPerformance and safety,,Services,1861,Non Inventory
HG16D,Complete Auxiliary Heating System Renovation\CRRenovate electrical control system\CRHigh temperature safety service\CRUpgrade voltage distribution system,,Services,2326,Non Inventory
HG16E,Complete Auxiliary Heating System Renovation\CRRenovate electrical control system\CRHigh temperature safety service\CRUpgrade voltage distribution system,,Services,2792,Non Inventory
HG17A,Auxiliary Heating System Rejuvenation \CRPerformance and safety testing \CR30 day warranty,,Services,1101,Non Inventory
HG17B,Basic Auxiliary Heating System Renovation\CRRepair damaged electrical components and auxiliary controls\CRPerformance and safety testing \CR6 month warra,,Services,1652,Non Inventory
HG17C,Main Auxiliary Heating System Renovation\CRRejuvenate electrical systems and auxiliary controls\CRElectrical termination service\CRPerformance and safety,,Services,2203,Non Inventory
HG17D,Complete Auxiliary Heating System Renovation\CRRenovate electrical control system\CRHigh temperature safety service\CRUpgrade voltage distribution system,,Services,2754,Non Inventory
HG17E,Complete Auxiliary Heating System Renovation\CRRenovate electrical control system\CRHigh temperature safety service\CRUpgrade voltage distribution system,,Services,3304,Non Inventory
HG18A,Auxiliary Heating System Rejuvenation \CRPerformance and safety testing \CR30 day warranty,,Services,984,Non Inventory
HG18B,Basic Auxiliary Heating System Renovation\CRRepair damaged electrical components and auxiliary controls\CRPerformance and safety testing \CR6 month warra,,Services,1475,Non Inventory
HG18C,Main Auxiliary Heating System Renovation\CRRejuvenate electrical systems and auxiliary controls\CRElectrical termination service\CRPerformance and safety,,Services,1967,Non Inventory
HG18D,Complete Auxiliary Heating System Renovation\CRRenovate electrical control system\CRHigh temperature safety service\CRUpgrade voltage distribution system,,Services,2459,Non Inventory
HG18E,Complete Auxiliary Heating System Renovation\CRRenovate electrical control system\CRHigh temperature safety service\CRUpgrade voltage distribution system,,Services,2951,Non Inventory
HG19A,Auxiliary Heating System Rejuvenation \CRPerformance and safety testing \CR30 day warranty,,Services,1166,Non Inventory
HG19B,Basic Auxiliary Heating System Renovation\CRRepair damaged electrical components and auxiliary controls\CRPerformance and safety testing \CR6 month warra,,Services,1749,Non Inventory
HG19C,Main Auxiliary Heating System Renovation\CRRejuvenate electrical systems and auxiliary controls\CRElectrical termination service\CRPerformance and safety,,Services,2332,Non Inventory
HG19D,Complete Auxiliary Heating System Renovation\CRRenovate electrical control system\CRHigh temperature safety service\CRUpgrade voltage distribution system,,Services,2915,Non Inventory
HG19E,Complete Auxiliary Heating System Renovation\CRRenovate electrical control system\CRHigh temperature safety service\CRUpgrade voltage distribution system,,Services,3498,Non Inventory
HG1A,"Hauling, Launching & Moring",,Services,225,Non Inventory
HG1B,Basic Refrigerant Containment System Renovation \CRInstall in line coolant filter\CRFlush coolant lines\CRRecover / Reclaim / Recharge Refrigerant\CRPerfo,,Services,2134,Non Inventory
HG1C,Main Refrigerant Containment System Renovation\CRRestore system to prime condition\CRInstall inline coolant moisture removal filters\CRFlush coolant line,,Services,2845,Non Inventory
HG1D,Complete Refrigerant Containment System Renovation\CRComplete internal leak sealer installation\CRComplete balance and recharge coolant system\CRInstall,,Services,3557,Non Inventory
HG1E,Winterization-\CRDrain gear lube from lower unit and pressure test\CRFill lower unit with new gear and replace gaskets\CRRemove propeller inspect and visual,,Services,585,Non Inventory
HG20A,Auxiliary Heating System Rejuvenation \CRPerformance and safety testing \CR30 day warranty,,Services,1349,Non Inventory
HG20B,Basic Auxiliary Heating System Renovation\CRRepair damaged electrical components and auxiliary controls\CRPerformance and safety testing \CR6 month warra,,Services,2023,Non Inventory
HG20C,Main Auxiliary Heating System Renovation\CRRejuvenate electrical systems and auxiliary controls\CRElectrical termination service\CRPerformance and safety,,Services,2697,Non Inventory
HG20D,Complete Auxiliary Heating System Renovation\CRRenovate electrical control system\CRHigh temperature safety service\CRUpgrade voltage distribution system,,Services,3372,Non Inventory
HG20E,Complete Auxiliary Heating System Renovation\CRRenovate electrical control system\CRHigh temperature safety service\CRUpgrade voltage distribution system,,Services,4046,Non Inventory
HG21A,Refrigerant Filtering System Rejuvenation \CRPerformance and safety testing \CR30 day warranty,,Services,1304,Non Inventory
HG21B,Basic Refrigerant Filtering System Renovation \CRPerformance and safety testing \CR6 month warranty,,Services,1630,Non Inventory
HG21C,Main Refrigerant Filtering System Renovation \CRTriple evacuation and line purge\CRInstall acid preventatives\CRPerformance enhancement upgrade\CRPerforma,,Services,1825,Non Inventory
HG21D,Complete Refrigerant Filtering System Renovation\CRInstall internal leak sealers and chemical dryers \CRRestore system to prime condition\CRRenovate perf,,Services,2086,Non Inventory
HG21E,Complete Refrigerant Filtering System Renovation\CRInstall internal leak sealers and chemical dryers \CRRestore system to prime condition\CRRenovate perf,,Services,2607,Non Inventory
HG22A,Refrigerant Filtering System Rejuvenation \CRPerformance and safety testing \CR30 day warranty,,Services,1509,Non Inventory
HG22B,Basic Refrigerant Filtering System Renovation \CRPerformance and safety testing \CR6 month warranty,,Services,1887,Non Inventory
HG22C,Main Refrigerant Filtering System Renovation \CRTriple evacuation and line purge\CRInstall acid preventatives\CRPerformance enhancement upgrade\CRPerforma,,Services,2113,Non Inventory
HG22D,Complete Refrigerant Filtering System Renovation\CRInstall internal leak sealers and chemical dryers \CRRestore system to prime condition\CRRenovate perf,,Services,2415,Non Inventory
HG22E,Complete Refrigerant Filtering System Renovation\CRInstall internal leak sealers and chemical dryers \CRRestore system to prime condition\CRRenovate perf,,Services,3019,Non Inventory
HG23A,Refrigerant Filtering System Rejuvenation \CRPerformance and safety testing \CR30 day warranty,,Services,1715,Non Inventory
HG23B,Basic Refrigerant Filtering System Renovation \CRPerformance and safety testing \CR6 month warranty,,Services,2144,Non Inventory
HG23C,Main Refrigerant Filtering System Renovation \CRTriple evacuation and line purge\CRInstall acid preventatives\CRPerformance enhancement upgrade\CRPerforma,,Services,2401,Non Inventory
HG23D,Complete Refrigerant Filtering System Renovation\CRInstall internal leak sealers and chemical dryers \CRRestore system to prime condition\CRRenovate perf,,Services,2744,Non Inventory
HG23E,Complete Refrigerant Filtering System Renovation\CRInstall internal leak sealers and chemical dryers \CRRestore system to prime condition\CRRenovate perf,,Services,3430,Non Inventory
HG24A,Refrigerant Filtering System Rejuvenation \CRPerformance and safety testing \CR30 day warranty,,Services,1297,Non Inventory
HG24B,Basic Refrigerant Filtering System Renovation\CRRecharge with performance inspection\CRFlush and evacuate all coolant lines\CRPerformance and safety test,,Services,1946,Non Inventory
HG24C,Main Refrigerant Filtering System Renovation\CRTriple evacuation and line purge\CRInstall acid preventatives\CRPerformance enhancement upgrade\CRPerforman,,Services,2595,Non Inventory
HG24D,Complete Refrigerant Filtering System Renovation\CRFollow up visit to remove contaminated filtering system\CRRestore system to prime condition\CRRenovate,,Services,3243,Non Inventory
HG24E,Complete Refrigerant Filtering System Renovation\CRFollow up visit to remove contaminated filtering system\CRRestore system to prime condition\CRRenovate,,Services,3892,Non Inventory
HG25A,Refrigerant Filtering System Rejuvenation \CRPerformance and safety testing \CR30 day warranty,,Services,1385,Non Inventory
HG25B,Basic Refrigerant Filtering System Renovation\CRRecharge with performance inspection\CRFlush and evacuate all coolant lines\CRPerformance and safety test,,Services,2077,Non Inventory
HG25C,Main Refrigerant Filtering System Renovation\CRTriple evacuation and line purge\CRInstall acid preventatives\CRPerformance enhancement upgrade\CRPerforman,,Services,2770,Non Inventory
HG25D,Complete Refrigerant Filtering System Renovation\CRFollow up visit to remove contaminated filtering system\CRRestore system to prime condition\CRRenovate,,Services,3462,Non Inventory
HG25E,Complete Refrigerant Filtering System Renovation\CRFollow up visit to remove contaminated filtering system\CRRestore system to prime condition\CRRenovate,,Services,4154,Non Inventory
HG26A,Refrigerant Filtering System Rejuvenation \CRPerformance and safety testing \CR30 day warranty,,Services,1472,Non Inventory
HG26B,Basic Refrigerant Filtering System Renovation\CRRecharge with performance inspection\CRFlush and evacuate all coolant lines\CRPerformance and safety test,,Services,2208,Non Inventory
HG26C,Main Refrigerant Filtering System Renovation\CRTriple evacuation and line purge\CRInstall acid preventatives\CRPerformance enhancement upgrade\CRPerforman,,Services,2944,Non Inventory
HG26D,Complete Refrigerant Filtering System Renovation\CRFollow up visit to remove contaminated filtering system\CRRestore system to prime condition\CRRenovate,,Services,3680,Non Inventory
HG26E,Complete Refrigerant Filtering System Renovation\CRFollow up visit to remove contaminated filtering system\CRRestore system to prime condition\CRRenovate,,Services,4417,Non Inventory
HG27A,Refrigerant PH calibration service\CRPerformance and safety testing\CR30 day warranty,,Services,510,Non Inventory
HG27B,Refrigerant Moisture Control Additives\CRFlush and evacuate all coolant lines\CRPerformance and safety testing\CR6 month warranty,,Services,764,Non Inventory
HG27C,Refrigerant Moisture Control Additives\CRTriple evacuation and line purge\CRInstall acid preventatives\CRInline refrigerant filter\CRPerformance and safet,,Services,1019,Non Inventory
HG27D,Refrigerant Moisture Control Additives\CRInstall chemical drying system\CRRestore system to prime condition\CRRenovate performance enhancement system\CRTr,,Services,1274,Non Inventory
HG27E,Refrigerant Moisture Control Additives\CRInstall chemical drying system\CRRestore system to prime condition\CRRenovate performance enhancement system\CRTr,,Services,1529,Non Inventory
HG28A,Refrigerant PH calibration service\CRPerformance and safety testing\CR30 day warranty,,Services,662,Non Inventory
HG28B,Refrigerant Moisture Control Additives\CRFlush and evacuate all coolant lines\CRPerformance and safety testing\CR6 month warranty,,Services,994,Non Inventory
HG28C,Refrigerant Moisture Control Additives\CRTriple evacuation and line purge\CRInstall acid preventatives\CRInline refrigerant filter\CRPerformance and safet,,Services,1325,Non Inventory
HG28D,Refrigerant Moisture Control Additives\CRInstall chemical drying system\CRRestore system to prime condition\CRRenovate performance enhancement system\CRTr,,Services,1656,Non Inventory
HG28E,Refrigerant Moisture Control Additives\CRInstall chemical drying system\CRRestore system to prime condition\CRRenovate performance enhancement system\CRTr,,Services,1987,Non Inventory
HG2A,"No Assist Charge for H, L & M",,Services,75,Non Inventory
HG2B,Basic Refrigerant Containment System Renovation \CRInstall in line coolant filter\CRFlush coolant lines\CRRecover / Reclaim / Recharge Refrigerant\CRPerfo,,Services,2394,Non Inventory
HG2C,Main Refrigerant Containment System Renovation\CRRestore system to prime condition\CRInstall inline coolant moisture removal filters\CRFlush coolant line,,Services,3192,Non Inventory
HG2D,Complete Refrigerant Containment System Renovation\CRComplete internal leak sealer installation\CRComplete balance and recharge coolant system\CRInstall,,Services,3990,Non Inventory
HG2E,Bottom Boat paint,,Services,825,Non Inventory
HG3A,Spring Start,,Services,120,Non Inventory
HG3B,Basic Auxiliary Heating System Renovation\CRRepair damaged electrical components and auxiliary controls\CRPerformance and safety testing \CR6 month warra,,Services,449,Non Inventory
HG3C,Main Auxiliary Heating System Renovation\CRRejuvenate electrical systems and auxiliary controls\CRElectrical termination service\CRPerformance and safety,,Services,599,Non Inventory
HG3D,Complete Auxiliary Heating System Renovation\CRRenovate electrical control system\CRHigh temperature safety service\CRUpgrade voltage distribution system,,Services,748,Non Inventory
HG3E,Complete Auxiliary Heating System Renovation\CRRenovate electrical control system\CRHigh temperature safety service\CRUpgrade voltage distribution system,,Services,898,Non Inventory
HG4A,Interior boat cleaning,,Services,120,Non Inventory
HG4B,Basic Auxiliary Heating System Renovation\CRRepair damaged electrical components and auxiliary controls\CRPerformance and safety testing \CR6 month warra,,Services,673,Non Inventory
HG4C,Main Auxiliary Heating System Renovation\CRRejuvenate electrical systems and auxiliary controls\CRElectrical termination service\CRPerformance and safety,,Services,897,Non Inventory
HG4D,Complete Auxiliary Heating System Renovation\CRRenovate electrical control system\CRHigh temperature safety service\CRUpgrade voltage distribution system,,Services,1122,Non Inventory
HG4E,Complete Auxiliary Heating System Renovation\CRRenovate electrical control system\CRHigh temperature safety service\CRUpgrade voltage distribution system,,Services,1346,Non Inventory
HG5A,HLM Return Trip,,Services,120,Non Inventory
HG5B,Basic Auxiliary Heating System Renovation\CRRepair damaged electrical components and auxiliary controls\CRPerformance and safety testing \CR6 month warra,,Services,919,Non Inventory
HG5C,Main Auxiliary Heating System Renovation\CRRejuvenate electrical systems and auxiliary controls\CRElectrical termination service\CRPerformance and safety,,Services,1226,Non Inventory
HG5D,Complete Auxiliary Heating System Renovation\CRRenovate electrical control system\CRHigh temperature safety service\CRUpgrade voltage distribution system,,Services,1532,Non Inventory
HG5E,Complete Auxiliary Heating System Renovation\CRRenovate electrical control system\CRHigh temperature safety service\CRUpgrade voltage distribution system,,Services,1838,Non Inventory
HG6A,Auxiliary Heating System Rejuvenation \CRPerformance and safety testing \CR30 day warranty,,Services,823,Non Inventory
HG6B,Basic Auxiliary Heating System Renovation\CRRepair damaged electrical components and auxiliary controls\CRPerformance and safety testing \CR6 month warra,,Services,1235,Non Inventory
HG6C,Main Auxiliary Heating System Renovation\CRRejuvenate electrical systems and auxiliary controls\CRElectrical termination service\CRPerformance and safety,,Services,1647,Non Inventory
HG6D,Complete Auxiliary Heating System Renovation\CRRenovate electrical control system\CRHigh temperature safety service\CRUpgrade voltage distribution system,,Services,2058,Non Inventory
HG6E,Complete Auxiliary Heating System Renovation\CRRenovate electrical control system\CRHigh temperature safety service\CRUpgrade voltage distribution system,,Services,2470,Non Inventory
HG7A,Refrigerant Filtering System Rejuvenation \CRPerformance and safety testing \CR30 day warranty,,Services,888,Non Inventory
HG7B,Basic Refrigerant Filtering System Renovation \CRPerformance and safety testing \CR6 month warranty,,Services,1109,Non Inventory
HG7C,Main Refrigerant Filtering System Renovation \CRTriple evacuation and line purge\CRInstall acid preventatives\CRPerformance enhancement upgrade\CRPerforma,,Services,1243,Non Inventory
HG7D,Complete Refrigerant Filtering System Renovation\CRInstall internal leak sealers and chemical dryers \CRRestore system to prime condition\CRRenovate perf,,Services,1420,Non Inventory
HG7E,Complete Refrigerant Filtering System Renovation\CRInstall internal leak sealers and chemical dryers \CRRestore system to prime condition\CRRenovate perf,,Services,1775,Non Inventory
HG8A,Refrigerant Filtering System Rejuvenation \CRPerformance and safety testing \CR30 day warranty,,Services,1098,Non Inventory
HG8B,Basic Refrigerant Filtering System Renovation \CRPerformance and safety testing \CR6 month warranty,,Services,1373,Non Inventory
HG8C,Main Refrigerant Filtering System Renovation \CRTriple evacuation and line purge\CRInstall acid preventatives\CRPerformance enhancement upgrade\CRPerforma,,Services,1537,Non Inventory
HG8D,Complete Refrigerant Filtering System Renovation\CRInstall internal leak sealers and chemical dryers \CRRestore system to prime condition\CRRenovate perf,,Services,1757,Non Inventory
HG8E,Complete Refrigerant Filtering System Renovation\CRInstall internal leak sealers and chemical dryers \CRRestore system to prime condition\CRRenovate perf,,Services,2196,Non Inventory
HG9A,Refrigerant Filtering System Rejuvenation \CRPerformance and safety testing \CR30 day warranty,,Services,1012,Non Inventory
HG9B,Basic Refrigerant Filtering System Renovation\CRRecharge with performance inspection\CRFlush and evacuate all coolant lines\CRPerformance and safety test,,Services,1518,Non Inventory
HG9C,Main Refrigerant Filtering System Renovation\CRTriple evacuation and line purge\CRInstall acid preventatives\CRPerformance enhancement upgrade\CRPerforman,,Services,2024,Non Inventory
HG9D,Complete Refrigerant Filtering System Renovation\CRFollow up visit to remove contaminated filtering system\CRRestore system to prime condition\CRRenovate,,Services,2529,Non Inventory
HG9E,Complete Refrigerant Filtering System Renovation\CRFollow up visit to remove contaminated filtering system\CRRestore system to prime condition\CRRenovate,,Services,3035,Non Inventory
HH10A,Moisture Restoration System Rejuvenation \CRPerformance and safety testing\CR30 day warranty,,Services,1161,Non Inventory
HH10B,Basic Moisture Restoration System Renovation\CRBasic comfort and safety upgrades\CRPerformance and safety testing\CR6 month warranty,,Services,1741,Non Inventory
HH10C,Main Moisture Restoration System Renovation\CRComfort control system \CRInline mineral filters\CRPerformance and safety testing\CR1 year warranty,,Services,2322,Non Inventory
HH10D,Complete Moisture Restoration System Renovation\CRExtreme comfort control system renovation\CRInline mineral filters\CRComplete water removal system reno,,Services,2902,Non Inventory
HH10E,Complete Moisture Restoration System Renovation\CRExtreme comfort control system renovation\CRInline mineral filters\CRComplete water removal system reno,,Services,3483,Non Inventory
HH11A,Bacteria Prevention System Rejuvenation \CRPerformance and safety testing\CR30 day warranty,,Services,352,Non Inventory
HH11B,Basic Bacteria Prevention System Renovation \CRAir fresh treatment service\CRPerformance and safety testing\CR6 month warranty,,Services,529,Non Inventory
HH11C,Main Bacteria Prevention System Renovation\CRAir loss reduction service\CRAir fresh treatment service\CRPerformance and safety testing\CR1 year warranty,,Services,705,Non Inventory
HH11D,Complete Bacteria Prevention System Renovation \CRRestore heat transfer media to prime condition\CRAir loss reduction service\CRAir fresh treatment servi,,Services,881,Non Inventory
HH11E,Complete Bacteria Prevention System Renovation \CRRestore heat transfer media to prime condition\CRAir loss reduction service\CRAir fresh treatment servi,,Services,1057,Non Inventory
HH12A,Bacteria Prevention System Rejuvenation \CRPerformance and safety testing\CR30 day warranty,,Services,536,Non Inventory
HH12B,Basic Bacteria Prevention System Renovation \CRAir fresh treatment service\CRPerformance and safety testing\CR6 month warranty,,Services,803,Non Inventory
HH12C,Main Bacteria Prevention System Renovation\CRAir loss reduction service\CRAir fresh treatment service\CRPerformance and safety testing\CR1 year warranty,,Services,1071,Non Inventory
HH12D,Complete Bacteria Prevention System Renovation \CRRestore heat transfer media to prime condition\CRAir loss reduction service\CRAir fresh treatment servi,,Services,1339,Non Inventory
HH12E,Complete Bacteria Prevention System Renovation \CRRestore heat transfer media to prime condition\CRAir loss reduction service\CRAir fresh treatment servi,,Services,1607,Non Inventory
HH13A,Ultra Violet Bacteria Prevention System Rejuvenation  \CRPerformance and safety testing \CR30 day warranty,,Services,1050,Non Inventory
HH13B,Basic Ultra Violet Bacteria Prevention System Renovation\CRRestore system to prime condition\CRSingle treatment system\CRPerformance and safety testing \CR,,Services,1575,Non Inventory
HH13C,Main Ultra Violet Bacteria Prevention System Renovation\CRDual zone treatment\CRRestore system to prime condition\CRHeat transfer media treatment service,,Services,2100,Non Inventory
HH14A,Ultra Violet Bacteria Prevention System Rejuvenation  \CRPerformance and safety testing \CR30 day warranty,,Services,1385,Non Inventory
HH14B,Basic Ultra Violet Bacteria Prevention System Renovation\CRRestore system to prime condition\CRSingle treatment system\CRPerformance and safety testing \CR,,Services,2077,Non Inventory
HH14C,Main Ultra Violet Bacteria Prevention System Renovation\CRDual zone treatment\CRRestore system to prime condition\CRHeat transfer media treatment service,,Services,2769,Non Inventory
HH15A,High Density Surgical Quality Filtration System Rejuvenation \CRPerformance and safety testing \CR30 day warranty,,Services,1247,Non Inventory
HH15B,Basic High Density Surgical Quality Filtration System Renovation\CRRestore system to prime condition\CRPerformance and safety testing \CR6 month warranty,,Services,1870,Non Inventory
HH15C,Main High Density Surgical Quality Filtration System Renovation\CRAir loss reduction service\CRRestore system to prime condition\CRAirflow calibration se,,Services,2493,Non Inventory
HH15D,Complete High Density Surgical Quality Filtration System Renovation \CRAir loss reduction service\CRAir distribution system renovation\CRRestore system t,,Services,3116,Non Inventory
HH15E,Complete High Density Surgical Quality Filtration System Renovation \CRAir loss reduction service\CRAir distribution system renovation\CRRestore system t,,Services,3740,Non Inventory
HH16A,High Density Surgical Quality Filtration System Rejuvenation \CRPerformance and safety testing \CR30 day warranty,,Services,1461,Non Inventory
HH16B,Basic High Density Surgical Quality Filtration System Renovation\CRRestore system to prime condition\CRPerformance and safety testing \CR6 month warranty,,Services,2191,Non Inventory
HH16C,Main High Density Surgical Quality Filtration System Renovation\CRAir loss reduction service\CRRestore system to prime condition\CRAirflow calibration se,,Services,2922,Non Inventory
HH16D,Complete High Density Surgical Quality Filtration System Renovation \CRAir loss reduction service\CRAir distribution system renovation\CRRestore system t,,Services,3652,Non Inventory
HH16E,Complete High Density Surgical Quality Filtration System Renovation \CRAir loss reduction service\CRAir distribution system renovation\CRRestore system t,,Services,4383,Non Inventory
HH17A,Single Media or Bacteria Prevention System Only\CRPerformance and safety testing 3\CR0 day warranty,,Services,1111,Non Inventory
HH17B,Low Maintenance Media Filtration and Bacteria Prevention Systems Only\CRPerformance and safety testing \CR6 month warranty,,Services,1666,Non Inventory
HH17C,Main High Density Surgical Quality Filtration System Renovation \CRUltra Violet bacteria prevention system installation\CRAir loss reduction service\CRRe,,Services,2222,Non Inventory
HH17D,Complete High Density Surgical Quality Filtration System Renovation\CRUltra Violet bacteria prevention system installation \CRAir loss reduction service,,Services,2777,Non Inventory
HH17E,Complete High Density Surgical Quality Filtration System Renovation\CRUltra Violet bacteria prevention system installation \CRAir loss reduction service,,Services,3333,Non Inventory
HH18A,Single Media or Bacteria Prevention System Only\CRPerformance and safety testing 3\CR0 day warranty,,Services,1528,Non Inventory
HH18B,Low Maintenance Media Filtration and Bacteria Prevention Systems Only\CRPerformance and safety testing \CR6 month warranty,,Services,2292,Non Inventory
HH18C,Main High Density Surgical Quality Filtration System Renovation \CRUltra Violet bacteria prevention system installation\CRAir loss reduction service\CRRe,,Services,3057,Non Inventory
HH18D,Complete High Density Surgical Quality Filtration System Renovation\CRUltra Violet bacteria prevention system installation \CRAir loss reduction service,,Services,3821,Non Inventory
HH18E,Complete High Density Surgical Quality Filtration System Renovation\CRUltra Violet bacteria prevention system installation \CRAir loss reduction service,,Services,4585,Non Inventory
HH19A,Air Protection System Rejuvenation \CRPerformance and safety testing\CR30 day warranty,,Services,385,Non Inventory
HH19B,Basic Air Protection System Renovation\CRPerformance and calibration service\CRPerformance and safety testing\CR6 month warranty,,Services,577,Non Inventory
HH19C,Main Air Protection System Renovation\CRRestore heat transfer surfaces to prime condition\CRRefrigerant calibration service\CRPerformance and safety test,,Services,769,Non Inventory
HH19D,"Complete Air Protection System Renovation\CRRefrigerant calibration service\CRRestore heat transfer media to prime condition\CRClear, clean and sanitize",,Services,962,Non Inventory
HH19E,"Complete Air Protection System Renovation\CRRefrigerant calibration service\CRRestore heat transfer media to prime condition\CRClear, clean and sanitize",,Services,1154,Non Inventory
HH1A,,,Services,509,Non Inventory
HH1B,,,Services,742,Non Inventory
HH1C,Main Air Protection System Renovation\CRRestore heat transfer surfaces to prime condition\CRRefrigerant calibration service\CRPerformance and safety test,,Services,525,Non Inventory
HH1D,"Complete Air Protection System Renovation\CRRefrigerant calibration service\CRRestore heat transfer media to prime condition\CRClear, clean and sanitize",,Services,657,Non Inventory
HH1E,"Complete Air Protection System Renovation\CRRefrigerant calibration service\CRRestore heat transfer media to prime condition\CRClear, clean and sanitize",,Services,788,Non Inventory
HH20A,Air Protection System Rejuvenation \CRPerformance and safety testing\CR30 day warranty,,Services,566,Non Inventory
HH20B,Basic Air Protection System Renovation\CRPerformance and calibration service\CRPerformance and safety testing\CR6 month warranty,,Services,849,Non Inventory
HH20C,Main Air Protection System Renovation\CRRestore heat transfer surfaces to prime condition\CRRefrigerant calibration service\CRPerformance and safety test,,Services,1132,Non Inventory
HH20D,"Complete Air Protection System Renovation\CRRefrigerant calibration service\CRRestore heat transfer media to prime condition\CRClear, clean and sanitize",,Services,1415,Non Inventory
HH20E,"Complete Air Protection System Renovation\CRRefrigerant calibration service\CRRestore heat transfer media to prime condition\CRClear, clean and sanitize",,Services,1698,Non Inventory
HH21A,Air Protection System Rejuvenation \CRPerformance and safety testing\CR30 day warranty,,Services,736,Non Inventory
HH21B,Basic Air Protection System Renovation\CRPerformance and calibration service\CRPerformance and safety testing\CR6 month warranty,,Services,1104,Non Inventory
HH21C,Main Air Protection System Renovation\CRRestore heat transfer surfaces to prime condition\CRRefrigerant calibration service\CRPerformance and safety test,,Services,1472,Non Inventory
HH21D,"Complete Air Protection System Renovation\CRRefrigerant calibration service\CRRestore heat transfer media to prime condition\CRClear, clean and sanitize",,Services,1840,Non Inventory
HH21E,"Complete Air Protection System Renovation\CRRefrigerant calibration service\CRRestore heat transfer media to prime condition\CRClear, clean and sanitize",,Services,2208,Non Inventory
HH22A,Air Protection System Rejuvenation \CRPerformance and safety testing\CR30 day warranty,,Services,912,Non Inventory
HH22B,Basic Air Protection System Renovation\CRPerformance and calibration service\CRPerformance and safety testing\CR6 month warranty,,Services,1367,Non Inventory
HH22C,Main Air Protection System Renovation\CRRestore heat transfer surfaces to prime condition\CRRefrigerant calibration service\CRPerformance and safety test,,Services,1823,Non Inventory
HH22D,"Complete Air Protection System Renovation\CRRefrigerant calibration service\CRRestore heat transfer media to prime condition\CRClear, clean and sanitize",,Services,2279,Non Inventory
HH22E,"Complete Air Protection System Renovation\CRRefrigerant calibration service\CRRestore heat transfer media to prime condition\CRClear, clean and sanitize",,Services,2735,Non Inventory
HH23A,Electronic Air Protection System Rejuvenation\CRPerformance and safety testing\CR30 day warranty,,Services,722,Non Inventory
HH23B,Basic Electronic Air Protection System Renovation\CRAir protection system restoration service\CRPerformance and safety testing\CR6 month warranty,,Services,1083,Non Inventory
HH23C,Main Electronic Air Protection System Renovation\CRElectrical control system renovation\CRAir protection system restoration service\CRPerformance and saf,,Services,1444,Non Inventory
HH23D,Complete Electronic Air Protection System Renovation\CRElectrical control system renovation\CRElectronic media cell rejuvenation\CRAir protection system,,Services,1805,Non Inventory
HH23E,Complete Electronic Air Protection System Renovation\CRElectrical control system renovation\CRElectronic media cell rejuvenation\CRAir protection system,,Services,2166,Non Inventory
HH24A,Electronic Air Protection System Rejuvenation\CRPerformance and safety testing\CR30 day warranty,,Services,889,Non Inventory
HH24B,Basic Electronic Air Protection System Renovation\CRAir protection system restoration service\CRPerformance and safety testing\CR6 month warranty,,Services,1334,Non Inventory
HH24C,Main Electronic Air Protection System Renovation\CRElectrical control system renovation\CRAir protection system restoration service\CRPerformance and saf,,Services,1778,Non Inventory
HH24D,Complete Electronic Air Protection System Renovation\CRElectrical control system renovation\CRElectronic media cell rejuvenation\CRAir protection system,,Services,2223,Non Inventory
HH24E,Complete Electronic Air Protection System Renovation\CRElectrical control system renovation\CRElectronic media cell rejuvenation\CRAir protection system,,Services,2668,Non Inventory
HH25A,Comfort Control System Rejuvenation \CRPerformance and safety testing\CR30 day warranty,,Services,741,Non Inventory
HH25B,Basic Comfort Control System Renovation\CRRenovate system control wiring\CRElectrical termination service\CRPerformance and safety testing\CR6 month warra,,Services,1000,Non Inventory
HH25C,Main Comfort Control System Renovation\CRVoltage conversion system rejuvenation\CRRenovate system control wiring\CRElectrical termination service\CRPerfor,,Services,1296,Non Inventory
HH25D,Complete Comfort Control System Renovation\CRComplete voltage protection system renovation\CRRenovate system control wiring\CRVoltage conversion system r,,Services,1629,Non Inventory
HH25E,Complete Comfort Control System Renovation\CRComplete voltage protection system renovation\CRRenovate system control wiring\CRVoltage conversion system r,,Services,1925,Non Inventory
HH26A,Comfort Control System Rejuvenation \CRPerformance and safety testing\CR30 day warranty,,Services,863,Non Inventory
HH26B,Basic Comfort Control System Renovation\CRRenovate system control wiring\CRElectrical termination service\CRPerformance and safety testing\CR6 month warra,,Services,1165,Non Inventory
HH26C,Main Comfort Control System Renovation\CRVoltage conversion system rejuvenation\CRRenovate system control wiring\CRElectrical termination service\CRPerfor,,Services,1511,Non Inventory
HH26D,Complete Comfort Control System Renovation\CRComplete voltage protection system renovation\CRRenovate system control wiring\CRVoltage conversion system r,,Services,1899,Non Inventory
HH26E,Complete Comfort Control System Renovation\CRComplete voltage protection system renovation\CRRenovate system control wiring\CRVoltage conversion system r,,Services,2244,Non Inventory
HH27A,Comfort Control System Rejuvenation \CRPerformance and safety testing\CR30 day warranty,,Services,1004,Non Inventory
HH27B,Basic Comfort Control System Renovation\CRRenovate system control wiring\CRElectrical termination service\CRPerformance and safety testing\CR6 month warra,,Services,1355,Non Inventory
HH27C,Main Comfort Control System Renovation\CRVoltage conversion system rejuvenation\CRRenovate system control wiring\CRElectrical termination service\CRPerfor,,Services,1756,Non Inventory
HH27D,Complete Comfort Control System Renovation\CRComplete voltage protection system renovation\CRRenovate system control wiring\CRVoltage conversion system r,,Services,2208,Non Inventory
HH27E,Complete Comfort Control System Renovation\CRComplete voltage protection system renovation\CRRenovate system control wiring\CRVoltage conversion system r,,Services,2609,Non Inventory
HH28A,Comfort Control System Rejuvenation \CRPerformance and safety testing\CR30 day warranty,,Services,1169,Non Inventory
HH28B,Basic Comfort Control System Renovation\CRRenovate system control wiring\CRElectrical termination service\CRPerformance and safety testing\CR6 month warra,,Services,1577,Non Inventory
HH28C,Main Comfort Control System Renovation\CRVoltage conversion system rejuvenation\CRRenovate system control wiring\CRElectrical termination service\CRPerfor,,Services,2045,Non Inventory
HH28D,Complete Comfort Control System Renovation\CRComplete voltage protection system renovation\CRRenovate system control wiring\CRVoltage conversion system r,,Services,2571,Non Inventory
HH28E,Complete Comfort Control System Renovation\CRComplete voltage protection system renovation\CRRenovate system control wiring\CRVoltage conversion system r,,Services,3038,Non Inventory
HH29A,Comfort Control System Rejuvenation \CRPerformance and safety testing\CR30 day warranty,,Services,1423,Non Inventory
HH29B,Basic Comfort Control System Renovation\CRRenovate system control wiring\CRElectrical termination service\CRPerformance and safety testing\CR6 month warra,,Services,1922,Non Inventory
HH29C,Main Comfort Control System Renovation\CRVoltage conversion system rejuvenation\CRRenovate system control wiring\CRElectrical termination service\CRPerfor,,Services,2491,Non Inventory
HH29D,Complete Comfort Control System Renovation\CRComplete voltage protection system renovation\CRRenovate system control wiring\CRVoltage conversion system r,,Services,3131,Non Inventory
HH29E,Complete Comfort Control System Renovation\CRComplete voltage protection system renovation\CRRenovate system control wiring\CRVoltage conversion system r,,Services,3701,Non Inventory
HH2A,,,Services,634,Non Inventory
HH2B,,,Services,867,Non Inventory
HH2C,Main Electronic Air Protection System Renovation\CRElectrical control system renovation\CRAir protection system restoration service\CRPerformance and saf,,Services,486,Non Inventory
HH2D,Complete Electronic Air Protection System Renovation\CRElectrical control system renovation\CRElectronic media cell rejuvenation\CRAir protection system,,Services,608,Non Inventory
HH2E,Complete Electronic Air Protection System Renovation\CRElectrical control system renovation\CRElectronic media cell rejuvenation\CRAir protection system,,Services,730,Non Inventory
HH30A,Comfort Control System Rejuvenation \CRPerformance and safety testing\CR30 day warranty,,Services,1768,Non Inventory
HH30B,Basic Comfort Control System Renovation\CRRenovate system control wiring\CRElectrical termination service\CRPerformance and safety testing\CR6 month warra,,Services,2387,Non Inventory
HH30C,Main Comfort Control System Renovation\CRVoltage conversion system rejuvenation\CRRenovate system control wiring\CRElectrical termination service\CRPerfor,,Services,3094,Non Inventory
HH30D,Complete Comfort Control System Renovation\CRComplete voltage protection system renovation\CRRenovate system control wiring\CRVoltage conversion system r,,Services,3890,Non Inventory
HH30E,Complete Comfort Control System Renovation\CRComplete voltage protection system renovation\CRRenovate system control wiring\CRVoltage conversion system r,,Services,4597,Non Inventory
HH31A,Comfort Control System Rejuvenation \CRPerformance and safety testing\CR30 day warranty,,Services,2113,Non Inventory
HH31B,Basic Comfort Control System Renovation\CRRenovate system control wiring\CRElectrical termination service\CRPerformance and safety testing\CR6 month warra,,Services,2852,Non Inventory
HH31C,Main Comfort Control System Renovation\CRVoltage conversion system rejuvenation\CRRenovate system control wiring\CRElectrical termination service\CRPerfor,,Services,3698,Non Inventory
HH31D,Complete Comfort Control System Renovation\CRComplete voltage protection system renovation\CRRenovate system control wiring\CRVoltage conversion system r,,Services,4648,Non Inventory
HH31E,Complete Comfort Control System Renovation\CRComplete voltage protection system renovation\CRRenovate system control wiring\CRVoltage conversion system r,,Services,5494,Non Inventory
HH32A,Comfort Control System Rejuvenation \CRPerformance and safety testing\CR30 day warranty,,Services,2458,Non Inventory
HH32B,Basic Comfort Control System Renovation\CRRenovate system control wiring\CRElectrical termination service\CRPerformance and safety testing\CR6 month warra,,Services,3318,Non Inventory
HH32C,Main Comfort Control System Renovation\CRVoltage conversion system rejuvenation\CRRenovate system control wiring\CRElectrical termination service\CRPerfor,,Services,4301,Non Inventory
HH32D,Complete Comfort Control System Renovation\CRComplete voltage protection system renovation\CRRenovate system control wiring\CRVoltage conversion system r,,Services,5407,Non Inventory
HH32E,Complete Comfort Control System Renovation\CRComplete voltage protection system renovation\CRRenovate system control wiring\CRVoltage conversion system r,,Services,6390,Non Inventory
HH33A,Moisture Restoration System Rejuvenation\CRPerformance and safety testing\CR30 day warranty,,Services,457,Non Inventory
HH33B,Basic Moisture Restoration System Renovation\CRTransfer media service\CRPerformance and safety testing\CR6 month warranty,,Services,685,Non Inventory
HH33C,Main Moisture Restoration System Renovation\CRUpgrade moisture transfer medias\CRIsolation control system service\CRWater removal system treatment servic,,Services,914,Non Inventory
HH33D,Complete Moisture Restoration System Renovation\CRUpgrade moisture transfer medias\CRExtreme comfort control system renovation\CRIsolation control system,,Services,1142,Non Inventory
HH33E,Complete Moisture Restoration System Renovation\CRUpgrade moisture transfer medias\CRExtreme comfort control system renovation\CRIsolation control system,,Services,1371,Non Inventory
HH34A,Moisture Restoration System Rejuvenation\CRPerformance and safety testing\CR30 day warranty,,Services,568,Non Inventory
HH34B,Basic Moisture Restoration System Renovation\CRTransfer media service\CRPerformance and safety testing\CR6 month warranty,,Services,852,Non Inventory
HH34C,Main Moisture Restoration System Renovation\CRUpgrade moisture transfer medias\CRIsolation control system service\CRWater removal system treatment servic,,Services,1136,Non Inventory
HH34D,Complete Moisture Restoration System Renovation\CRUpgrade moisture transfer medias\CRExtreme comfort control system renovation\CRIsolation control system,,Services,1420,Non Inventory
HH34E,Complete Moisture Restoration System Renovation\CRUpgrade moisture transfer medias\CRExtreme comfort control system renovation\CRIsolation control system,,Services,1704,Non Inventory
HH35A,Moisture Restoration System Rejuvenation\CRPerformance and safety testing\CR30 day warranty,,Services,698,Non Inventory
HH35B,Basic Moisture Restoration System Renovation\CRTransfer media service\CRPerformance and safety testing\CR6 month warranty,,Services,1047,Non Inventory
HH35C,Main Moisture Restoration System Renovation\CRUpgrade moisture transfer medias\CRIsolation control system service\CRWater removal system treatment servic,,Services,1396,Non Inventory
HH35D,Complete Moisture Restoration System Renovation\CRUpgrade moisture transfer medias\CRExtreme comfort control system renovation\CRIsolation control system,,Services,1745,Non Inventory
HH35E,Complete Moisture Restoration System Renovation\CRUpgrade moisture transfer medias\CRExtreme comfort control system renovation\CRIsolation control system,,Services,2094,Non Inventory
HH36A,Moisture Restoration System Rejuvenation \CRPerformance and safety testing\CR30 day warranty,,Services,1643,Non Inventory
HH36B,Basic Moisture Restoration System Renovation\CRBasic comfort and safety upgrades\CRPerformance and safety testing\CR6 month warranty,,Services,2465,Non Inventory
HH36C,Main Moisture Restoration System Renovation\CRComfort control system \CRInline mineral filters\CRPerformance and safety testing\CR1 year warranty,,Services,3286,Non Inventory
HH36D,Complete Moisture Restoration System Renovation\CRExtreme comfort control system renovation\CRInline mineral filters\CRComplete water removal system reno,,Services,4108,Non Inventory
HH36E,Complete Moisture Restoration System Renovation\CRExtreme comfort control system renovation\CRInline mineral filters\CRComplete water removal system reno,,Services,4929,Non Inventory
HH37A,Moisture Restoration System Rejuvenation \CRPerformance and safety testing\CR30 day warranty,,Services,2335,Non Inventory
HH37B,Basic Moisture Restoration System Renovation\CRBasic comfort and safety upgrades\CRPerformance and safety testing\CR6 month warranty,,Services,3502,Non Inventory
HH37C,Main Moisture Restoration System Renovation\CRComfort control system \CRInline mineral filters\CRPerformance and safety testing\CR1 year warranty,,Services,4669,Non Inventory
HH37D,Complete Moisture Restoration System Renovation\CRExtreme comfort control system renovation\CRInline mineral filters\CRComplete water removal system reno,,Services,5837,Non Inventory
HH37E,Complete Moisture Restoration System Renovation\CRExtreme comfort control system renovation\CRInline mineral filters\CRComplete water removal system reno,,Services,7004,Non Inventory
HH38A,Moisture Restoration System Rejuvenation \CRPerformance and safety testing\CR30 day warranty,,Services,2642,Non Inventory
HH38B,Basic Moisture Restoration System Renovation\CRBasic comfort and safety upgrades\CRPerformance and safety testing\CR6 month warranty,,Services,3964,Non Inventory
HH38C,Main Moisture Restoration System Renovation\CRComfort control system \CRInline mineral filters\CRPerformance and safety testing\CR1 year warranty,,Services,5285,Non Inventory
HH38D,Complete Moisture Restoration System Renovation\CRExtreme comfort control system renovation\CRInline mineral filters\CRComplete water removal system reno,,Services,6606,Non Inventory
HH38E,Complete Moisture Restoration System Renovation\CRExtreme comfort control system renovation\CRInline mineral filters\CRComplete water removal system reno,,Services,7927,Non Inventory
HH39A,Bacteria Prevention System Rejuvenation \CRPerformance and safety testing\CR30 day warranty,,Services,795,Non Inventory
HH39B,Basic Bacteria Prevention System Renovation \CRAir fresh treatment service\CRPerformance and safety testing\CR6 month warranty,,Services,1193,Non Inventory
HH39C,Main Bacteria Prevention System Renovation\CRAir loss reduction service\CRAir fresh treatment service\CRPerformance and safety testing\CR1 year warranty,,Services,1591,Non Inventory
HH39D,Complete Bacteria Prevention System Renovation \CRRestore heat transfer media to prime condition\CRAir loss reduction service\CRAir fresh treatment servi,,Services,1988,Non Inventory
HH39E,Complete Bacteria Prevention System Renovation \CRRestore heat transfer media to prime condition\CRAir loss reduction service\CRAir fresh treatment servi,,Services,2386,Non Inventory
HH3A,,,Services,803,Non Inventory
HH3B,,,Services,1034,Non Inventory
HH3C,Main Electronic Air Protection System Renovation\CRElectrical control system renovation\CRAir protection system restoration service\CRPerformance and saf,,Services,704,Non Inventory
HH3D,Complete Electronic Air Protection System Renovation\CRElectrical control system renovation\CRElectronic media cell rejuvenation\CRAir protection system,,Services,881,Non Inventory
HH3E,Complete Electronic Air Protection System Renovation\CRElectrical control system renovation\CRElectronic media cell rejuvenation\CRAir protection system,,Services,1057,Non Inventory
HH40A,Bacteria Prevention System Rejuvenation \CRPerformance and safety testing\CR30 day warranty,,Services,1024,Non Inventory
HH40B,Basic Bacteria Prevention System Renovation \CRAir fresh treatment service\CRPerformance and safety testing\CR6 month warranty,,Services,1536,Non Inventory
HH40C,Main Bacteria Prevention System Renovation\CRAir loss reduction service\CRAir fresh treatment service\CRPerformance and safety testing\CR1 year warranty,,Services,2048,Non Inventory
HH40D,Complete Bacteria Prevention System Renovation \CRRestore heat transfer media to prime condition\CRAir loss reduction service\CRAir fresh treatment servi,,Services,2559,Non Inventory
HH40E,Complete Bacteria Prevention System Renovation \CRRestore heat transfer media to prime condition\CRAir loss reduction service\CRAir fresh treatment servi,,Services,3071,Non Inventory
HH41A,Bacteria Prevention System Rejuvenation \CRPerformance and safety testing\CR30 day warranty,,Services,1277,Non Inventory
HH41B,Basic Bacteria Prevention System Renovation \CRAir fresh treatment service\CRPerformance and safety testing\CR6 month warranty,,Services,1916,Non Inventory
HH41C,Main Bacteria Prevention System Renovation\CRAir loss reduction service\CRAir fresh treatment service\CRPerformance and safety testing\CR1 year warranty,,Services,2554,Non Inventory
HH41D,Complete Bacteria Prevention System Renovation \CRRestore heat transfer media to prime condition\CRAir loss reduction service\CRAir fresh treatment servi,,Services,3193,Non Inventory
HH41E,Complete Bacteria Prevention System Renovation \CRRestore heat transfer media to prime condition\CRAir loss reduction service\CRAir fresh treatment servi,,Services,3832,Non Inventory
HH42A,Ultra Violet Bacteria Prevention System Rejuvenation  \CRPerformance and safety testing \CR30 day warranty,,Services,1624,Non Inventory
HH42B,Basic Ultra Violet Bacteria Prevention System Renovation\CRRestore system to prime condition\CRSingle treatment system\CRPerformance and safety testing \CR,,Services,2436,Non Inventory
HH42C,Main Ultra Violet Bacteria Prevention System Renovation\CRDual zone treatment\CRRestore system to prime condition\CRHeat transfer media treatment service,,Services,3249,Non Inventory
HH43A,Ultra Violet Bacteria Prevention System Rejuvenation  \CRPerformance and safety testing \CR30 day warranty,,Services,1864,Non Inventory
HH43B,Basic Ultra Violet Bacteria Prevention System Renovation\CRRestore system to prime condition\CRSingle treatment system\CRPerformance and safety testing \CR,,Services,2796,Non Inventory
HH43C,Main Ultra Violet Bacteria Prevention System Renovation\CRDual zone treatment\CRRestore system to prime condition\CRHeat transfer media treatment service,,Services,3728,Non Inventory
HH44A,Ultra Violet Bacteria Prevention System Rejuvenation  \CRPerformance and safety testing \CR30 day warranty,,Services,2104,Non Inventory
HH44B,Basic Ultra Violet Bacteria Prevention System Renovation\CRRestore system to prime condition\CRSingle treatment system\CRPerformance and safety testing \CR,,Services,3155,Non Inventory
HH44C,Main Ultra Violet Bacteria Prevention System Renovation\CRDual zone treatment\CRRestore system to prime condition\CRHeat transfer media treatment service,,Services,4207,Non Inventory
HH45A,High Density Surgical Quality Filtration System Rejuvenation \CRPerformance and safety testing \CR30 day warranty,,Services,2058,Non Inventory
HH45B,Basic High Density Surgical Quality Filtration System Renovation\CRRestore system to prime condition\CRPerformance and safety testing \CR6 month warranty,,Services,3087,Non Inventory
HH45C,Main High Density Surgical Quality Filtration System Renovation\CRAir loss reduction service\CRRestore system to prime condition\CRAirflow calibration se,,Services,4116,Non Inventory
HH45D,Complete High Density Surgical Quality Filtration System Renovation \CRAir loss reduction service\CRAir distribution system renovation\CRRestore system t,,Services,5144,Non Inventory
HH45E,Complete High Density Surgical Quality Filtration System Renovation \CRAir loss reduction service\CRAir distribution system renovation\CRRestore system t,,Services,6173,Non Inventory
HH46A,High Density Surgical Quality Filtration System Rejuvenation \CRPerformance and safety testing \CR30 day warranty,,Services,2607,Non Inventory
HH46B,Basic High Density Surgical Quality Filtration System Renovation\CRRestore system to prime condition\CRPerformance and safety testing \CR6 month warranty,,Services,3911,Non Inventory
HH46C,Main High Density Surgical Quality Filtration System Renovation\CRAir loss reduction service\CRRestore system to prime condition\CRAirflow calibration se,,Services,5214,Non Inventory
HH46D,Complete High Density Surgical Quality Filtration System Renovation \CRAir loss reduction service\CRAir distribution system renovation\CRRestore system t,,Services,6518,Non Inventory
HH46E,Complete High Density Surgical Quality Filtration System Renovation \CRAir loss reduction service\CRAir distribution system renovation\CRRestore system t,,Services,7821,Non Inventory
HH47A,High Density Surgical Quality Filtration System Rejuvenation \CRPerformance and safety testing \CR30 day warranty,,Services,2967,Non Inventory
HH47B,Basic High Density Surgical Quality Filtration System Renovation\CRRestore system to prime condition\CRPerformance and safety testing \CR6 month warranty,,Services,4450,Non Inventory
HH47C,Main High Density Surgical Quality Filtration System Renovation\CRAir loss reduction service\CRRestore system to prime condition\CRAirflow calibration se,,Services,5934,Non Inventory
HH47D,Complete High Density Surgical Quality Filtration System Renovation \CRAir loss reduction service\CRAir distribution system renovation\CRRestore system t,,Services,7417,Non Inventory
HH47E,Complete High Density Surgical Quality Filtration System Renovation \CRAir loss reduction service\CRAir distribution system renovation\CRRestore system t,,Services,8900,Non Inventory
HH48A,Single Media or Bacteria Prevention System Only\CRPerformance and safety testing 3\CR0 day warranty,,Services,2208,Non Inventory
HH48B,Low Maintenance Media Filtration and Bacteria Prevention Systems Only\CRPerformance and safety testing \CR6 month warranty,,Services,3312,Non Inventory
HH48C,Main High Density Surgical Quality Filtration System Renovation \CRUltra Violet bacteria prevention system installation\CRAir loss reduction service\CRRe,,Services,4416,Non Inventory
HH48D,Complete High Density Surgical Quality Filtration System Renovation\CRUltra Violet bacteria prevention system installation \CRAir loss reduction service,,Services,5519,Non Inventory
HH48E,Complete High Density Surgical Quality Filtration System Renovation\CRUltra Violet bacteria prevention system installation \CRAir loss reduction service,,Services,6623,Non Inventory
HH49A,Single Media or Bacteria Prevention System Only\CRPerformance and safety testing 3\CR0 day warranty,,Services,3172,Non Inventory
HH49B,Low Maintenance Media Filtration and Bacteria Prevention Systems Only\CRPerformance and safety testing \CR6 month warranty,,Services,4758,Non Inventory
HH49C,Main High Density Surgical Quality Filtration System Renovation \CRUltra Violet bacteria prevention system installation\CRAir loss reduction service\CRRe,,Services,6344,Non Inventory
HH49D,Complete High Density Surgical Quality Filtration System Renovation\CRUltra Violet bacteria prevention system installation \CRAir loss reduction service,,Services,7930,Non Inventory
HH49E,Complete High Density Surgical Quality Filtration System Renovation\CRUltra Violet bacteria prevention system installation \CRAir loss reduction service,,Services,9516,Non Inventory
HH4A,,,Services,997,Non Inventory
HH4B,,,Services,1200,Non Inventory
HH4C,Main Electronic Air Protection System Renovation\CRElectrical control system renovation\CRAir protection system restoration service\CRPerformance and saf,,Services,1166,Non Inventory
HH4D,Complete Electronic Air Protection System Renovation\CRElectrical control system renovation\CRElectronic media cell rejuvenation\CRAir protection system,,Services,1457,Non Inventory
HH4E,Complete Electronic Air Protection System Renovation\CRElectrical control system renovation\CRElectronic media cell rejuvenation\CRAir protection system,,Services,1749,Non Inventory
HH50A,Single Media or Bacteria Prevention System Only\CRPerformance and safety testing 3\CR0 day warranty,,Services,4136,Non Inventory
HH50B,Low Maintenance Media Filtration and Bacteria Prevention Systems Only\CRPerformance and safety testing \CR6 month warranty,,Services,6204,Non Inventory
HH50C,Main High Density Surgical Quality Filtration System Renovation \CRUltra Violet bacteria prevention system installation\CRAir loss reduction service\CRRe,,Services,8272,Non Inventory
HH50D,Complete High Density Surgical Quality Filtration System Renovation\CRUltra Violet bacteria prevention system installation \CRAir loss reduction service,,Services,10340,Non Inventory
HH50E,Complete High Density Surgical Quality Filtration System Renovation\CRUltra Violet bacteria prevention system installation \CRAir loss reduction service,,Services,12408,Non Inventory
HH5A,,,Services,1634,Non Inventory
HH5B,,,Services,1867,Non Inventory
HH5C,Main Comfort Control System Renovation\CRVoltage conversion system rejuvenation\CRRenovate system control wiring\CRElectrical termination service\CRPerfor,,Services,747,Non Inventory
HH5D,Complete Comfort Control System Renovation\CRComplete voltage protection system renovation\CRRenovate system control wiring\CRVoltage conversion system r,,Services,939,Non Inventory
HH5E,Complete Comfort Control System Renovation\CRComplete voltage protection system renovation\CRRenovate system control wiring\CRVoltage conversion system r,,Services,1110,Non Inventory
HH6A,Comfort Control System Rejuvenation \CRPerformance and safety testing\CR30 day warranty,,Services,551,Non Inventory
HH6B,Basic Comfort Control System Renovation\CRRenovate system control wiring\CRElectrical termination service\CRPerformance and safety testing\CR6 month warra,,Services,744,Non Inventory
HH6C,Main Comfort Control System Renovation\CRVoltage conversion system rejuvenation\CRRenovate system control wiring\CRElectrical termination service\CRPerfor,,Services,964,Non Inventory
HH6D,Complete Comfort Control System Renovation\CRComplete voltage protection system renovation\CRRenovate system control wiring\CRVoltage conversion system r,,Services,1212,Non Inventory
HH6E,Complete Comfort Control System Renovation\CRComplete voltage protection system renovation\CRRenovate system control wiring\CRVoltage conversion system r,,Services,1433,Non Inventory
HH7A,Moisture Restoration System Rejuvenation\CRPerformance and safety testing\CR30 day warranty,,Services,192,Non Inventory
HH7B,Basic Moisture Restoration System Renovation\CRTransfer media service\CRPerformance and safety testing\CR6 month warranty,,Services,288,Non Inventory
HH7C,Main Moisture Restoration System Renovation\CRUpgrade moisture transfer medias\CRIsolation control system service\CRWater removal system treatment servic,,Services,384,Non Inventory
HH7D,Complete Moisture Restoration System Renovation\CRUpgrade moisture transfer medias\CRExtreme comfort control system renovation\CRIsolation control system,,Services,480,Non Inventory
HH7E,Complete Moisture Restoration System Renovation\CRUpgrade moisture transfer medias\CRExtreme comfort control system renovation\CRIsolation control system,,Services,576,Non Inventory
HH8A,Moisture Restoration System Rejuvenation\CRPerformance and safety testing\CR30 day warranty,,Services,332,Non Inventory
HH8B,Basic Moisture Restoration System Renovation\CRTransfer media service\CRPerformance and safety testing\CR6 month warranty,,Services,498,Non Inventory
HH8C,Main Moisture Restoration System Renovation\CRUpgrade moisture transfer medias\CRIsolation control system service\CRWater removal system treatment servic,,Services,665,Non Inventory
HH8D,Complete Moisture Restoration System Renovation\CRUpgrade moisture transfer medias\CRExtreme comfort control system renovation\CRIsolation control system,,Services,831,Non Inventory
HH8E,Complete Moisture Restoration System Renovation\CRUpgrade moisture transfer medias\CRExtreme comfort control system renovation\CRIsolation control system,,Services,997,Non Inventory
HH9A,Moisture Restoration System Rejuvenation \CRPerformance and safety testing\CR30 day warranty,,Services,916,Non Inventory
HH9B,Basic Moisture Restoration System Renovation\CRBasic comfort and safety upgrades\CRPerformance and safety testing\CR6 month warranty,,Services,1374,Non Inventory
HH9C,Main Moisture Restoration System Renovation\CRComfort control system \CRInline mineral filters\CRPerformance and safety testing\CR1 year warranty,,Services,1832,Non Inventory
HH9D,Complete Moisture Restoration System Renovation\CRExtreme comfort control system renovation\CRInline mineral filters\CRComplete water removal system reno,,Services,2290,Non Inventory
HH9E,Complete Moisture Restoration System Renovation\CRExtreme comfort control system renovation\CRInline mineral filters\CRComplete water removal system reno,,Services,2748,Non Inventory
HI10A,Refrigerant Pressure Control System Rejuvenation \CRPerformance and safety testing \CR30 day warranty,,Services,1925,Non Inventory
HI10B,"Basic Refrigerant Pressure Control System Renovation\CRRecover, recharge, repair and test\CRInstall inline refrigerant filters and flush lines\CRPerforma",,Services,2406,Non Inventory
HI10C,Main Refrigerant Pressure Control System Renovation\CRInstall inline refrigerant filters and flush lines\CRRecharge and calibrate with new refrigerant a,,Services,2694,Non Inventory
HI10D,Complete Refrigerant Pressure Control System Renovation\CRInstall inline refrigerant filters and flush lines\CRRecharge and calibrate with new refrigera,,Services,3079,Non Inventory
HI10E,Complete Refrigerant Pressure Control System Renovation\CRInstall inline refrigerant filters and flush lines\CRRecharge and calibrate with new refrigera,,Services,3849,Non Inventory
HI11A,Refrigerant Pressure Control System Rejuvenation \CRPerformance and safety testing \CR30 day warranty,,Services,2157,Non Inventory
HI11B,"Basic Refrigerant Pressure Control System Renovation\CRRecover, recharge, repair and test\CRInstall inline refrigerant filters and flush lines\CRPerforma",,Services,2696,Non Inventory
HI11C,Main Refrigerant Pressure Control System Renovation\CRInstall inline refrigerant filters and flush lines\CRRecharge and calibrate with new refrigerant a,,Services,3019,Non Inventory
HI11D,Complete Refrigerant Pressure Control System Renovation\CRInstall inline refrigerant filters and flush lines\CRRecharge and calibrate with new refrigera,,Services,3451,Non Inventory
HI11E,Complete Refrigerant Pressure Control System Renovation\CRInstall inline refrigerant filters and flush lines\CRRecharge and calibrate with new refrigera,,Services,4313,Non Inventory
HI12A,Pressure Control System Reset and Calibration Service\CRPerformance and safety testing \CR30 day warranty,,Services,763,Non Inventory
HI12B,Basic Electronic Pressure Control System Renovation\CRElectrical termination service\CRPerformance and safety testing \CR6 month warranty,,Services,954,Non Inventory
HI12C,Main Electronic Pressure Control System Renovation\CRCalibrate refrigerant system to factory specs\CRInline lubrication and treatment service\CRElectrica,,Services,1068,Non Inventory
HI12D,Complete Electronic Pressure Control System Renovation\CRCalibrate refrigerant system to factory specs\CRInline lubrication and treatment service\CRResto,,Services,1221,Non Inventory
HI12E,Complete Electronic Pressure Control System Renovation\CRCalibrate refrigerant system to factory specs\CRInline lubrication and treatment service\CRResto,,Services,1526,Non Inventory
HI13A,Pressure Control System Reset and Calibration Service\CRPerformance and safety testing \CR30 day warranty,,Services,998,Non Inventory
HI13B,Basic Electronic Pressure Control System Renovation\CRElectrical termination service\CRPerformance and safety testing \CR6 month warranty,,Services,1247,Non Inventory
HI13C,Main Electronic Pressure Control System Renovation\CRCalibrate refrigerant system to factory specs\CRInline lubrication and treatment service\CRElectrica,,Services,1397,Non Inventory
HI13D,Complete Electronic Pressure Control System Renovation\CRCalibrate refrigerant system to factory specs\CRInline lubrication and treatment service\CRResto,,Services,1596,Non Inventory
HI13E,Complete Electronic Pressure Control System Renovation\CRCalibrate refrigerant system to factory specs\CRInline lubrication and treatment service\CRResto,,Services,1995,Non Inventory
HI14A,Pressure Control System Reset and Calibration Service\CRPerformance and safety testing \CR30 day warranty,,Services,1251,Non Inventory
HI14B,Basic Electronic Pressure Control System Renovation\CRElectrical termination service\CRPerformance and safety testing \CR6 month warranty,,Services,1564,Non Inventory
HI14C,Main Electronic Pressure Control System Renovation\CRCalibrate refrigerant system to factory specs\CRInline lubrication and treatment service\CRElectrica,,Services,1752,Non Inventory
HI14D,Complete Electronic Pressure Control System Renovation\CRCalibrate refrigerant system to factory specs\CRInline lubrication and treatment service\CRResto,,Services,2002,Non Inventory
HI14E,Complete Electronic Pressure Control System Renovation\CRCalibrate refrigerant system to factory specs\CRInline lubrication and treatment service\CRResto,,Services,2502,Non Inventory
HI15A,Refrigerant Directional Control System Rejuvenation \CRPerformance and safety testing \CR30 day warranty,,Services,2076,Non Inventory
HI15B,Basic Refrigerant Directional Control System Renovation\CRRecharge with new refrigerant \CRPerformance and safety testing \CR6 month warranty,,Services,2802,Non Inventory
HI15C,Main Refrigerant Directional Control System Renovation\CRInstall inline coolant moisture removal filters\CRInstall refrigerant acid treatment\CRFlush and,,Services,3633,Non Inventory
HI15D,Complete Refrigerant Directional Control System Renovation\CRComplete balance and recharge coolant system\CRInstall inline dryers and flush system\CRInst,,Services,4567,Non Inventory
HI15E,Complete Refrigerant Directional Control System Renovation\CRComplete balance and recharge coolant system\CRInstall inline dryers and flush system\CRInst,,Services,5397,Non Inventory
HI16A,Refrigerant Directional Control System Rejuvenation \CRPerformance and safety testing \CR30 day warranty,,Services,2210,Non Inventory
HI16B,Basic Refrigerant Directional Control System Renovation\CRRecharge with new refrigerant \CRPerformance and safety testing \CR6 month warranty,,Services,2983,Non Inventory
HI16C,Main Refrigerant Directional Control System Renovation\CRInstall inline coolant moisture removal filters\CRInstall refrigerant acid treatment\CRFlush and,,Services,3867,Non Inventory
HI16D,Complete Refrigerant Directional Control System Renovation\CRComplete balance and recharge coolant system\CRInstall inline dryers and flush system\CRInst,,Services,4861,Non Inventory
HI16E,Complete Refrigerant Directional Control System Renovation\CRComplete balance and recharge coolant system\CRInstall inline dryers and flush system\CRInst,,Services,5745,Non Inventory
HI17A,Directional Control Circuit System Rejuvenation \CRPerformance and safety testing \CR30 day warranty,,Services,1046,Non Inventory
HI17B,Basic Directional Control Circuit System Renovation\CRElectrical termination and control wiring service\CRPerformance and safety testing\CR6 month warran,,Services,1569,Non Inventory
HI17C,Main Directional Control Circuit System Renovation \CRPower protection system rejuvenation\CRVoltage distribution system renovation\CRElectrical terminat,,Services,2092,Non Inventory
HI17D,Complete Directional Control Circuit System Renovation\CRVoltage distribution system renovation\CRUpgrade to complete power protection system\CRPerforman,,Services,2616,Non Inventory
HI17E,Complete Directional Control Circuit System Renovation\CRVoltage distribution system renovation\CRUpgrade to complete power protection system\CRPerforman,,Services,3139,Non Inventory
HI18A,Refrigerant Containment System Rejuvenation \CRLine purge\CRPerformance and safety testing\CR30 day warranty,,Services,1490,Non Inventory
HI18B,Basic Refrigerant Containment System Renovation\CRMetering device flush and line purge\CRPerformance and safety testing\CR6 month warranty,,Services,2012,Non Inventory
HI18C,Main Refrigerant Containment System Renovation\CRTriple evacuation and line purge\CRPerformance calibration service\CRPerformance and safety testing\CR1 y,,Services,2608,Non Inventory
HI18D,Complete Refrigerant Containment System Renovation\CRInstall refrigerant filtering system\CRRefrigerant calibration service\CRRestore system to prime con,,Services,3278,Non Inventory
HI18E,Complete Refrigerant Containment System Renovation\CRInstall refrigerant filtering system\CRRefrigerant calibration service\CRRestore system to prime con,,Services,3874,Non Inventory
HI19A,Refrigerant Containment System Rejuvenation \CRLine purge\CRPerformance and safety testing\CR30 day warranty,,Services,1682,Non Inventory
HI19B,Basic Refrigerant Containment System Renovation\CRMetering device flush and line purge\CRPerformance and safety testing\CR6 month warranty,,Services,2270,Non Inventory
HI19C,Main Refrigerant Containment System Renovation\CRTriple evacuation and line purge\CRPerformance calibration service\CRPerformance and safety testing\CR1 y,,Services,2943,Non Inventory
HI19D,Complete Refrigerant Containment System Renovation\CRInstall refrigerant filtering system\CRRefrigerant calibration service\CRRestore system to prime con,,Services,3700,Non Inventory
HI19E,Complete Refrigerant Containment System Renovation\CRInstall refrigerant filtering system\CRRefrigerant calibration service\CRRestore system to prime con,,Services,4372,Non Inventory
HI1A,Refrigerant Pressure Control System Rejuvenation \CRPerformance and safety testing \CR30 day warranty,,Services,1344,Non Inventory
HI1B,"Basic Refrigerant Pressure Control System Renovation\CRRecover, recharge, repair and test\CRInstall inline refrigerant filters and flush lines\CRPerforma",,Services,1680,Non Inventory
HI1C,,,Services,1125,Non Inventory
HI1D,Complete Refrigerant Pressure Control System Renovation\CRInstall inline refrigerant filters and flush lines\CRRecharge and calibrate with new refrigera,,Services,2151,Non Inventory
HI1E,Complete Refrigerant Pressure Control System Renovation\CRInstall inline refrigerant filters and flush lines\CRRecharge and calibrate with new refrigera,,Services,2689,Non Inventory
HI20A,Refrigerant Containment System Rejuvenation \CRLine purge\CRPerformance and safety testing\CR30 day warranty,,Services,1873,Non Inventory
HI20B,Basic Refrigerant Containment System Renovation\CRMetering device flush and line purge\CRPerformance and safety testing\CR6 month warranty,,Services,2529,Non Inventory
HI20C,Main Refrigerant Containment System Renovation\CRTriple evacuation and line purge\CRPerformance calibration service\CRPerformance and safety testing\CR1 y,,Services,3278,Non Inventory
HI20D,Complete Refrigerant Containment System Renovation\CRInstall refrigerant filtering system\CRRefrigerant calibration service\CRRestore system to prime con,,Services,4121,Non Inventory
HI20E,Complete Refrigerant Containment System Renovation\CRInstall refrigerant filtering system\CRRefrigerant calibration service\CRRestore system to prime con,,Services,4870,Non Inventory
HI21A,Refrigerant Containment System Rejuvenation \CRLine purge\CRPerformance and safety testing\CR30 day warranty,,Services,2065,Non Inventory
HI21B,Basic Refrigerant Containment System Renovation\CRMetering device flush and line purge\CRPerformance and safety testing\CR6 month warranty,,Services,2787,Non Inventory
HI21C,Main Refrigerant Containment System Renovation\CRTriple evacuation and line purge\CRPerformance calibration service\CRPerformance and safety testing\CR1 y,,Services,3613,Non Inventory
HI21D,Complete Refrigerant Containment System Renovation\CRInstall refrigerant filtering system\CRRefrigerant calibration service\CRRestore system to prime con,,Services,4542,Non Inventory
HI21E,Complete Refrigerant Containment System Renovation\CRInstall refrigerant filtering system\CRRefrigerant calibration service\CRRestore system to prime con,,Services,5368,Non Inventory
HI2A,Refrigerant Pressure Control System Rejuvenation \CRPerformance and safety testing \CR30 day warranty,,Services,1481,Non Inventory
HI2B,"Basic Refrigerant Pressure Control System Renovation\CRRecover, recharge, repair and test\CRInstall inline refrigerant filters and flush lines\CRPerforma",,Services,1851,Non Inventory
HI2C,Main Refrigerant Pressure Control System Renovation\CRInstall inline refrigerant filters and flush lines\CRRecharge and calibrate with new refrigerant a,,Services,2073,Non Inventory
HI2D,Complete Refrigerant Pressure Control System Renovation\CRInstall inline refrigerant filters and flush lines\CRRecharge and calibrate with new refrigera,,Services,2369,Non Inventory
HI2E,,,Services,1709,Non Inventory
HI3A,Refrigerant Pressure Control System Rejuvenation \CRPerformance and safety testing \CR30 day warranty,,Services,1693,Non Inventory
HI3C,Main Refrigerant Pressure Control System Renovation\CRInstall inline refrigerant filters and flush lines\CRRecharge and calibrate with new refrigerant a,,Services,2370,Non Inventory
HI3D,Complete Refrigerant Pressure Control System Renovation\CRInstall inline refrigerant filters and flush lines\CRRecharge and calibrate with new refrigera,,Services,2708,Non Inventory
HI3E,Complete Refrigerant Pressure Control System Renovation\CRInstall inline refrigerant filters and flush lines\CRRecharge and calibrate with new refrigera,,Services,3385,Non Inventory
HI4A,Refrigerant Directional Control System Rejuvenation \CRPerformance and safety testing \CR30 day warranty,,Services,1644,Non Inventory
HI4B,Basic Refrigerant Directional Control System Renovation\CRRecharge with new refrigerant \CRPerformance and safety testing \CR6 month warranty,,Services,2220,Non Inventory
HI4C,Main Refrigerant Directional Control System Renovation\CRInstall inline coolant moisture removal filters\CRInstall refrigerant acid treatment\CRFlush and,,Services,2878,Non Inventory
HI4D,Complete Refrigerant Directional Control System Renovation\CRComplete balance and recharge coolant system\CRInstall inline dryers and flush system\CRInst,,Services,3618,Non Inventory
HI4E,Complete Refrigerant Directional Control System Renovation\CRComplete balance and recharge coolant system\CRInstall inline dryers and flush system\CRInst,,Services,4275,Non Inventory
HI5A,Refrigerant Directional Control System Rejuvenation \CRPerformance and safety testing \CR30 day warranty,,Services,1793,Non Inventory
HI5B,Basic Refrigerant Directional Control System Renovation\CRRecharge with new refrigerant \CRPerformance and safety testing \CR6 month warranty,,Services,2421,Non Inventory
HI5C,Main Refrigerant Directional Control System Renovation\CRInstall inline coolant moisture removal filters\CRInstall refrigerant acid treatment\CRFlush and,,Services,3138,Non Inventory
HI5D,Complete Refrigerant Directional Control System Renovation\CRComplete balance and recharge coolant system\CRInstall inline dryers and flush system\CRInst,,Services,3945,Non Inventory
HI5E,Complete Refrigerant Directional Control System Renovation\CRComplete balance and recharge coolant system\CRInstall inline dryers and flush system\CRInst,,Services,4662,Non Inventory
HI6A,Refrigerant Directional Control System Rejuvenation \CRPerformance and safety testing \CR30 day warranty,,Services,1942,Non Inventory
HI6B,Basic Refrigerant Directional Control System Renovation\CRRecharge with new refrigerant \CRPerformance and safety testing \CR6 month warranty,,Services,2622,Non Inventory
HI6C,Main Refrigerant Directional Control System Renovation\CRInstall inline coolant moisture removal filters\CRInstall refrigerant acid treatment\CRFlush and,,Services,3399,Non Inventory
HI6D,Complete Refrigerant Directional Control System Renovation\CRComplete balance and recharge coolant system\CRInstall inline dryers and flush system\CRInst,,Services,4273,Non Inventory
HI6E,Complete Refrigerant Directional Control System Renovation\CRComplete balance and recharge coolant system\CRInstall inline dryers and flush system\CRInst,,Services,5050,Non Inventory
HI7A,Directional Control Circuit System Rejuvenation \CRPerformance and safety testing \CR30 day warranty,,Services,652,Non Inventory
HI7B,Basic Directional Control Circuit System Renovation\CRElectrical termination and control wiring service\CRPerformance and safety testing\CR6 month warran,,Services,979,Non Inventory
HI7C,Main Directional Control Circuit System Renovation \CRPower protection system rejuvenation\CRVoltage distribution system renovation\CRElectrical terminat,,Services,1305,Non Inventory
HI7D,Complete Directional Control Circuit System Renovation\CRVoltage distribution system renovation\CRUpgrade to complete power protection system\CRPerforman,,Services,1631,Non Inventory
HI7E,Complete Directional Control Circuit System Renovation\CRVoltage distribution system renovation\CRUpgrade to complete power protection system\CRPerforman,,Services,1957,Non Inventory
HI8A,Directional Control Circuit System Rejuvenation \CRPerformance and safety testing \CR30 day warranty,,Services,852,Non Inventory
HI8B,Basic Directional Control Circuit System Renovation\CRElectrical termination and control wiring service\CRPerformance and safety testing\CR6 month warran,,Services,1278,Non Inventory
HI8C,Main Directional Control Circuit System Renovation \CRPower protection system rejuvenation\CRVoltage distribution system renovation\CRElectrical terminat,,Services,1703,Non Inventory
HI8D,Complete Directional Control Circuit System Renovation\CRVoltage distribution system renovation\CRUpgrade to complete power protection system\CRPerforman,,Services,2129,Non Inventory
HI8E,Complete Directional Control Circuit System Renovation\CRVoltage distribution system renovation\CRUpgrade to complete power protection system\CRPerforman,,Services,2555,Non Inventory
HI9A,Refrigerant Containment System Rejuvenation \CRLine purge\CRPerformance and safety testing\CR30 day warranty,,Services,1299,Non Inventory
HI9B,Basic Refrigerant Containment System Renovation\CRMetering device flush and line purge\CRPerformance and safety testing\CR6 month warranty,,Services,1753,Non Inventory
HI9C,Main Refrigerant Containment System Renovation\CRTriple evacuation and line purge\CRPerformance calibration service\CRPerformance and safety testing\CR1 y,,Services,2273,Non Inventory
HI9D,Complete Refrigerant Containment System Renovation\CRInstall refrigerant filtering system\CRRefrigerant calibration service\CRRestore system to prime con,,Services,2857,Non Inventory
HI9E,Complete Refrigerant Containment System Renovation\CRInstall refrigerant filtering system\CRRefrigerant calibration service\CRRestore system to prime con,,Services,3376,Non Inventory
HJ10A,,,Services,417,Non Inventory
HJ10B,Basic Refrigerant System Renovation\CRAdd refrigerant and start up\CRPerformance and safety testing\CR6 month warranty,,Services,762,Non Inventory
HJ10C,Main Refrigerant System Renovation\CRRepair obvious leaks\CRRestore system to prime condition\CRInstall inline refrigerant filters\CRFlush coolant lines\CR,,Services,1016,Non Inventory
HJ10D,Complete Refrigerant System Renovation\CRInstall internal leak sealers\CRComplete balance and recharge coolant system\CRInstall all new tamper proof valv,,Services,1270,Non Inventory
HJ10E,Complete Refrigerant System Renovation\CRInstall internal leak sealers\CRComplete balance and recharge coolant system\CRInstall all new tamper proof valv,,Services,1524,Non Inventory
HJ11A,,,Services,534,Non Inventory
HJ11B,Basic Refrigerant System Renovation\CRAdd refrigerant and start up\CRPerformance and safety testing\CR6 month warranty,,Services,986,Non Inventory
HJ11C,Main Refrigerant System Renovation\CRRepair obvious leaks\CRRestore system to prime condition\CRInstall inline refrigerant filters\CRFlush coolant lines\CR,,Services,1315,Non Inventory
HJ11D,Complete Refrigerant System Renovation\CRInstall internal leak sealers\CRComplete balance and recharge coolant system\CRInstall all new tamper proof valv,,Services,1644,Non Inventory
HJ11E,Complete Refrigerant System Renovation\CRInstall internal leak sealers\CRComplete balance and recharge coolant system\CRInstall all new tamper proof valv,,Services,1973,Non Inventory
HJ12A,,,Services,650,Non Inventory
HJ12B,Basic Refrigerant System Renovation\CRAdd refrigerant and start up\CRPerformance and safety testing\CR6 month warranty,,Services,1253,Non Inventory
HJ12C,Main Refrigerant System Renovation\CRRepair obvious leaks\CRRestore system to prime condition\CRInstall inline refrigerant filters\CRFlush coolant lines\CR,,Services,1671,Non Inventory
HJ12D,Complete Refrigerant System Renovation\CRInstall internal leak sealers\CRComplete balance and recharge coolant system\CRInstall all new tamper proof valv,,Services,2089,Non Inventory
HJ12E,Complete Refrigerant System Renovation\CRInstall internal leak sealers\CRComplete balance and recharge coolant system\CRInstall all new tamper proof valv,,Services,2507,Non Inventory
HJ13A,,,Services,767,Non Inventory
HJ13B,Basic Refrigerant System Renovation\CRAdd internal sealers\CRPerformance and safety testing\CR6 month warranty,,Services,2050,Non Inventory
HJ13C,Main Refrigerant System Renovation\CRInstall internal sealers and dryers\CRPerformance enhancement upgrade\CRPerformance and safety testing\CR1 year warra,,Services,2658,Non Inventory
HJ13D,Complete Refrigerant System Renovation\CRInstall internal leak sealers and chemical dryers \CRFlush coolant lines and install acid preventatives\CRRefrig,,Services,3341,Non Inventory
HJ13E,Complete Refrigerant System Renovation\CRInstall internal leak sealers and chemical dryers \CRFlush coolant lines and install acid preventatives\CRRefrig,,Services,3949,Non Inventory
HJ14A,,,Services,884,Non Inventory
HJ14B,Basic Refrigerant System Renovation\CRAdd internal sealers\CRPerformance and safety testing\CR6 month warranty,,Services,2618,Non Inventory
HJ14C,Main Refrigerant System Renovation\CRInstall internal sealers and dryers\CRPerformance enhancement upgrade\CRPerformance and safety testing\CR1 year warra,,Services,3394,Non Inventory
HJ14D,Complete Refrigerant System Renovation\CRInstall internal leak sealers and chemical dryers \CRFlush coolant lines and install acid preventatives\CRRefrig,,Services,4267,Non Inventory
HJ14E,Complete Refrigerant System Renovation\CRInstall internal leak sealers and chemical dryers \CRFlush coolant lines and install acid preventatives\CRRefrig,,Services,5043,Non Inventory
HJ15A,Refrigerant System Rejuvenation \CRPerformance and safety testing\CR30 day warranty,,Services,1823,Non Inventory
HJ15B,,,Services,1184,Non Inventory
HJ15C,Main Refrigerant System Renovation\CRRepair obvious leaks\CRRestore system to prime condition\CRInstall inline refrigerant filters\CRFlush coolant lines\CR,,Services,3190,Non Inventory
HJ15D,Complete Refrigerant System Renovation\CRInstall internal leak sealers\CRComplete balance and recharge coolant system\CRInstall all new tamper proof valv,,Services,4011,Non Inventory
HJ15E,Complete Refrigerant System Renovation\CRInstall internal leak sealers\CRComplete balance and recharge coolant system\CRInstall all new tamper proof valv,,Services,4740,Non Inventory
HJ16A,Refrigerant System Rejuvenation \CRPerformance and safety testing\CR30 day warranty,,Services,2302,Non Inventory
HJ16B,,,Services,1300,Non Inventory
HJ16C,Main Refrigerant System Renovation\CRRepair obvious leaks\CRRestore system to prime condition\CRInstall inline refrigerant filters\CRFlush coolant lines\CR,,Services,4028,Non Inventory
HJ16D,Complete Refrigerant System Renovation\CRInstall internal leak sealers\CRComplete balance and recharge coolant system\CRInstall all new tamper proof valv,,Services,5064,Non Inventory
HJ16E,Complete Refrigerant System Renovation\CRInstall internal leak sealers\CRComplete balance and recharge coolant system\CRInstall all new tamper proof valv,,Services,5985,Non Inventory
HJ17A,Refrigerant System Rejuvenation \CRNo sealers\CRPerformance and safety testing\CR30 day warranty,,Services,954,Non Inventory
HJ17B,,,Services,1417,Non Inventory
HJ17C,Main Refrigerant System Renovation\CRInstall internal sealers and dryers\CRPerformance enhancement upgrade\CRPerformance and safety testing\CR1 year warra,,Services,1909,Non Inventory
HJ17D,Complete Refrigerant System Renovation \CRInstall internal leak sealers and chemical dryers \CRVoltage Enhancement System renovation\CRRefrigerant moistu,,Services,2386,Non Inventory
HJ17E,Complete Refrigerant System Renovation \CRInstall internal leak sealers and chemical dryers \CRVoltage Enhancement System renovation\CRRefrigerant moistu,,Services,2863,Non Inventory
HJ18A,Refrigerant System Rejuvenation \CRNo sealers\CRPerformance and safety testing\CR30 day warranty,,Services,1117,Non Inventory
HJ18B,,,Services,1534,Non Inventory
HJ18C,Main Refrigerant System Renovation\CRInstall internal sealers and dryers\CRPerformance enhancement upgrade\CRPerformance and safety testing\CR1 year warra,,Services,2234,Non Inventory
HJ18D,Complete Refrigerant System Renovation \CRInstall internal leak sealers and chemical dryers \CRVoltage Enhancement System renovation\CRRefrigerant moistu,,Services,2792,Non Inventory
HJ18E,Complete Refrigerant System Renovation \CRInstall internal leak sealers and chemical dryers \CRVoltage Enhancement System renovation\CRRefrigerant moistu,,Services,3350,Non Inventory
HJ19A,Refrigerant System Rejuvenation \CRPerformance and safety testing\CR30 day warranty,,Services,1043,Non Inventory
HJ19B,Basic Refrigerant System Renovation\CRAdd refrigerant and start up\CRPerformance and safety testing\CR6 month warranty,,Services,1564,Non Inventory
HJ19C,Main Refrigerant System Renovation\CRRepair obvious leaks\CRRestore system to prime condition\CRInstall inline refrigerant filters\CRFlush coolant lines\CR,,Services,2086,Non Inventory
HJ19D,Complete Refrigerant System Renovation\CRInstall internal leak sealers\CRComplete balance and recharge coolant system\CRInstall all new tamper proof valv,,Services,2607,Non Inventory
HJ19E,Complete Refrigerant System Renovation\CRInstall internal leak sealers\CRComplete balance and recharge coolant system\CRInstall all new tamper proof valv,,Services,3129,Non Inventory
HJ1A,,,Services,557,Non Inventory
HJ1B,Basic Refrigerant System Renovation\CRAdd internal sealers\CRPerformance and safety testing\CR6 month warranty,,Services,811,Non Inventory
HJ1C,Main Refrigerant System Renovation\CRInstall internal sealers and dryers\CRPerformance enhancement upgrade\CRPerformance and safety testing\CR1 year warra,,Services,1052,Non Inventory
HJ1D,Complete Refrigerant System Renovation\CRInstall internal leak sealers and chemical dryers \CRFlush coolant lines and install acid preventatives\CRRefrig,,Services,1322,Non Inventory
HJ1E,Complete Refrigerant System Renovation\CRInstall internal leak sealers and chemical dryers \CRFlush coolant lines and install acid preventatives\CRRefrig,,Services,1562,Non Inventory
HJ20A,Refrigerant System Rejuvenation \CRPerformance and safety testing\CR30 day warranty,,Services,1225,Non Inventory
HJ20B,Basic Refrigerant System Renovation\CRAdd refrigerant and start up\CRPerformance and safety testing\CR6 month warranty,,Services,1838,Non Inventory
HJ20C,Main Refrigerant System Renovation\CRRepair obvious leaks\CRRestore system to prime condition\CRInstall inline refrigerant filters\CRFlush coolant lines\CR,,Services,2450,Non Inventory
HJ20D,Complete Refrigerant System Renovation\CRInstall internal leak sealers\CRComplete balance and recharge coolant system\CRInstall all new tamper proof valv,,Services,3063,Non Inventory
HJ20E,Complete Refrigerant System Renovation\CRInstall internal leak sealers\CRComplete balance and recharge coolant system\CRInstall all new tamper proof valv,,Services,3675,Non Inventory
HJ2A,,,Services,814,Non Inventory
HJ2B,Basic Refrigerant System Renovation\CRAdd internal sealers\CRPerformance and safety testing\CR6 month warranty,,Services,1148,Non Inventory
HJ2C,Main Refrigerant System Renovation\CRInstall internal sealers and dryers\CRPerformance enhancement upgrade\CRPerformance and safety testing\CR1 year warra,,Services,1489,Non Inventory
HJ2D,Complete Refrigerant System Renovation\CRInstall internal leak sealers and chemical dryers \CRFlush coolant lines and install acid preventatives\CRRefrig,,Services,1871,Non Inventory
HJ2E,Complete Refrigerant System Renovation\CRInstall internal leak sealers and chemical dryers \CRFlush coolant lines and install acid preventatives\CRRefrig,,Services,2212,Non Inventory
HJ3A,,,Services,1070,Non Inventory
HJ3B,Basic Refrigerant System Renovation\CRAdd internal sealers\CRPerformance and safety testing\CR6 month warranty,,Services,1584,Non Inventory
HJ3C,Main Refrigerant System Renovation\CRInstall internal sealers and dryers\CRPerformance enhancement upgrade\CRPerformance and safety testing\CR1 year warra,,Services,2053,Non Inventory
HJ3D,Complete Refrigerant System Renovation\CRInstall internal leak sealers and chemical dryers \CRFlush coolant lines and install acid preventatives\CRRefrig,,Services,2581,Non Inventory
HJ3E,Complete Refrigerant System Renovation\CRInstall internal leak sealers and chemical dryers \CRFlush coolant lines and install acid preventatives\CRRefrig,,Services,3050,Non Inventory
HJ4A,,,Services,1327,Non Inventory
HJ4B,Basic Refrigerant System Renovation\CRAdd refrigerant and start up\CRPerformance and safety testing\CR6 month warranty,,Services,1215,Non Inventory
HJ4C,Main Refrigerant System Renovation\CRRepair obvious leaks\CRRestore system to prime condition\CRInstall inline refrigerant filters\CRFlush coolant lines\CR,,Services,1575,Non Inventory
HJ4D,Complete Refrigerant System Renovation\CRInstall internal leak sealers\CRComplete balance and recharge coolant system\CRInstall all new tamper proof valv,,Services,1980,Non Inventory
HJ4E,Complete Refrigerant System Renovation\CRInstall internal leak sealers\CRComplete balance and recharge coolant system\CRInstall all new tamper proof valv,,Services,2340,Non Inventory
HJ5A,,,Services,1584,Non Inventory
HJ5B,Basic Refrigerant System Renovation\CRAdd refrigerant and start up\CRPerformance and safety testing\CR6 month warranty,,Services,1582,Non Inventory
HJ5C,Main Refrigerant System Renovation\CRRepair obvious leaks\CRRestore system to prime condition\CRInstall inline refrigerant filters\CRFlush coolant lines\CR,,Services,2051,Non Inventory
HJ5D,Complete Refrigerant System Renovation\CRInstall internal leak sealers\CRComplete balance and recharge coolant system\CRInstall all new tamper proof valv,,Services,2578,Non Inventory
HJ5E,Complete Refrigerant System Renovation\CRInstall internal leak sealers\CRComplete balance and recharge coolant system\CRInstall all new tamper proof valv,,Services,3047,Non Inventory
HJ6A,Refrigerant System Rejuvenation \CRPerformance and safety testing\CR30 day warranty,,Services,1494,Non Inventory
HJ6B,,,Services,1380,Non Inventory
HJ6C,Main Refrigerant System Renovation\CRRepair obvious leaks\CRRestore system to prime condition\CRInstall inline refrigerant filters\CRFlush coolant lines\CR,,Services,2615,Non Inventory
HJ6D,Complete Refrigerant System Renovation\CRInstall internal leak sealers\CRComplete balance and recharge coolant system\CRInstall all new tamper proof valv,,Services,3288,Non Inventory
HJ6E,Complete Refrigerant System Renovation\CRInstall internal leak sealers\CRComplete balance and recharge coolant system\CRInstall all new tamper proof valv,,Services,3885,Non Inventory
HJ7A,Refrigerant System Rejuvenation \CRNo sealers\CRPerformance and safety testing\CR30 day warranty,,Services,340,Non Inventory
HJ7B,,,Services,1720,Non Inventory
HJ7C,Main Refrigerant System Renovation\CRInstall internal sealers and dryers\CRPerformance enhancement upgrade\CRPerformance and safety testing\CR1 year warra,,Services,679,Non Inventory
HJ7D,Complete Refrigerant System Renovation \CRInstall internal leak sealers and chemical dryers \CRVoltage Enhancement System renovation\CRRefrigerant moistu,,Services,849,Non Inventory
HJ7E,Complete Refrigerant System Renovation \CRInstall internal leak sealers and chemical dryers \CRVoltage Enhancement System renovation\CRRefrigerant moistu,,Services,1019,Non Inventory
HJ8A,Refrigerant System Rejuvenation \CRNo sealers\CRPerformance and safety testing\CR30 day warranty,,Services,486,Non Inventory
HJ8B,,,Services,1977,Non Inventory
HJ8C,Main Refrigerant System Renovation\CRInstall internal sealers and dryers\CRPerformance enhancement upgrade\CRPerformance and safety testing\CR1 year warra,,Services,971,Non Inventory
HJ8D,Complete Refrigerant System Renovation \CRInstall internal leak sealers and chemical dryers \CRVoltage Enhancement System renovation\CRRefrigerant moistu,,Services,1214,Non Inventory
HJ8E,Complete Refrigerant System Renovation \CRInstall internal leak sealers and chemical dryers \CRVoltage Enhancement System renovation\CRRefrigerant moistu,,Services,1457,Non Inventory
HJ9A,Refrigerant System Rejuvenation \CRNo sealers\CRPerformance and safety testing\CR30 day warranty,,Services,748,Non Inventory
HJ9B,,,Services,2234,Non Inventory
HJ9C,Main Refrigerant System Renovation\CRInstall internal sealers and dryers\CRPerformance enhancement upgrade\CRPerformance and safety testing\CR1 year warra,,Services,1496,Non Inventory
HJ9D,Complete Refrigerant System Renovation \CRInstall internal leak sealers and chemical dryers \CRVoltage Enhancement System renovation\CRRefrigerant moistu,,Services,1870,Non Inventory
HJ9E,Complete Refrigerant System Renovation \CRInstall internal leak sealers and chemical dryers \CRVoltage Enhancement System renovation\CRRefrigerant moistu,,Services,2244,Non Inventory
HK10A,Air Circulation System Rejuvenation \CRPerformance and safety testing \CR30 day warranty,,Services,441,Non Inventory
HK10B,Basic Air Circulation System Renovation\CRPerformance and safety testing \CR6 month warranty,,Services,662,Non Inventory
HK10C,Main Air Circulation System Renovation \CRRejuvenate cabinet and heat transfer media\CRPerformance and safety testing \CR1 year warranty,,Services,882,Non Inventory
HK10D,Complete Air Circulation System Renovation \CRRecondition air movement system\CRRestore system to prime condition\CRRejuvenate cabinet and heat transfer,,Services,1103,Non Inventory
HK10E,Complete Air Circulation System Renovation \CRRecondition air movement system\CRRestore system to prime condition\CRRejuvenate cabinet and heat transfer,,Services,1323,Non Inventory
HK11A,Air Circulation System Rejuvenation \CRPerformance and safety testing \CR30 day warranty,,Services,619,Non Inventory
HK11B,Basic Air Circulation System Renovation\CRPerformance and safety testing \CR6 month warranty,,Services,928,Non Inventory
HK11C,Main Air Circulation System Renovation \CRRejuvenate cabinet and heat transfer media\CRPerformance and safety testing \CR1 year warranty,,Services,1238,Non Inventory
HK11D,Complete Air Circulation System Renovation \CRRecondition air movement system\CRRestore system to prime condition\CRRejuvenate cabinet and heat transfer,,Services,1547,Non Inventory
HK11E,Complete Air Circulation System Renovation \CRRecondition air movement system\CRRestore system to prime condition\CRRejuvenate cabinet and heat transfer,,Services,1857,Non Inventory
HK12A,Heat Transfer Media System Rejuvenation \CRPerformance and safety testing\CR30 day warranty,,Services,1487,Non Inventory
HK12B,Basic Heat Transfer Media System Renovation\CRPerformance and safety testing\CR6 month warranty,,Services,2007,Non Inventory
HK12C,Main Heat Transfer Media System Renovation\CRFull system calibration service\CRElectrical termination service\CRPerformance enhancement system renovation,,Services,2602,Non Inventory
HK12D,Complete Heat Transfer Media System Renovation \CRFull restoration service on indoor and outdoor systems\CRAir movement system calibration service\CRElec,,Services,3271,Non Inventory
HK12E,Complete Heat Transfer Media System Renovation \CRFull restoration service on indoor and outdoor systems\CRAir movement system calibration service\CRElec,,Services,3866,Non Inventory
HK13A,Heat Transfer Media System Rejuvenation \CRPerformance and safety testing\CR30 day warranty,,Services,1866,Non Inventory
HK13B,Basic Heat Transfer Media System Renovation\CRPerformance and safety testing\CR6 month warranty,,Services,2520,Non Inventory
HK13C,Main Heat Transfer Media System Renovation\CRFull system calibration service\CRElectrical termination service\CRPerformance enhancement system renovation,,Services,3266,Non Inventory
HK13D,Complete Heat Transfer Media System Renovation \CRFull restoration service on indoor and outdoor systems\CRAir movement system calibration service\CRElec,,Services,4106,Non Inventory
HK13E,Complete Heat Transfer Media System Renovation \CRFull restoration service on indoor and outdoor systems\CRAir movement system calibration service\CRElec,,Services,4853,Non Inventory
HK14A,Heat Transfer Media System Rejuvenation \CRPerformance and safety testing\CR30 day warranty,,Services,2274,Non Inventory
HK14B,Basic Heat Transfer Media System Renovation\CRPerformance and safety testing\CR6 month warranty,,Services,3070,Non Inventory
HK14C,Main Heat Transfer Media System Renovation\CRFull system calibration service\CRElectrical termination service\CRPerformance enhancement system renovation,,Services,3980,Non Inventory
HK14D,Complete Heat Transfer Media System Renovation \CRFull restoration service on indoor and outdoor systems\CRAir movement system calibration service\CRElec,,Services,5004,Non Inventory
HK14E,Complete Heat Transfer Media System Renovation \CRFull restoration service on indoor and outdoor systems\CRAir movement system calibration service\CRElec,,Services,5913,Non Inventory
HK15A,Heat Transfer Media System Rejuvenation \CRPerformance and safety testing\CR30 day warranty,,Services,511,Non Inventory
HK15B,Basic Heat Transfer Media System Renovation\CRPerformance and safety testing\CR6 month warranty,,Services,767,Non Inventory
HK15C,Main Heat Transfer Media System Renovation\CRFull system calibration service\CRElectrical termination service\CRPerformance enhancement system renovation,,Services,1022,Non Inventory
HK15D,Complete Heat Transfer Media System Renovation\CRFull restoration service on indoor and outdoor systems\CRAir movement system calibration service\CRElect,,Services,1278,Non Inventory
HK15E,Complete Heat Transfer Media System Renovation\CRFull restoration service on indoor and outdoor systems\CRAir movement system calibration service\CRElect,,Services,1533,Non Inventory
HK16A,Heat Transfer Media System Rejuvenation \CRPerformance and safety testing\CR30 day warranty,,Services,654,Non Inventory
HK16B,Basic Heat Transfer Media System Renovation\CRPerformance and safety testing\CR6 month warranty,,Services,981,Non Inventory
HK16C,Main Heat Transfer Media System Renovation\CRFull system calibration service\CRElectrical termination service\CRPerformance enhancement system renovation,,Services,1308,Non Inventory
HK16D,Complete Heat Transfer Media System Renovation\CRFull restoration service on indoor and outdoor systems\CRAir movement system calibration service\CRElect,,Services,1635,Non Inventory
HK16E,Complete Heat Transfer Media System Renovation\CRFull restoration service on indoor and outdoor systems\CRAir movement system calibration service\CRElect,,Services,1962,Non Inventory
HK17A,Heat Transfer Media System Rejuvenation \CRPerformance and safety testing\CR30 day warranty,,Services,765,Non Inventory
HK17B,Basic Heat Transfer Media System Renovation\CRPerformance and safety testing\CR6 month warranty,,Services,1148,Non Inventory
HK17C,Main Heat Transfer Media System Renovation\CRFull system calibration service\CRElectrical termination service\CRPerformance enhancement system renovation,,Services,1530,Non Inventory
HK17D,Complete Heat Transfer Media System Renovation\CRFull restoration service on indoor and outdoor systems\CRAir movement system calibration service\CRElect,,Services,1913,Non Inventory
HK17E,Complete Heat Transfer Media System Renovation\CRFull restoration service on indoor and outdoor systems\CRAir movement system calibration service\CRElect,,Services,2295,Non Inventory
HK18A,Heating System Rejuvenation  \CRPerformance and safety testing\CR30 day warranty,,Services,476,Non Inventory
HK18B,Basic Heating System Renovation\CRPerformance calibration service\CRPerformance and safety testing\CR6 month warranty,,Services,714,Non Inventory
HK18C,Main Heating System Renovation\CRIgnition system rejuvenation\CRRestore system to prime condition\CRPerformance calibration service\CRPerformance and safe,,Services,952,Non Inventory
HK18D,Complete Heating System Renovation\CRCombustion chamber restoration and inspection service\CRIgnition system rejuvenation\CRExhaust removal system renova,,Services,1190,Non Inventory
HK18E,Complete Heating System Renovation\CRCombustion chamber restoration and inspection service\CRIgnition system rejuvenation\CRExhaust removal system renova,,Services,1428,Non Inventory
HK19A,Heating System Rejuvenation  \CRPerformance and safety testing\CR30 day warranty,,Services,594,Non Inventory
HK19B,Basic Heating System Renovation\CRPerformance calibration service\CRPerformance and safety testing\CR6 month warranty,,Services,891,Non Inventory
HK19C,Main Heating System Renovation\CRIgnition system rejuvenation\CRRestore system to prime condition\CRPerformance calibration service\CRPerformance and safe,,Services,1188,Non Inventory
HK19D,Complete Heating System Renovation\CRCombustion chamber restoration and inspection service\CRIgnition system rejuvenation\CRExhaust removal system renova,,Services,1486,Non Inventory
HK19E,Complete Heating System Renovation\CRCombustion chamber restoration and inspection service\CRIgnition system rejuvenation\CRExhaust removal system renova,,Services,1783,Non Inventory
HK1A,Heat Transfer Media System Rejuvenation \CRPerformance and safety testing\CR30 day warranty,,Services,395,Non Inventory
HK1B,,,Services,634,Non Inventory
HK1C,Main Heat Transfer Media System Renovation\CRFull system calibration service\CRElectrical termination service\CRPerformance enhancement system renovation,,Services,790,Non Inventory
HK1D,Complete Heat Transfer Media System Renovation \CRFull restoration service on indoor and outdoor systems\CRAir movement system calibration service\CRElec,,Services,987,Non Inventory
HK1E,Complete Heat Transfer Media System Renovation \CRFull restoration service on indoor and outdoor systems\CRAir movement system calibration service\CRElec,,Services,1184,Non Inventory
HK20A,Heat Transfer Media System Rejuvenation   \CRDisassemble and rejuvenate containment system\CRWith coolant service only\CRPerformance and safety testing\CR,,Services,1450,Non Inventory
HK20B,Basic Heat Transfer Media System Renovation\CRDisassemble and rejuvenate containment system \CRPerformance calibration service\CRPerformance and safety t,,Services,1957,Non Inventory
HK20C,Main Heat Transfer Media System Renovation\CRDisassemble and rejuvenate containment system \CRIgnition system rejuvenation\CRRestore system to prime cond,,Services,2537,Non Inventory
HK20D,Complete Heat Transfer Media System Renovation\CRDisassemble and rejuvenate containment system \CRCoolant system calibration service\CRRestore system to,,Services,3190,Non Inventory
HK20E,Complete Heat Transfer Media System Renovation\CRDisassemble and rejuvenate containment system \CRCoolant system calibration service\CRRestore system to,,Services,3769,Non Inventory
HK21A,Heat Transfer Media System Rejuvenation   \CRDisassemble and rejuvenate containment system\CRWith coolant service only\CRPerformance and safety testing\CR,,Services,1679,Non Inventory
HK21B,Basic Heat Transfer Media System Renovation\CRDisassemble and rejuvenate containment system \CRPerformance calibration service\CRPerformance and safety t,,Services,2267,Non Inventory
HK21C,Main Heat Transfer Media System Renovation\CRDisassemble and rejuvenate containment system \CRIgnition system rejuvenation\CRRestore system to prime cond,,Services,2939,Non Inventory
HK21D,Complete Heat Transfer Media System Renovation\CRDisassemble and rejuvenate containment system \CRCoolant system calibration service\CRRestore system to,,Services,3694,Non Inventory
HK21E,Complete Heat Transfer Media System Renovation\CRDisassemble and rejuvenate containment system \CRCoolant system calibration service\CRRestore system to,,Services,4366,Non Inventory
HK22A,Heat Transfer Media System Rejuvenation \CRWith coolant service only\CRPerformance and safety testing\CR30 day warranty,,Services,648,Non Inventory
HK22B,Basic Heat Transfer Media System Renovation \CRPerformance calibration service\CRPerformance and safety testing\CR6 month warranty,,Services,972,Non Inventory
HK22C,Main Heat Transfer Media System Renovation \CRCoolant system calibration service\CRRestore system to prime condition\CRPerformance and safety testing\CR1,,Services,1295,Non Inventory
HK22D,Complete Heat Transfer Media System Renovation\CRCoolant system calibration service\CRRestore system to prime condition\CRBarometric tubing renovation\CRE,,Services,1619,Non Inventory
HK22E,Complete Heat Transfer Media System Renovation\CRCoolant system calibration service\CRRestore system to prime condition\CRBarometric tubing renovation\CRE,,Services,1943,Non Inventory
HK23A,Heat Transfer Media System Rejuvenation \CRWith coolant service only\CRPerformance and safety testing\CR30 day warranty,,Services,861,Non Inventory
HK23B,Basic Heat Transfer Media System Renovation \CRPerformance calibration service\CRPerformance and safety testing\CR6 month warranty,,Services,1291,Non Inventory
HK23C,Main Heat Transfer Media System Renovation \CRCoolant system calibration service\CRRestore system to prime condition\CRPerformance and safety testing\CR1,,Services,1722,Non Inventory
HK23D,Complete Heat Transfer Media System Renovation\CRCoolant system calibration service\CRRestore system to prime condition\CRBarometric tubing renovation\CRE,,Services,2152,Non Inventory
HK23E,Complete Heat Transfer Media System Renovation\CRCoolant system calibration service\CRRestore system to prime condition\CRBarometric tubing renovation\CRE,,Services,2582,Non Inventory
HK24A,Inspection Service System Rejuvenation \CRPerformance and safety testing \CR30 day warranty,,Services,370,Non Inventory
HK24B,Basic Inspection Service System Renovation \CRElectrical termination testing\CRMain component restoration\CRPerformance and safety testing \CR6 month warr,,Services,556,Non Inventory
HK24C,Main Inspection Service System Renovation \CRRestore system to prime condition\CRElectrical termination service\CRPerformance and safety testing\CR1 year,,Services,741,Non Inventory
HK24D,Complete Inspection Service System Renovation\CRRestore system to prime condition\CRHeat transfer media restoration service\CRCalibration service\CRElectr,,Services,926,Non Inventory
HK24E,Complete Inspection Service System Renovation\CRRestore system to prime condition\CRHeat transfer media restoration service\CRCalibration service\CRElectr,,Services,1111,Non Inventory
HK25A,Inspection Service System Rejuvenation \CRPerformance and safety testing \CR30 day warranty,,Services,460,Non Inventory
HK25B,Basic Inspection Service System Renovation \CRElectrical termination testing\CRMain component restoration\CRPerformance and safety testing \CR6 month warr,,Services,690,Non Inventory
HK25C,Main Inspection Service System Renovation \CRRestore system to prime condition\CRElectrical termination service\CRPerformance and safety testing\CR1 year,,Services,920,Non Inventory
HK25D,Complete Inspection Service System Renovation\CRRestore system to prime condition\CRHeat transfer media restoration service\CRCalibration service\CRElectr,,Services,1150,Non Inventory
HK25E,Complete Inspection Service System Renovation\CRRestore system to prime condition\CRHeat transfer media restoration service\CRCalibration service\CRElectr,,Services,1380,Non Inventory
HK26A,Inspection Service System Rejuvenation \CRPerformance and safety testing \CR30 day warranty,,Services,388,Non Inventory
HK26B,Basic Inspection Service System Renovation\CRElectrical termination testing\CRMain component restoration\CRPerformance and safety testing \CR6 month warra,,Services,582,Non Inventory
HK26C,Main Inspection Service System Renovation\CRRestore system to prime condition\CRElectrical termination service\CRPerformance and safety testing\CR1 year w,,Services,776,Non Inventory
HK26D,Complete Inspection Service System Renovation\CRRestore system to prime condition\CRHeat transfer media restoration service\CRCalibration service\CRElectr,,Services,970,Non Inventory
HK26E,Complete Inspection Service System Renovation\CRRestore system to prime condition\CRHeat transfer media restoration service\CRCalibration service\CRElectr,,Services,1164,Non Inventory
HK27A,Inspection Service System Rejuvenation \CRPerformance and safety testing \CR30 day warranty,,Services,492,Non Inventory
HK27B,Basic Inspection Service System Renovation\CRElectrical termination testing\CRMain component restoration\CRPerformance and safety testing \CR6 month warra,,Services,738,Non Inventory
HK27C,Main Inspection Service System Renovation\CRRestore system to prime condition\CRElectrical termination service\CRPerformance and safety testing\CR1 year w,,Services,984,Non Inventory
HK27D,Complete Inspection Service System Renovation\CRRestore system to prime condition\CRHeat transfer media restoration service\CRCalibration service\CRElectr,,Services,1230,Non Inventory
HK27E,Complete Inspection Service System Renovation\CRRestore system to prime condition\CRHeat transfer media restoration service\CRCalibration service\CRElectr,,Services,1476,Non Inventory
HK28A,Air Circulation System Rejuvenation \CRPerformance and safety testing \CR30 day warranty,,Services,726,Non Inventory
HK28B,Basic Air Circulation System Renovation\CRPerformance and safety testing \CR6 month warranty,,Services,1088,Non Inventory
HK28C,Main Air Circulation System Renovation \CRRejuvenate cabinet and heat transfer media\CRPerformance and safety testing \CR1 year warranty,,Services,1451,Non Inventory
HK28D,Complete Air Circulation System Renovation \CRRecondition air movement system\CRRestore system to prime condition\CRRejuvenate cabinet and heat transfer,,Services,1814,Non Inventory
HK28E,Complete Air Circulation System Renovation \CRRecondition air movement system\CRRestore system to prime condition\CRRejuvenate cabinet and heat transfer,,Services,2177,Non Inventory
HK29A,Air Circulation System Rejuvenation \CRPerformance and safety testing \CR30 day warranty,,Services,815,Non Inventory
HK29B,Basic Air Circulation System Renovation\CRPerformance and safety testing \CR6 month warranty,,Services,1223,Non Inventory
HK29C,Main Air Circulation System Renovation \CRRejuvenate cabinet and heat transfer media\CRPerformance and safety testing \CR1 year warranty,,Services,1630,Non Inventory
HK29D,Complete Air Circulation System Renovation \CRRecondition air movement system\CRRestore system to prime condition\CRRejuvenate cabinet and heat transfer,,Services,2038,Non Inventory
HK29E,Complete Air Circulation System Renovation \CRRecondition air movement system\CRRestore system to prime condition\CRRejuvenate cabinet and heat transfer,,Services,2445,Non Inventory
HK2A,Heat Transfer Media System Rejuvenation \CRPerformance and safety testing\CR30 day warranty,,Services,640,Non Inventory
HK2B,,,Services,634,Non Inventory
HK2C,Main Heat Transfer Media System Renovation\CRFull system calibration service\CRElectrical termination service\CRPerformance enhancement system renovation,,Services,1279,Non Inventory
HK2D,Complete Heat Transfer Media System Renovation \CRFull restoration service on indoor and outdoor systems\CRAir movement system calibration service\CRElec,,Services,1599,Non Inventory
HK2E,Complete Heat Transfer Media System Renovation \CRFull restoration service on indoor and outdoor systems\CRAir movement system calibration service\CRElec,,Services,1919,Non Inventory
HK30A,Air Circulation System Rejuvenation \CRPerformance and safety testing \CR30 day warranty,,Services,919,Non Inventory
HK30B,Basic Air Circulation System Renovation\CRPerformance and safety testing \CR6 month warranty,,Services,1378,Non Inventory
HK30C,Main Air Circulation System Renovation \CRRejuvenate cabinet and heat transfer media\CRPerformance and safety testing \CR1 year warranty,,Services,1837,Non Inventory
HK30D,Complete Air Circulation System Renovation \CRRecondition air movement system\CRRestore system to prime condition\CRRejuvenate cabinet and heat transfer,,Services,2297,Non Inventory
HK30E,Complete Air Circulation System Renovation \CRRecondition air movement system\CRRestore system to prime condition\CRRejuvenate cabinet and heat transfer,,Services,2756,Non Inventory
HK3A,Heat Transfer Media System Rejuvenation \CRPerformance and safety testing\CR30 day warranty,,Services,254,Non Inventory
HK3B,Basic Heat Transfer Media System Renovation\CRPerformance and safety testing\CR6 month warranty,,Services,381,Non Inventory
HK3C,Main Heat Transfer Media System Renovation\CRFull system calibration service\CRElectrical termination service\CRPerformance enhancement system renovation,,Services,507,Non Inventory
HK3D,Complete Heat Transfer Media System Renovation\CRFull restoration service on indoor and outdoor systems\CRAir movement system calibration service\CRElect,,Services,634,Non Inventory
HK3E,,,Services,1400,Non Inventory
HK4A,Heat Transfer Media System Rejuvenation \CRPerformance and safety testing\CR30 day warranty,,Services,387,Non Inventory
HK4B,,,Services,475,Non Inventory
HK4C,,,Services,642,Non Inventory
HK4D,Complete Heat Transfer Media System Renovation\CRFull restoration service on indoor and outdoor systems\CRAir movement system calibration service\CRElect,,Services,967,Non Inventory
HK4E,Complete Heat Transfer Media System Renovation\CRFull restoration service on indoor and outdoor systems\CRAir movement system calibration service\CRElect,,Services,1160,Non Inventory
HK5A,Heating System Rejuvenation  \CRPerformance and safety testing\CR30 day warranty,,Services,346,Non Inventory
HK5B,Basic Heating System Renovation\CRPerformance calibration service\CRPerformance and safety testing\CR6 month warranty,,Services,518,Non Inventory
HK5C,Main Heating System Renovation\CRIgnition system rejuvenation\CRRestore system to prime condition\CRPerformance calibration service\CRPerformance and safe,,Services,691,Non Inventory
HK5D,Complete Heating System Renovation\CRCombustion chamber restoration and inspection service\CRIgnition system rejuvenation\CRExhaust removal system renova,,Services,864,Non Inventory
HK5E,Complete Heating System Renovation\CRCombustion chamber restoration and inspection service\CRIgnition system rejuvenation\CRExhaust removal system renova,,Services,1037,Non Inventory
HK6A,Heat Transfer Media System Rejuvenation   \CRDisassemble and rejuvenate containment system\CRWith coolant service only\CRPerformance and safety testing\CR,,Services,1108,Non Inventory
HK6B,Basic Heat Transfer Media System Renovation\CRDisassemble and rejuvenate containment system \CRPerformance calibration service\CRPerformance and safety t,,Services,1495,Non Inventory
HK6C,Main Heat Transfer Media System Renovation\CRDisassemble and rejuvenate containment system \CRIgnition system rejuvenation\CRRestore system to prime cond,,Services,1938,Non Inventory
HK6D,Complete Heat Transfer Media System Renovation\CRDisassemble and rejuvenate containment system \CRCoolant system calibration service\CRRestore system to,,Services,2437,Non Inventory
HK6E,Complete Heat Transfer Media System Renovation\CRDisassemble and rejuvenate containment system \CRCoolant system calibration service\CRRestore system to,,Services,2880,Non Inventory
HK7A,Heat Transfer Media System Rejuvenation \CRWith coolant service only\CRPerformance and safety testing\CR30 day warranty,,Services,421,Non Inventory
HK7B,Basic Heat Transfer Media System Renovation \CRPerformance calibration service\CRPerformance and safety testing\CR6 month warranty,,Services,631,Non Inventory
HK7C,Main Heat Transfer Media System Renovation \CRCoolant system calibration service\CRRestore system to prime condition\CRPerformance and safety testing\CR1,,Services,841,Non Inventory
HK7D,Complete Heat Transfer Media System Renovation\CRCoolant system calibration service\CRRestore system to prime condition\CRBarometric tubing renovation\CRE,,Services,1051,Non Inventory
HK7E,Complete Heat Transfer Media System Renovation\CRCoolant system calibration service\CRRestore system to prime condition\CRBarometric tubing renovation\CRE,,Services,1262,Non Inventory
HK8A,Inspection Service System Rejuvenation \CRPerformance and safety testing \CR30 day warranty,,Services,271,Non Inventory
HK8B,Basic Inspection Service System Renovation \CRElectrical termination testing\CRMain component restoration\CRPerformance and safety testing \CR6 month warr,,Services,406,Non Inventory
HK8C,Main Inspection Service System Renovation \CRRestore system to prime condition\CRElectrical termination service\CRPerformance and safety testing\CR1 year,,Services,541,Non Inventory
HK8D,Complete Inspection Service System Renovation\CRRestore system to prime condition\CRHeat transfer media restoration service\CRCalibration service\CRElectr,,Services,676,Non Inventory
HK8E,Complete Inspection Service System Renovation\CRRestore system to prime condition\CRHeat transfer media restoration service\CRCalibration service\CRElectr,,Services,812,Non Inventory
HK9A,Inspection Service System Rejuvenation \CRPerformance and safety testing \CR30 day warranty,,Services,271,Non Inventory
HK9B,Basic Inspection Service System Renovation\CRElectrical termination testing\CRMain component restoration\CRPerformance and safety testing \CR6 month warra,,Services,406,Non Inventory
HK9C,Main Inspection Service System Renovation\CRRestore system to prime condition\CRElectrical termination service\CRPerformance and safety testing\CR1 year w,,Services,541,Non Inventory
HK9D,Complete Inspection Service System Renovation\CRRestore system to prime condition\CRHeat transfer media restoration service\CRCalibration service\CRElectr,,Services,676,Non Inventory
HK9E,Complete Inspection Service System Renovation\CRRestore system to prime condition\CRHeat transfer media restoration service\CRCalibration service\CRElectr,,Services,812,Non Inventory
HL10A,Heat Transfer Media Coil System Rejuvenation \CRReclaim and reuse coolant \CRPerformance and safety testing \CR30 day warranty,,Services,4752,Non Inventory
HL10B,Basic Heat Transfer Media Coil System Renovation\CRPurge and flush all coolant lines\CRRecharge and calibrate coolant\CRPerformance and safety testing \CR,,Services,5940,Non Inventory
HL10C,Main Heat Transfer Media Coil System Renovation\CRRestore system to prime condition\CRPurge and flush all coolant lines\CRInstall inline refrigerant filt,,Services,6653,Non Inventory
HL10D,Complete Heat Transfer Media Coil System Renovation\CRRestore air movement system and outdoor unit to clean condition\CRPurge and flush all coolant line,,Services,7603,Non Inventory
HL10E,Complete Heat Transfer Media Coil System Renovation\CRRestore air movement system and outdoor unit to clean condition\CRPurge and flush all coolant line,,Services,9504,Non Inventory
HL1A,Heat Transfer Media Coil System Rejuvenation \CRReclaim and reuse coolant \CRPerformance and safety testing \CR30 day warranty,,Services,2266,Non Inventory
HL1B,Basic Heat Transfer Media Coil System Renovation\CRPurge and flush all coolant lines\CRRecharge and calibrate coolant\CRPerformance and safety testing \CR,,Services,2832,Non Inventory
HL1C,Main Heat Transfer Media Coil System Renovation\CRRestore system to prime condition\CRPurge and flush all coolant lines\CRInstall inline refrigerant filt,,Services,3172,Non Inventory
HL1D,Complete Heat Transfer Media Coil System Renovation\CRRestore air movement system and outdoor unit to clean condition\CRPurge and flush all coolant line,,Services,3625,Non Inventory
HL1E,Complete Heat Transfer Media Coil System Renovation\CRRestore air movement system and outdoor unit to clean condition\CRPurge and flush all coolant line,,Services,4531,Non Inventory
HL2A,Heat Transfer Media Coil System Rejuvenation \CRReclaim and reuse coolant \CRPerformance and safety testing \CR30 day warranty,,Services,2769,Non Inventory
HL2B,Basic Heat Transfer Media Coil System Renovation\CRPurge and flush all coolant lines\CRRecharge and calibrate coolant\CRPerformance and safety testing \CR,,Services,3461,Non Inventory
HL2C,Main Heat Transfer Media Coil System Renovation\CRRestore system to prime condition\CRPurge and flush all coolant lines\CRInstall inline refrigerant filt,,Services,3877,Non Inventory
HL2D,Complete Heat Transfer Media Coil System Renovation\CRRestore air movement system and outdoor unit to clean condition\CRPurge and flush all coolant line,,Services,4430,Non Inventory
HL2E,Complete Heat Transfer Media Coil System Renovation\CRRestore air movement system and outdoor unit to clean condition\CRPurge and flush all coolant line,,Services,5538,Non Inventory
HL3A,Heat Transfer Media Coil System Rejuvenation \CRReclaim and reuse coolant \CRPerformance and safety testing \CR30 day warranty,,Services,3272,Non Inventory
HL3B,Basic Heat Transfer Media Coil System Renovation\CRPurge and flush all coolant lines\CRRecharge and calibrate coolant\CRPerformance and safety testing \CR,,Services,4090,Non Inventory
HL3C,Main Heat Transfer Media Coil System Renovation\CRRestore system to prime condition\CRPurge and flush all coolant lines\CRInstall inline refrigerant filt,,Services,4581,Non Inventory
HL3D,Complete Heat Transfer Media Coil System Renovation\CRRestore air movement system and outdoor unit to clean condition\CRPurge and flush all coolant line,,Services,5236,Non Inventory
HL3E,Complete Heat Transfer Media Coil System Renovation\CRRestore air movement system and outdoor unit to clean condition\CRPurge and flush all coolant line,,Services,6545,Non Inventory
HL4A,Heat Transfer Media Coil System Rejuvenation \CRReclaim and reuse coolant \CRPerformance and safety testing \CR30 day warranty,,Services,3484,Non Inventory
HL4B,Basic Heat Transfer Media Coil System Renovation\CRPurge and flush all coolant lines\CRRecharge and calibrate coolant\CRPerformance and safety testing \CR,,Services,4355,Non Inventory
HL4C,Main Heat Transfer Media Coil System Renovation\CRRestore system to prime condition\CRPurge and flush all coolant lines\CRInstall inline refrigerant filt,,Services,4877,Non Inventory
HL4D,Complete Heat Transfer Media Coil System Renovation\CRRestore air movement system and outdoor unit to clean condition\CRPurge and flush all coolant line,,Services,5574,Non Inventory
HL4E,Complete Heat Transfer Media Coil System Renovation\CRRestore air movement system and outdoor unit to clean condition\CRPurge and flush all coolant line,,Services,6967,Non Inventory
HL5A,Heat Transfer Media Coil System Rejuvenation \CRReclaim and reuse coolant \CRPerformance and safety testing \CR30 day warranty,,Services,3695,Non Inventory
HL5B,Basic Heat Transfer Media Coil System Renovation\CRPurge and flush all coolant lines\CRRecharge and calibrate coolant\CRPerformance and safety testing \CR,,Services,4619,Non Inventory
HL5C,Main Heat Transfer Media Coil System Renovation\CRRestore system to prime condition\CRPurge and flush all coolant lines\CRInstall inline refrigerant filt,,Services,5173,Non Inventory
HL5D,Complete Heat Transfer Media Coil System Renovation\CRRestore air movement system and outdoor unit to clean condition\CRPurge and flush all coolant line,,Services,5912,Non Inventory
HL5E,Complete Heat Transfer Media Coil System Renovation\CRRestore air movement system and outdoor unit to clean condition\CRPurge and flush all coolant line,,Services,7390,Non Inventory
HL6A,Heat Transfer Media Coil System Rejuvenation \CRReclaim and reuse coolant \CRPerformance and safety testing \CR30 day warranty,,Services,3907,Non Inventory
HL6B,Basic Heat Transfer Media Coil System Renovation\CRPurge and flush all coolant lines\CRRecharge and calibrate coolant\CRPerformance and safety testing \CR,,Services,4883,Non Inventory
HL6C,Main Heat Transfer Media Coil System Renovation\CRRestore system to prime condition\CRPurge and flush all coolant lines\CRInstall inline refrigerant filt,,Services,5469,Non Inventory
HL6D,Complete Heat Transfer Media Coil System Renovation\CRRestore air movement system and outdoor unit to clean condition\CRPurge and flush all coolant line,,Services,6250,Non Inventory
HL6E,Complete Heat Transfer Media Coil System Renovation\CRRestore air movement system and outdoor unit to clean condition\CRPurge and flush all coolant line,,Services,7813,Non Inventory
HL7A,Heat Transfer Media Coil System Rejuvenation \CRReclaim and reuse coolant \CRPerformance and safety testing \CR30 day warranty,,Services,4118,Non Inventory
HL7B,Basic Heat Transfer Media Coil System Renovation\CRPurge and flush all coolant lines\CRRecharge and calibrate coolant\CRPerformance and safety testing \CR,,Services,5147,Non Inventory
HL7C,Main Heat Transfer Media Coil System Renovation\CRRestore system to prime condition\CRPurge and flush all coolant lines\CRInstall inline refrigerant filt,,Services,5765,Non Inventory
HL7D,Complete Heat Transfer Media Coil System Renovation\CRRestore air movement system and outdoor unit to clean condition\CRPurge and flush all coolant line,,Services,6589,Non Inventory
HL7E,Complete Heat Transfer Media Coil System Renovation\CRRestore air movement system and outdoor unit to clean condition\CRPurge and flush all coolant line,,Services,8236,Non Inventory
HL8A,Heat Transfer Media Coil System Rejuvenation \CRReclaim and reuse coolant \CRPerformance and safety testing \CR30 day warranty,,Services,4329,Non Inventory
HL8B,Basic Heat Transfer Media Coil System Renovation\CRPurge and flush all coolant lines\CRRecharge and calibrate coolant\CRPerformance and safety testing \CR,,Services,5412,Non Inventory
HL8C,Main Heat Transfer Media Coil System Renovation\CRRestore system to prime condition\CRPurge and flush all coolant lines\CRInstall inline refrigerant filt,,Services,6061,Non Inventory
HL8D,Complete Heat Transfer Media Coil System Renovation\CRRestore air movement system and outdoor unit to clean condition\CRPurge and flush all coolant line,,Services,6927,Non Inventory
HL8E,Complete Heat Transfer Media Coil System Renovation\CRRestore air movement system and outdoor unit to clean condition\CRPurge and flush all coolant line,,Services,8659,Non Inventory
HL9A,Heat Transfer Media Coil System Rejuvenation \CRReclaim and reuse coolant \CRPerformance and safety testing \CR30 day warranty,,Services,4541,Non Inventory
HL9B,Basic Heat Transfer Media Coil System Renovation\CRPurge and flush all coolant lines\CRRecharge and calibrate coolant\CRPerformance and safety testing \CR,,Services,5676,Non Inventory
HL9C,Main Heat Transfer Media Coil System Renovation\CRRestore system to prime condition\CRPurge and flush all coolant lines\CRInstall inline refrigerant filt,,Services,6357,Non Inventory
HL9D,Complete Heat Transfer Media Coil System Renovation\CRRestore air movement system and outdoor unit to clean condition\CRPurge and flush all coolant line,,Services,7265,Non Inventory
HL9E,Complete Heat Transfer Media Coil System Renovation\CRRestore air movement system and outdoor unit to clean condition\CRPurge and flush all coolant line,,Services,9081,Non Inventory
HM10A,Combustion Exhaust System Rejuvenation\CRPerformance and safety testing                          \CR30 day warranty,,Services,1351,Non Inventory
HM10B,Basic Combustion Exhaust System Renovation\CRVoltage Enhancement System renovation\CRPerformance and safety testing\CR6 month warranty,,Services,1823,Non Inventory
HM10D,Complete Combustion Exhaust System Renovation \CRBarometric sensing system renovation\CRHigh temperature exhaust seal\CRAir movement system renovation\CRS,,Services,2972,Non Inventory
HM10E,Complete Combustion Exhaust System Renovation \CRBarometric sensing system renovation\CRHigh temperature exhaust seal\CRAir movement system renovation\CRS,,Services,3512,Non Inventory
HM11A,Combustion Pressure Sensing System Rejuvenation\CRPerformance and safety testing\CR30 day warranty,,Services,385,Non Inventory
HM11B,Basic Combustion Pressure Sensing System Renovation\CRBarometric tubing test and repair\CRPerformance and safety testing\CR6 month warranty,,Services,577,Non Inventory
HM11C,Main Combustion Pressure Sensing System Renovation \CRRejuvenate barometric tubing\CRPerformance and safety testing\CR1 year warranty,,Services,769,Non Inventory
HM11D,Complete Combustion Pressure Sensing System Renovation \CRRejuvenate barometric tubing\CRRestore system to prime condition\CRCombustion alignment calibra,,Services,962,Non Inventory
HM11E,Complete Combustion Pressure Sensing System Renovation \CRRejuvenate barometric tubing\CRRestore system to prime condition\CRCombustion alignment calibra,,Services,1154,Non Inventory
HM12A,Exhaust Removal System Rejuvenation\CRPerformance and safety testing                          \CR30 day warranty,,Services,438,Non Inventory
HM12B,Basic Exhaust Removal System Renovation\CRPerformance and safety testing                          \CR6 month warranty,,Services,657,Non Inventory
HM12C,Main Exhaust Removal System Renovation\CRRestore furnace to prime condition\CRClean and calibrate system burners\CRPerformance and safety testing,,Services,876,Non Inventory
HM12D,Complete Exhaust Removal System Renovation\CRRestore system to prime condition\CRRejuvenate system burners\CRCombustion calibration service \CRPerformance,,Services,1095,Non Inventory
HM12E,Complete Exhaust Removal System Renovation\CRRestore system to prime condition\CRRejuvenate system burners\CRCombustion calibration service \CRPerformance,,Services,1314,Non Inventory
HM13A,Exhaust Removal System Rejuvenation\CRPerformance and safety testing                          \CR30 day warranty,,Services,677,Non Inventory
HM13B,Basic Exhaust Removal System Renovation\CRPerformance and safety testing                          \CR6 month warranty,,Services,1016,Non Inventory
HM13C,Main Exhaust Removal System Renovation\CRRestore furnace to prime condition\CRClean and calibrate system burners\CRPerformance and safety testing,,Services,1354,Non Inventory
HM13D,Complete Exhaust Removal System Renovation\CRRestore system to prime condition\CRRejuvenate system burners\CRCombustion calibration service \CRPerformance,,Services,1693,Non Inventory
HM13E,Complete Exhaust Removal System Renovation\CRRestore system to prime condition\CRRejuvenate system burners\CRCombustion calibration service \CRPerformance,,Services,2032,Non Inventory
HM14A,Exhaust Removal System Rejuvenation\CRPerformance and safety testing                          \CR30 day warranty,,Services,947,Non Inventory
HM14B,Basic Exhaust Removal System Renovation\CRPerformance and safety testing                          \CR6 month warranty,,Services,1420,Non Inventory
HM14D,Complete Exhaust Removal System Renovation\CRRestore system to prime condition\CRRejuvenate system burners\CRCombustion calibration service \CRPerformance,,Services,2366,Non Inventory
HM14E,Complete Exhaust Removal System Renovation\CRRestore system to prime condition\CRRejuvenate system burners\CRCombustion calibration service \CRPerformance,,Services,2840,Non Inventory
HM15A,Flame Safety System Rejuvenation\CRPerformance and safety testing                          \CR30 day warranty,,Services,377,Non Inventory
HM15B,Basic Flame Safety System Renovation\CRPerformance and safety testing                          \CR6 month warranty,,Services,565,Non Inventory
HM15C,Main Flame Safety System Renovation\CRPerformance enhancement calibration service\CRCombustion safety system rejuvenation\CRBurner calibration alignment,,Services,754,Non Inventory
HM15D,Complete Flame Safety System Renovation\CRCombustion safety system rejuvenation\CRBurner calibration alignment restoration\CRBarometric tubing renovation,,Services,942,Non Inventory
HM15E,Complete Flame Safety System Renovation\CRCombustion safety system rejuvenation\CRBurner calibration alignment restoration\CRBarometric tubing renovation,,Services,1131,Non Inventory
HM16A,Flame Safety System Rejuvenation\CRPerformance and safety testing                          \CR30 day warranty,,Services,628,Non Inventory
HM16B,Basic Flame Safety System Renovation\CRPerformance and safety testing                          \CR6 month warranty,,Services,942,Non Inventory
HM16D,Complete Flame Safety System Renovation\CRCombustion safety system rejuvenation\CRBurner calibration alignment restoration\CRBarometric tubing renovation,,Services,1570,Non Inventory
HM16E,Complete Flame Safety System Renovation\CRCombustion safety system rejuvenation\CRBurner calibration alignment restoration\CRBarometric tubing renovation,,Services,1884,Non Inventory
HM17A,Fuel Delivery System Rejuvenation\CRPerformance and safety testing                          \CR30 day warranty,,Services,568,Non Inventory
HM17B,Basic Fuel Delivery System Renovation\CRPerformance enhancement calibration\CRPerformance and safety testing                          \CR6 month warranty,,Services,852,Non Inventory
HM17D,Complete Fuel Delivery System Renovation\CRIgnition system rejuvenation\CRBurner calibration alignment restoration\CRBarometric tubing renovation\CRPerfor,,Services,1420,Non Inventory
HM17E,Complete Fuel Delivery System Renovation\CRIgnition system rejuvenation\CRBurner calibration alignment restoration\CRBarometric tubing renovation\CRPerfor,,Services,1704,Non Inventory
HM18A,Fuel Delivery System Rejuvenation\CRPerformance and safety testing                          \CR30 day warranty,,Services,804,Non Inventory
HM18B,Basic Fuel Delivery System Renovation\CRPerformance enhancement calibration\CRPerformance and safety testing                          \CR6 month warranty,,Services,1206,Non Inventory
HM18C,Main Fuel Delivery System Renovation \CRPerformance enhancement calibration\CRIgnition system rejuvenation\CRBurner calibration alignment restoration\CRPe,,Services,1607,Non Inventory
HM18D,Complete Fuel Delivery System Renovation\CRIgnition system rejuvenation\CRBurner calibration alignment restoration\CRBarometric tubing renovation\CRPerfor,,Services,2009,Non Inventory
HM18E,Complete Fuel Delivery System Renovation\CRIgnition system rejuvenation\CRBurner calibration alignment restoration\CRBarometric tubing renovation\CRPerfor,,Services,2411,Non Inventory
HM19A,Fuel Delivery System Rejuvenation\CRPerformance and safety testing                          \CR30 day warranty,,Services,1032,Non Inventory
HM19B,Basic Fuel Delivery System Renovation\CRPerformance enhancement calibration\CRPerformance and safety testing                          \CR6 month warranty,,Services,1548,Non Inventory
HM19C,Main Fuel Delivery System Renovation \CRPerformance enhancement calibration\CRIgnition system rejuvenation\CRBurner calibration alignment restoration\CRPe,,Services,2064,Non Inventory
HM19D,Complete Fuel Delivery System Renovation\CRIgnition system rejuvenation\CRBurner calibration alignment restoration\CRBarometric tubing renovation\CRPerfor,,Services,2580,Non Inventory
HM19E,Complete Fuel Delivery System Renovation\CRIgnition system rejuvenation\CRBurner calibration alignment restoration\CRBarometric tubing renovation\CRPerfor,,Services,3096,Non Inventory
HM1A,Flame Ignition System Rejuvenation \CRPerformance and safety testing \CR30 day warranty,,Services,287,Non Inventory
HM1B,,,Services,334,Non Inventory
HM1C,Main Flame Ignition System Renovation  \CRRestore system to prime condition\CRCombustion sensing system renovation \CRPerformance and safety testing \CR1,,Services,574,Non Inventory
HM1D,Complete Flame Ignition System Renovation  \CRRestore system to prime condition\CRCombustion sensing system renovation\CRCombustion safety control system,,Services,718,Non Inventory
HM1E,Complete Flame Ignition System Renovation  \CRRestore system to prime condition\CRCombustion sensing system renovation\CRCombustion safety control system,,Services,861,Non Inventory
HM20A,Combustion Chamber System Rejuvenation\CRPerformance and safety testing\CR30 day warranty,,Services,1966,Non Inventory
HM20B,Basic Combustion Chamber System Renovation\CRPerformance and safety testing\CR6 month warranty,,Services,2457,Non Inventory
HM20C,Main Combustion Chamber System Renovation\CRExhaust removal system renovation\CRClean and calibrate system burners\CRPerformance and safety testing\CR1 ye,,Services,2752,Non Inventory
HM20D,Complete Combustion Chamber System Renovation\CRCombustion ignition system rejuvenation\CRExhaust removal system renovation\CRRestore system to prime con,,Services,3145,Non Inventory
HM20E,Complete Combustion Chamber System Renovation\CRCombustion ignition system rejuvenation\CRExhaust removal system renovation\CRRestore system to prime con,,Services,3932,Non Inventory
HM21A,Combustion Chamber System Rejuvenation\CRPerformance and safety testing\CR30 day warranty,,Services,2651,Non Inventory
HM21B,Basic Combustion Chamber System Renovation\CRPerformance and safety testing\CR6 month warranty,,Services,3314,Non Inventory
HM21C,Main Combustion Chamber System Renovation\CRExhaust removal system renovation\CRClean and calibrate system burners\CRPerformance and safety testing\CR1 ye,,Services,3712,Non Inventory
HM21D,Complete Combustion Chamber System Renovation\CRCombustion ignition system rejuvenation\CRExhaust removal system renovation\CRRestore system to prime con,,Services,4242,Non Inventory
HM21E,Complete Combustion Chamber System Renovation\CRCombustion ignition system rejuvenation\CRExhaust removal system renovation\CRRestore system to prime con,,Services,5303,Non Inventory
HM22A,Combustion Chamber System Rejuvenation\CRPerformance and safety testing\CR30 day warranty,,Services,3476,Non Inventory
HM22B,Basic Combustion Chamber System Renovation\CRPerformance and safety testing\CR6 month warranty,,Services,4345,Non Inventory
HM22C,Main Combustion Chamber System Renovation\CRExhaust removal system renovation\CRClean and calibrate system burners\CRPerformance and safety testing\CR1 ye,,Services,4866,Non Inventory
HM22D,Complete Combustion Chamber System Renovation\CRCombustion ignition system rejuvenation\CRExhaust removal system renovation\CRRestore system to prime con,,Services,5562,Non Inventory
HM22E,Complete Combustion Chamber System Renovation\CRCombustion ignition system rejuvenation\CRExhaust removal system renovation\CRRestore system to prime con,,Services,6952,Non Inventory
HM23A,Combustion Burner System Rejuvenation\CRPerformance and safety testing                         \CR30 day warranty,,Services,449,Non Inventory
HM23B,Basic Combustion Burner System Renovation \CRPerformance and safety testing                          \CR6 month warranty,,Services,673,Non Inventory
HM23C,Main Combustion Burner System Renovation \CRRestore system to prime condition\CRPerformance calibration service\CRPerformance and safety testing,,Services,897,Non Inventory
HM23D,Complete Combustion Burner System Renovation\CRCombustion ignition system rejuvenation\CRRestore system to prime condition\CRRejuvenate exhaust removal s,,Services,1122,Non Inventory
HM23E,Complete Combustion Burner System Renovation\CRCombustion ignition system rejuvenation\CRRestore system to prime condition\CRRejuvenate exhaust removal s,,Services,1346,Non Inventory
HM24A,Combustion Burner System Rejuvenation\CRPerformance and safety testing                         \CR30 day warranty,,Services,565,Non Inventory
HM24B,Basic Combustion Burner System Renovation \CRPerformance and safety testing                          \CR6 month warranty,,Services,848,Non Inventory
HM24C,Main Combustion Burner System Renovation \CRRestore system to prime condition\CRPerformance calibration service\CRPerformance and safety testing,,Services,1130,Non Inventory
HM24D,Complete Combustion Burner System Renovation\CRCombustion ignition system rejuvenation\CRRestore system to prime condition\CRRejuvenate exhaust removal s,,Services,1413,Non Inventory
HM24E,Complete Combustion Burner System Renovation\CRCombustion ignition system rejuvenation\CRRestore system to prime condition\CRRejuvenate exhaust removal s,,Services,1695,Non Inventory
HM25A,Flame Ignition and Safety System Rejuvenation\CRPerformance and safety testing                          \CR30 day warranty,,Services,188,Non Inventory
HM25B,Basic Flame Ignition and Safety System Renovation \CRFlame sensing system renovation\CRPerformance and safety testing\CR6 month warranty,,Services,282,Non Inventory
HM25C,Main Flame Ignition & Safety System Renovation\CRFlame sensing system renovation\CRFull system restoration service\CRPerformance and safety testing\CR1 ye,,Services,469,Non Inventory
HM25D,Complete Flame Ignition and Safety System Renovation\CRFuel delivery system rejuvenation\CRFlame sensing system renovation\CRFull system restoration serv,,Services,563,Non Inventory
HM25E,Complete Flame Ignition and Safety System Renovation\CRFuel delivery system rejuvenation\CRFlame sensing system renovation\CRFull system restoration serv,,Services,751,Non Inventory
HM26A,Flame Ignition and Safety System Rejuvenation\CRPerformance and safety testing                          \CR30 day warranty,,Services,287,Non Inventory
HM26B,Basic Flame Ignition and Safety System Renovation \CRFlame sensing system renovation\CRPerformance and safety testing\CR6 month warranty,,Services,431,Non Inventory
HM26C,Main Flame Ignition & Safety System Renovation\CRFlame sensing system renovation\CRFull system restoration service\CRPerformance and safety testing\CR1 ye,,Services,574,Non Inventory
HM26D,Complete Flame Ignition and Safety System Renovation\CRFuel delivery system rejuvenation\CRFlame sensing system renovation\CRFull system restoration serv,,Services,718,Non Inventory
HM26E,Complete Flame Ignition and Safety System Renovation\CRFuel delivery system rejuvenation\CRFlame sensing system renovation\CRFull system restoration serv,,Services,861,Non Inventory
HM27A,Flame Ignition and Safety System Rejuvenation\CRPerformance and safety testing                          \CR30 day warranty,,Services,435,Non Inventory
HM27B,Basic Flame Ignition and Safety System Renovation \CRFlame sensing system renovation\CRPerformance and safety testing\CR6 month warranty,,Services,653,Non Inventory
HM27C,Main Flame Ignition & Safety System Renovation\CRFlame sensing system renovation\CRFull system restoration service\CRPerformance and safety testing\CR1 ye,,Services,870,Non Inventory
HM27D,Complete Flame Ignition and Safety System Renovation\CRFuel delivery system rejuvenation\CRFlame sensing system renovation\CRFull system restoration serv,,Services,1088,Non Inventory
HM27E,Complete Flame Ignition and Safety System Renovation\CRFuel delivery system rejuvenation\CRFlame sensing system renovation\CRFull system restoration serv,,Services,1305,Non Inventory
HM28A,Flame Ignition and Safety System Rejuvenation\CRPerformance and safety testing                          \CR30 day warranty,,Services,598,Non Inventory
HM28B,Basic Flame Ignition and Safety System Renovation \CRFlame sensing system renovation\CRPerformance and safety testing\CR6 month warranty,,Services,897,Non Inventory
HM28C,Main Flame Ignition & Safety System Renovation\CRFlame sensing system renovation\CRFull system restoration service\CRPerformance and safety testing\CR1 ye,,Services,1196,Non Inventory
HM28D,Complete Flame Ignition and Safety System Renovation\CRFuel delivery system rejuvenation\CRFlame sensing system renovation\CRFull system restoration serv,,Services,1495,Non Inventory
HM28E,Complete Flame Ignition and Safety System Renovation\CRFuel delivery system rejuvenation\CRFlame sensing system renovation\CRFull system restoration serv,,Services,1794,Non Inventory
HM29A,Flame Ignition and Safety System Rejuvenation\CRPerformance and safety testing                          \CR30 day warranty,,Services,708,Non Inventory
HM29B,Basic Flame Ignition and Safety System Renovation \CRFlame sensing system renovation\CRPerformance and safety testing\CR6 month warranty,,Services,1062,Non Inventory
HM29C,Main Flame Ignition & Safety System Renovation\CRFlame sensing system renovation\CRFull system restoration service\CRPerformance and safety testing\CR1 ye,,Services,1417,Non Inventory
HM29D,Complete Flame Ignition and Safety System Renovation\CRFuel delivery system rejuvenation\CRFlame sensing system renovation\CRFull system restoration serv,,Services,1771,Non Inventory
HM29E,Complete Flame Ignition and Safety System Renovation\CRFuel delivery system rejuvenation\CRFlame sensing system renovation\CRFull system restoration serv,,Services,2125,Non Inventory
HM2A,,,Services,389,Non Inventory
HM2B,,,Services,539,Non Inventory
HM2C,Main Combustion and Ignition Safety System Renovation\CRPerformance enhancement calibration\CRBurner calibration alignment restoration\CRPerformance and,,Services,634,Non Inventory
HM2D,Complete Combustion and Ignition Safety System Renovation\CRBurner calibration alignment restoration\CRBarometric tubing renovation\CRUpgrade to moisture,,Services,793,Non Inventory
HM2E,Complete Combustion and Ignition Safety System Renovation\CRBurner calibration alignment restoration\CRBarometric tubing renovation\CRUpgrade to moisture,,Services,952,Non Inventory
HM30A,Flame Ignition System Rejuvenation \CRPerformance and safety testing \CR30 day warranty,,Services,406,Non Inventory
HM30B,Basic Flame Ignition System Renovation  \CRCombustion sensing system renovation\CRPerformance and safety testing \CR6 month warranty,,Services,609,Non Inventory
HM30C,Main Flame Ignition System Renovation  \CRRestore system to prime condition\CRCombustion sensing system renovation \CRPerformance and safety testing \CR1,,Services,811,Non Inventory
HM30D,Complete Flame Ignition System Renovation  \CRRestore system to prime condition\CRCombustion sensing system renovation\CRCombustion safety control system,,Services,1014,Non Inventory
HM30E,Complete Flame Ignition System Renovation  \CRRestore system to prime condition\CRCombustion sensing system renovation\CRCombustion safety control system,,Services,1217,Non Inventory
HM31A,Flame Ignition System Rejuvenation \CRPerformance and safety testing \CR30 day warranty,,Services,514,Non Inventory
HM31B,Basic Flame Ignition System Renovation  \CRCombustion sensing system renovation\CRPerformance and safety testing \CR6 month warranty,,Services,771,Non Inventory
HM31C,Main Flame Ignition System Renovation  \CRRestore system to prime condition\CRCombustion sensing system renovation \CRPerformance and safety testing \CR1,,Services,1028,Non Inventory
HM31D,Complete Flame Ignition System Renovation  \CRRestore system to prime condition\CRCombustion sensing system renovation\CRCombustion safety control system,,Services,1286,Non Inventory
HM31E,Complete Flame Ignition System Renovation  \CRRestore system to prime condition\CRCombustion sensing system renovation\CRCombustion safety control system,,Services,1543,Non Inventory
HM32A,Combustion and Ignition Safety System Rejuvenation \CRPerformance and safety testing\CR30 day warranty,,Services,728,Non Inventory
HM32B,Basic Combustion and Ignition Safety System Renovation\CRUpgrade to Moisture Resistant Igniters\CRSafety and performance testing \CRPerformance and safet,,Services,1091,Non Inventory
HM32C,Main Combustion and Ignition Safety System Renovation\CRPerformance enhancement calibration\CRBurner calibration alignment restoration\CRPerformance and,,Services,1455,Non Inventory
HM32D,Complete Combustion and Ignition Safety System Renovation\CRBurner calibration alignment restoration\CRBarometric tubing renovation\CRUpgrade to moisture,,Services,1819,Non Inventory
HM32E,Complete Combustion and Ignition Safety System Renovation\CRBurner calibration alignment restoration\CRBarometric tubing renovation\CRUpgrade to moisture,,Services,2183,Non Inventory
HM33A,Ignition System Rejuvenation\CRPerformance and safety testing\CR30 day warranty,,Services,719,Non Inventory
HM33B,Basic Ignition System Renovation\CRPerformance and safety testing\CR6 month warranty,,Services,971,Non Inventory
HM33C,Main Ignition System Renovation\CRRestore system to prime condition\CRPerformance and safety testing\CR1 year warranty,,Services,1258,Non Inventory
HM33D,Complete Ignition System Renovation\CRReplace complete ignition safety system including controls and wiring\CRCombustion evaluation calibrating to facto,,Services,1582,Non Inventory
HM33E,Complete Ignition System Renovation\CRReplace complete ignition safety system including controls and wiring\CRCombustion evaluation calibrating to facto,,Services,1870,Non Inventory
HM34A,Ignition System Rejuvenation\CRPerformance and safety testing\CR30 day warranty,,Services,961,Non Inventory
HM34B,Basic Ignition System Renovation\CRPerformance and safety testing\CR6 month warranty,,Services,1297,Non Inventory
HM34C,Main Ignition System Renovation\CRRestore system to prime condition\CRPerformance and safety testing\CR1 year warranty,,Services,1682,Non Inventory
HM34D,Complete Ignition System Renovation\CRReplace complete ignition safety system including controls and wiring\CRCombustion evaluation calibrating to facto,,Services,2114,Non Inventory
HM34E,Complete Ignition System Renovation\CRReplace complete ignition safety system including controls and wiring\CRCombustion evaluation calibrating to facto,,Services,2498,Non Inventory
HM35A,Ignition System Rejuvenation\CRPerformance and safety testing\CR30 day warranty,,Services,1212,Non Inventory
HM35B,Basic Ignition System Renovation\CRPerformance and safety testing\CR6 month warranty,,Services,1636,Non Inventory
HM35C,Main Ignition System Renovation\CRRestore system to prime condition\CRPerformance and safety testing\CR1 year warranty,,Services,2120,Non Inventory
HM35D,Complete Ignition System Renovation\CRReplace complete ignition safety system including controls and wiring\CRCombustion evaluation calibrating to facto,,Services,2665,Non Inventory
HM35E,Complete Ignition System Renovation\CRReplace complete ignition safety system including controls and wiring\CRCombustion evaluation calibrating to facto,,Services,3150,Non Inventory
HM36A,Ignition System Rejuvenation\CRPerformance and safety testing\CR30 day warranty,,Services,1433,Non Inventory
HM36B,Basic Ignition System Renovation\CRPerformance and safety testing\CR6 month warranty,,Services,1935,Non Inventory
HM36C,Main Ignition System Renovation\CRRestore system to prime condition\CRPerformance and safety testing\CR1 year warranty,,Services,2508,Non Inventory
HM36D,Complete Ignition System Renovation\CRReplace complete ignition safety system including controls and wiring\CRCombustion evaluation calibrating to facto,,Services,3153,Non Inventory
HM36E,Complete Ignition System Renovation\CRReplace complete ignition safety system including controls and wiring\CRCombustion evaluation calibrating to facto,,Services,3727,Non Inventory
HM37A,Combustion and Safety System Rejuvenation\CRPerformance and safety testing   \CR30 day warranty,,Services,797,Non Inventory
HM37B,Basic Combustion and Safety System Renovation\CRPerformance and safety testing\CR6 month warranty,,Services,1075,Non Inventory
HM37C,Main Combustion and Safety System Renovation\CRCombustion calibration service\CRPerformance enhancement service\CRElectrical termination service\CRPerform,,Services,1394,Non Inventory
HM37D,Complete Combustion and Safety System Renovation\CRBurner calibration alignment restoration\CRBarometric tubing renovation\CRPerformance enhancement serv,,Services,1752,Non Inventory
HM37E,Complete Combustion and Safety System Renovation\CRBurner calibration alignment restoration\CRBarometric tubing renovation\CRPerformance enhancement serv,,Services,2071,Non Inventory
HM38A,Combustion and Safety System Rejuvenation\CRPerformance and safety testing   \CR30 day warranty,,Services,1011,Non Inventory
HM38B,Basic Combustion and Safety System Renovation\CRPerformance and safety testing\CR6 month warranty,,Services,1365,Non Inventory
HM38C,Main Combustion and Safety System Renovation\CRCombustion calibration service\CRPerformance enhancement service\CRElectrical termination service\CRPerform,,Services,1770,Non Inventory
HM38D,Complete Combustion and Safety System Renovation\CRBurner calibration alignment restoration\CRBarometric tubing renovation\CRPerformance enhancement serv,,Services,2225,Non Inventory
HM38E,Complete Combustion and Safety System Renovation\CRBurner calibration alignment restoration\CRBarometric tubing renovation\CRPerformance enhancement serv,,Services,2629,Non Inventory
HM39A,Combustion and Safety System Rejuvenation\CRPerformance and safety testing   \CR30 day warranty,,Services,1212,Non Inventory
HM39B,Basic Combustion and Safety System Renovation\CRPerformance and safety testing\CR6 month warranty,,Services,1636,Non Inventory
HM39C,Main Combustion and Safety System Renovation\CRCombustion calibration service\CRPerformance enhancement service\CRElectrical termination service\CRPerform,,Services,2120,Non Inventory
HM39D,Complete Combustion and Safety System Renovation\CRBurner calibration alignment restoration\CRBarometric tubing renovation\CRPerformance enhancement serv,,Services,2665,Non Inventory
HM39E,Complete Combustion and Safety System Renovation\CRBurner calibration alignment restoration\CRBarometric tubing renovation\CRPerformance enhancement serv,,Services,3150,Non Inventory
HM3A,,,Services,383,Non Inventory
HM3B,,,Services,589,Non Inventory
HM3C,,,Services,1054,Non Inventory
HM3D,Complete Combustion and Ignition Safety System Renovation\CRBurner calibration alignment restoration\CRBarometric tubing renovation\CRUpgrade to moisture,,Services,1318,Non Inventory
HM3E,Complete Combustion and Ignition Safety System Renovation\CRBurner calibration alignment restoration\CRBarometric tubing renovation\CRUpgrade to moisture,,Services,1582,Non Inventory
HM40A,Combustion Exhaust System Rejuvenation\CRPerformance and safety testing                          \CR30 day warranty,,Services,1758,Non Inventory
HM40B,Basic Combustion Exhaust System Renovation\CRVoltage Enhancement System renovation\CRPerformance and safety testing\CR6 month warranty,,Services,2285,Non Inventory
HM40C,Main Combustion Exhaust System Renovation\CRHigh temperature exhaust seal\CRVoltage Enhancement System renovation\CRRestore system to prime condition\CRPe,,Services,2900,Non Inventory
HM40D,Complete Combustion Exhaust System Renovation \CRBarometric sensing system renovation\CRHigh temperature exhaust seal\CRAir movement system renovation\CRS,,Services,3516,Non Inventory
HM40E,Complete Combustion Exhaust System Renovation \CRBarometric sensing system renovation\CRHigh temperature exhaust seal\CRAir movement system renovation\CRS,,Services,4043,Non Inventory
HM41A,Combustion Exhaust System Rejuvenation\CRPerformance and safety testing                          \CR30 day warranty,,Services,2402,Non Inventory
HM41B,Basic Combustion Exhaust System Renovation\CRVoltage Enhancement System renovation\CRPerformance and safety testing\CR6 month warranty,,Services,3123,Non Inventory
HM41C,Main Combustion Exhaust System Renovation\CRHigh temperature exhaust seal\CRVoltage Enhancement System renovation\CRRestore system to prime condition\CRPe,,Services,3963,Non Inventory
HM41D,Complete Combustion Exhaust System Renovation \CRBarometric sensing system renovation\CRHigh temperature exhaust seal\CRAir movement system renovation\CRS,,Services,4804,Non Inventory
HM41E,Complete Combustion Exhaust System Renovation \CRBarometric sensing system renovation\CRHigh temperature exhaust seal\CRAir movement system renovation\CRS,,Services,5525,Non Inventory
HM42A,Combustion Exhaust System Rejuvenation\CRPerformance and safety testing                          \CR30 day warranty,,Services,2782,Non Inventory
HM42B,Basic Combustion Exhaust System Renovation\CRVoltage Enhancement System renovation\CRPerformance and safety testing\CR6 month warranty,,Services,3616,Non Inventory
HM42C,Main Combustion Exhaust System Renovation\CRHigh temperature exhaust seal\CRVoltage Enhancement System renovation\CRRestore system to prime condition\CRPe,,Services,4589,Non Inventory
HM42D,Complete Combustion Exhaust System Renovation \CRBarometric sensing system renovation\CRHigh temperature exhaust seal\CRAir movement system renovation\CRS,,Services,5563,Non Inventory
HM42E,Complete Combustion Exhaust System Renovation \CRBarometric sensing system renovation\CRHigh temperature exhaust seal\CRAir movement system renovation\CRS,,Services,6397,Non Inventory
HM43A,Combustion Exhaust System Rejuvenation\CRPerformance and safety testing                          \CR30 day warranty,,Services,3161,Non Inventory
HM43B,Basic Combustion Exhaust System Renovation\CRVoltage Enhancement System renovation\CRPerformance and safety testing\CR6 month warranty,,Services,4109,Non Inventory
HM43C,Main Combustion Exhaust System Renovation\CRHigh temperature exhaust seal\CRVoltage Enhancement System renovation\CRRestore system to prime condition\CRPe,,Services,5216,Non Inventory
HM43D,Complete Combustion Exhaust System Renovation \CRBarometric sensing system renovation\CRHigh temperature exhaust seal\CRAir movement system renovation\CRS,,Services,6322,Non Inventory
HM43E,Complete Combustion Exhaust System Renovation \CRBarometric sensing system renovation\CRHigh temperature exhaust seal\CRAir movement system renovation\CRS,,Services,7270,Non Inventory
HM44A,Combustion Exhaust System Rejuvenation\CRPerformance and safety testing                          \CR30 day warranty,,Services,3730,Non Inventory
HM44B,Basic Combustion Exhaust System Renovation\CRVoltage Enhancement System renovation\CRPerformance and safety testing\CR6 month warranty,,Services,4849,Non Inventory
HM44C,Main Combustion Exhaust System Renovation\CRHigh temperature exhaust seal\CRVoltage Enhancement System renovation\CRRestore system to prime condition\CRPe,,Services,6155,Non Inventory
HM44D,Complete Combustion Exhaust System Renovation \CRBarometric sensing system renovation\CRHigh temperature exhaust seal\CRAir movement system renovation\CRS,,Services,7461,Non Inventory
HM44E,Complete Combustion Exhaust System Renovation \CRBarometric sensing system renovation\CRHigh temperature exhaust seal\CRAir movement system renovation\CRS,,Services,8580,Non Inventory
HM45A,Combustion Exhaust System Rejuvenation\CRPerformance and safety testing                          \CR30 day warranty,,Services,4300,Non Inventory
HM45B,Basic Combustion Exhaust System Renovation\CRVoltage Enhancement System renovation\CRPerformance and safety testing\CR6 month warranty,,Services,5589,Non Inventory
HM45C,Main Combustion Exhaust System Renovation\CRHigh temperature exhaust seal\CRVoltage Enhancement System renovation\CRRestore system to prime condition\CRPe,,Services,7094,Non Inventory
HM45D,Complete Combustion Exhaust System Renovation \CRBarometric sensing system renovation\CRHigh temperature exhaust seal\CRAir movement system renovation\CRS,,Services,8599,Non Inventory
HM45E,Complete Combustion Exhaust System Renovation \CRBarometric sensing system renovation\CRHigh temperature exhaust seal\CRAir movement system renovation\CRS,,Services,9889,Non Inventory
HM46A,Combustion Pressure Sensing System Rejuvenation\CRPerformance and safety testing\CR30 day warranty,,Services,589,Non Inventory
HM46B,Basic Combustion Pressure Sensing System Renovation\CRBarometric tubing test and repair\CRPerformance and safety testing\CR6 month warranty,,Services,884,Non Inventory
HM46C,Main Combustion Pressure Sensing System Renovation \CRRejuvenate barometric tubing\CRPerformance and safety testing\CR1 year warranty,,Services,1178,Non Inventory
HM46D,Complete Combustion Pressure Sensing System Renovation \CRRejuvenate barometric tubing\CRRestore system to prime condition\CRCombustion alignment calibra,,Services,1473,Non Inventory
HM46E,Complete Combustion Pressure Sensing System Renovation \CRRejuvenate barometric tubing\CRRestore system to prime condition\CRCombustion alignment calibra,,Services,1767,Non Inventory
HM47A,Combustion Pressure Sensing System Rejuvenation\CRPerformance and safety testing\CR30 day warranty,,Services,851,Non Inventory
HM47B,Basic Combustion Pressure Sensing System Renovation\CRBarometric tubing test and repair\CRPerformance and safety testing\CR6 month warranty,,Services,1277,Non Inventory
HM47C,Main Combustion Pressure Sensing System Renovation \CRRejuvenate barometric tubing\CRPerformance and safety testing\CR1 year warranty,,Services,1703,Non Inventory
HM47D,Complete Combustion Pressure Sensing System Renovation \CRRejuvenate barometric tubing\CRRestore system to prime condition\CRCombustion alignment calibra,,Services,2129,Non Inventory
HM47E,Complete Combustion Pressure Sensing System Renovation \CRRejuvenate barometric tubing\CRRestore system to prime condition\CRCombustion alignment calibra,,Services,2554,Non Inventory
HM48A,Exhaust Removal System Rejuvenation\CRPerformance and safety testing                          \CR30 day warranty,,Services,1161,Non Inventory
HM48B,Basic Exhaust Removal System Renovation\CRPerformance and safety testing                          \CR6 month warranty,,Services,1742,Non Inventory
HM48C,Main Exhaust Removal System Renovation\CRRestore furnace to prime condition\CRClean and calibrate system burners\CRPerformance and safety testing,,Services,2322,Non Inventory
HM48D,Complete Exhaust Removal System Renovation\CRRestore system to prime condition\CRRejuvenate system burners\CRCombustion calibration service \CRPerformance,,Services,2903,Non Inventory
HM48E,Complete Exhaust Removal System Renovation\CRRestore system to prime condition\CRRejuvenate system burners\CRCombustion calibration service \CRPerformance,,Services,3484,Non Inventory
HM49A,Exhaust Removal System Rejuvenation\CRPerformance and safety testing                          \CR30 day warranty,,Services,1386,Non Inventory
HM49B,Basic Exhaust Removal System Renovation\CRPerformance and safety testing                          \CR6 month warranty,,Services,2079,Non Inventory
HM49C,Main Exhaust Removal System Renovation\CRRestore furnace to prime condition\CRClean and calibrate system burners\CRPerformance and safety testing,,Services,2772,Non Inventory
HM49D,Complete Exhaust Removal System Renovation\CRRestore system to prime condition\CRRejuvenate system burners\CRCombustion calibration service \CRPerformance,,Services,3465,Non Inventory
HM49E,Complete Exhaust Removal System Renovation\CRRestore system to prime condition\CRRejuvenate system burners\CRCombustion calibration service \CRPerformance,,Services,4158,Non Inventory
HM4A,,,Services,310,Non Inventory
HM4B,,,Services,489,Non Inventory
HM4C,Main Ignition System Renovation\CRRestore system to prime condition\CRPerformance and safety testing\CR1 year warranty,,Services,922,Non Inventory
HM4D,Complete Ignition System Renovation\CRReplace complete ignition safety system including controls and wiring\CRCombustion evaluation calibrating to facto,,Services,1159,Non Inventory
HM4E,Complete Ignition System Renovation\CRReplace complete ignition safety system including controls and wiring\CRCombustion evaluation calibrating to facto,,Services,1370,Non Inventory
HM50A,Flame Safety System Rejuvenation\CRPerformance and safety testing                          \CR30 day warranty,,Services,729,Non Inventory
HM50B,Basic Flame Safety System Renovation\CRPerformance and safety testing                          \CR6 month warranty,,Services,1094,Non Inventory
HM50C,Main Flame Safety System Renovation\CRPerformance enhancement calibration service\CRCombustion safety system rejuvenation\CRBurner calibration alignment,,Services,1459,Non Inventory
HM50D,Complete Flame Safety System Renovation\CRCombustion safety system rejuvenation\CRBurner calibration alignment restoration\CRBarometric tubing renovation,,Services,1823,Non Inventory
HM50E,Complete Flame Safety System Renovation\CRCombustion safety system rejuvenation\CRBurner calibration alignment restoration\CRBarometric tubing renovation,,Services,2188,Non Inventory
HM51A,Fuel Delivery System Rejuvenation\CRPerformance and safety testing                          \CR30 day warranty,,Services,1183,Non Inventory
HM51B,Basic Fuel Delivery System Renovation\CRPerformance enhancement calibration\CRPerformance and safety testing                          \CR6 month warranty,,Services,1775,Non Inventory
HM51C,Main Fuel Delivery System Renovation \CRPerformance enhancement calibration\CRIgnition system rejuvenation\CRBurner calibration alignment restoration\CRPe,,Services,2366,Non Inventory
HM51D,Complete Fuel Delivery System Renovation\CRIgnition system rejuvenation\CRBurner calibration alignment restoration\CRBarometric tubing renovation\CRPerfor,,Services,2958,Non Inventory
HM51E,Complete Fuel Delivery System Renovation\CRIgnition system rejuvenation\CRBurner calibration alignment restoration\CRBarometric tubing renovation\CRPerfor,,Services,3550,Non Inventory
HM52A,Fuel Delivery System Rejuvenation\CRPerformance and safety testing                          \CR30 day warranty,,Services,1335,Non Inventory
HM52B,Basic Fuel Delivery System Renovation\CRPerformance enhancement calibration\CRPerformance and safety testing                          \CR6 month warranty,,Services,2002,Non Inventory
HM52C,Main Fuel Delivery System Renovation \CRPerformance enhancement calibration\CRIgnition system rejuvenation\CRBurner calibration alignment restoration\CRPe,,Services,2669,Non Inventory
HM52D,Complete Fuel Delivery System Renovation\CRIgnition system rejuvenation\CRBurner calibration alignment restoration\CRBarometric tubing renovation\CRPerfor,,Services,3336,Non Inventory
HM52E,Complete Fuel Delivery System Renovation\CRIgnition system rejuvenation\CRBurner calibration alignment restoration\CRBarometric tubing renovation\CRPerfor,,Services,4004,Non Inventory
HM53A,Combustion Chamber System Rejuvenation\CRPerformance and safety testing\CR30 day warranty,,Services,4503,Non Inventory
HM53B,Basic Combustion Chamber System Renovation\CRPerformance and safety testing\CR6 month warranty,,Services,5629,Non Inventory
HM53C,Main Combustion Chamber System Renovation\CRExhaust removal system renovation\CRClean and calibrate system burners\CRPerformance and safety testing\CR1 ye,,Services,6305,Non Inventory
HM53D,Complete Combustion Chamber System Renovation\CRCombustion ignition system rejuvenation\CRExhaust removal system renovation\CRRestore system to prime con,,Services,7206,Non Inventory
HM53E,Complete Combustion Chamber System Renovation\CRCombustion ignition system rejuvenation\CRExhaust removal system renovation\CRRestore system to prime con,,Services,9007,Non Inventory
HM54A,Combustion Chamber System Rejuvenation\CRPerformance and safety testing\CR30 day warranty,,Services,5512,Non Inventory
HM54B,Basic Combustion Chamber System Renovation\CRPerformance and safety testing\CR6 month warranty,,Services,6890,Non Inventory
HM54C,Main Combustion Chamber System Renovation\CRExhaust removal system renovation\CRClean and calibrate system burners\CRPerformance and safety testing\CR1 ye,,Services,7717,Non Inventory
HM54D,Complete Combustion Chamber System Renovation\CRCombustion ignition system rejuvenation\CRExhaust removal system renovation\CRRestore system to prime con,,Services,8819,Non Inventory
HM54E,Complete Combustion Chamber System Renovation\CRCombustion ignition system rejuvenation\CRExhaust removal system renovation\CRRestore system to prime con,,Services,11024,Non Inventory
HM55A,Combustion Burner System Rejuvenation\CRPerformance and safety testing                         \CR30 day warranty,,Services,781,Non Inventory
HM55B,Basic Combustion Burner System Renovation \CRPerformance and safety testing                          \CR6 month warranty,,Services,1172,Non Inventory
HM55C,Main Combustion Burner System Renovation \CRRestore system to prime condition\CRPerformance calibration service\CRPerformance and safety testing,,Services,1562,Non Inventory
HM55D,Complete Combustion Burner System Renovation\CRCombustion ignition system rejuvenation\CRRestore system to prime condition\CRRejuvenate exhaust removal s,,Services,1953,Non Inventory
HM55E,Complete Combustion Burner System Renovation\CRCombustion ignition system rejuvenation\CRRestore system to prime condition\CRRejuvenate exhaust removal s,,Services,2344,Non Inventory
HM56A,Combustion Burner System Rejuvenation\CRPerformance and safety testing                         \CR30 day warranty,,Services,955,Non Inventory
HM56B,Basic Combustion Burner System Renovation \CRPerformance and safety testing                          \CR6 month warranty,,Services,1433,Non Inventory
HM56C,Main Combustion Burner System Renovation \CRRestore system to prime condition\CRPerformance calibration service\CRPerformance and safety testing,,Services,1910,Non Inventory
HM56D,Complete Combustion Burner System Renovation\CRCombustion ignition system rejuvenation\CRRestore system to prime condition\CRRejuvenate exhaust removal s,,Services,2388,Non Inventory
HM56E,Complete Combustion Burner System Renovation\CRCombustion ignition system rejuvenation\CRRestore system to prime condition\CRRejuvenate exhaust removal s,,Services,2865,Non Inventory
HM57A,Combustion Burner System Rejuvenation\CRPerformance and safety testing                         \CR30 day warranty,,Services,1163,Non Inventory
HM57B,Basic Combustion Burner System Renovation \CRPerformance and safety testing                          \CR6 month warranty,,Services,1744,Non Inventory
HM57C,Main Combustion Burner System Renovation \CRRestore system to prime condition\CRPerformance calibration service\CRPerformance and safety testing,,Services,2326,Non Inventory
HM57D,Complete Combustion Burner System Renovation\CRCombustion ignition system rejuvenation\CRRestore system to prime condition\CRRejuvenate exhaust removal s,,Services,2907,Non Inventory
HM57E,Complete Combustion Burner System Renovation\CRCombustion ignition system rejuvenation\CRRestore system to prime condition\CRRejuvenate exhaust removal s,,Services,3489,Non Inventory
HM5A,Combustion and Safety System Rejuvenation\CRPerformance and safety testing   \CR30 day warranty,,Services,360,Non Inventory
HM5B,Basic Combustion and Safety System Renovation\CRPerformance and safety testing\CR6 month warranty,,Services,486,Non Inventory
HM5D,Complete Combustion and Safety System Renovation\CRBurner calibration alignment restoration\CRBarometric tubing renovation\CRPerformance enhancement serv,,Services,792,Non Inventory
HM5E,Complete Combustion and Safety System Renovation\CRBurner calibration alignment restoration\CRBarometric tubing renovation\CRPerformance enhancement serv,,Services,936,Non Inventory
HM6A,Combustion and Safety System Rejuvenation\CRPerformance and safety testing   \CR30 day warranty,,Services,548,Non Inventory
HM6B,Basic Combustion and Safety System Renovation\CRPerformance and safety testing\CR6 month warranty,,Services,740,Non Inventory
HM6C,Main Combustion and Safety System Renovation\CRCombustion calibration service\CRPerformance enhancement service\CRElectrical termination service\CRPerform,,Services,960,Non Inventory
HM6D,Complete Combustion and Safety System Renovation\CRBurner calibration alignment restoration\CRBarometric tubing renovation\CRPerformance enhancement serv,,Services,1206,Non Inventory
HM6E,Complete Combustion and Safety System Renovation\CRBurner calibration alignment restoration\CRBarometric tubing renovation\CRPerformance enhancement serv,,Services,1426,Non Inventory
HM7A,,,Services,325,Non Inventory
HM7B,,,Services,542,Non Inventory
HM7C,Main Combustion Exhaust System Renovation\CRHigh temperature exhaust seal\CRVoltage Enhancement System renovation\CRRestore system to prime condition\CRPe,,Services,1394,Non Inventory
HM7D,Complete Combustion Exhaust System Renovation \CRBarometric sensing system renovation\CRHigh temperature exhaust seal\CRAir movement system renovation\CRS,,Services,1752,Non Inventory
HM7E,Complete Combustion Exhaust System Renovation \CRBarometric sensing system renovation\CRHigh temperature exhaust seal\CRAir movement system renovation\CRS,,Services,2071,Non Inventory
HM8A,,,Services,375,Non Inventory
HM8B,,,Services,525,Non Inventory
HM8C,Main Combustion Exhaust System Renovation\CRHigh temperature exhaust seal\CRVoltage Enhancement System renovation\CRRestore system to prime condition\CRPe,,Services,1638,Non Inventory
HM8D,Complete Combustion Exhaust System Renovation \CRBarometric sensing system renovation\CRHigh temperature exhaust seal\CRAir movement system renovation\CRS,,Services,2060,Non Inventory
HM8E,Complete Combustion Exhaust System Renovation \CRBarometric sensing system renovation\CRHigh temperature exhaust seal\CRAir movement system renovation\CRS,,Services,2434,Non Inventory
HM9A,,,Services,350,Non Inventory
HM9B,Basic Combustion Exhaust System Renovation\CRVoltage Enhancement System renovation\CRPerformance and safety testing\CR6 month warranty,,Services,1530,Non Inventory
HM9C,Main Combustion Exhaust System Renovation\CRHigh temperature exhaust seal\CRVoltage Enhancement System renovation\CRRestore system to prime condition\CRPe,,Services,1983,Non Inventory
HM9D,Complete Combustion Exhaust System Renovation \CRBarometric sensing system renovation\CRHigh temperature exhaust seal\CRAir movement system renovation\CRS,,Services,2493,Non Inventory
HM9E,Complete Combustion Exhaust System Renovation \CRBarometric sensing system renovation\CRHigh temperature exhaust seal\CRAir movement system renovation\CRS,,Services,2947,Non Inventory
HN10A,Voltage Enhancement System Rejuvenation \CRPerformance and safety testing                          \CR30 day warranty,,Services,340,Non Inventory
HN10B,Basic Voltage Enhancement System Renovation \CRElectrical termination service\CRPerformance and safety testing                          \CR6 month warran,,Services,511,Non Inventory
HN10C,Main Voltage Enhancement System Renovation\CRPower protection system renovation\CRAir circulation system restoration\CRRenovate electrical terminations\CR,,Services,681,Non Inventory
HN10D,Complete Voltage Enhancement System Renovation \CRPower protection system renovation\CRRenovate electrical wiring and terminations\CRAir circulation syst,,Services,851,Non Inventory
HN10E,Complete Voltage Enhancement System Renovation \CRPower protection system renovation\CRRenovate electrical wiring and terminations\CRAir circulation syst,,Services,1021,Non Inventory
HN11A,Voltage Enhancement System Rejuvenation \CRPerformance and safety testing                          \CR30 day warranty,,Services,544,Non Inventory
HN11B,Basic Voltage Enhancement System Renovation \CRElectrical termination service\CRPerformance and safety testing                          \CR6 month warran,,Services,816,Non Inventory
HN11C,Main Voltage Enhancement System Renovation\CRPower protection system renovation\CRAir circulation system restoration\CRRenovate electrical terminations\CR,,Services,1087,Non Inventory
HN11D,Complete Voltage Enhancement System Renovation \CRPower protection system renovation\CRRenovate electrical wiring and terminations\CRAir circulation syst,,Services,1359,Non Inventory
HN11E,Complete Voltage Enhancement System Renovation \CRPower protection system renovation\CRRenovate electrical wiring and terminations\CRAir circulation syst,,Services,1631,Non Inventory
HN12A,Voltage Enhancement System Rejuvenation \CRPerformance and safety testing                          \CR30 day warranty,,Services,739,Non Inventory
HN12B,Basic Voltage Enhancement System Renovation \CRElectrical termination service\CRPerformance and safety testing                          \CR6 month warran,,Services,1109,Non Inventory
HN12C,Main Voltage Enhancement System Renovation\CRPower protection system renovation\CRAir circulation system restoration\CRRenovate electrical terminations\CR,,Services,1478,Non Inventory
HN12D,Complete Voltage Enhancement System Renovation \CRPower protection system renovation\CRRenovate electrical wiring and terminations\CRAir circulation syst,,Services,1848,Non Inventory
HN12E,Complete Voltage Enhancement System Renovation \CRPower protection system renovation\CRRenovate electrical wiring and terminations\CRAir circulation syst,,Services,2217,Non Inventory
HN13A,Voltage Enhancement System Rejuvenation \CRPerformance and safety testing                          \CR30 day warranty,,Services,370,Non Inventory
HN13B,Basic Voltage Enhancement System Renovation \CRPerformance and electrical termination service\CRPerformance and safety testing,,Services,555,Non Inventory
HN13C,Main Voltage Enhancement System Renovation\CRUpgrade to performance enhancement system\CRBasic system restoration service\CRRenovate electrical terminati,,Services,740,Non Inventory
HN13D,Complete Voltage Enhancement System Renovation \CRUpgrade to performance enhancement system\CRPower protection system renovation\CRRestore system to prim,,Services,925,Non Inventory
HN13E,Complete Voltage Enhancement System Renovation \CRUpgrade to performance enhancement system\CRPower protection system renovation\CRRestore system to prim,,Services,1111,Non Inventory
HN14A,Voltage Enhancement System Rejuvenation \CRPerformance and safety testing                          \CR30 day warranty,,Services,575,Non Inventory
HN14B,Basic Voltage Enhancement System Renovation \CRPerformance and electrical termination service\CRPerformance and safety testing,,Services,863,Non Inventory
HN14C,Main Voltage Enhancement System Renovation\CRUpgrade to performance enhancement system\CRBasic system restoration service\CRRenovate electrical terminati,,Services,1150,Non Inventory
HN14D,Complete Voltage Enhancement System Renovation \CRUpgrade to performance enhancement system\CRPower protection system renovation\CRRestore system to prim,,Services,1438,Non Inventory
HN14E,Complete Voltage Enhancement System Renovation \CRUpgrade to performance enhancement system\CRPower protection system renovation\CRRestore system to prim,,Services,1725,Non Inventory
HN15A,Voltage Enhancement System Rejuvenation \CRPerformance and safety testing                          \CR30 day warranty,,Services,803,Non Inventory
HN15B,Basic Voltage Enhancement System Renovation \CRPerformance and electrical termination service\CRPerformance and safety testing,,Services,1204,Non Inventory
HN15C,Main Voltage Enhancement System Renovation\CRUpgrade to performance enhancement system\CRBasic system restoration service\CRRenovate electrical terminati,,Services,1605,Non Inventory
HN15D,Complete Voltage Enhancement System Renovation \CRUpgrade to performance enhancement system\CRPower protection system renovation\CRRestore system to prim,,Services,2006,Non Inventory
HN15E,Complete Voltage Enhancement System Renovation \CRUpgrade to performance enhancement system\CRPower protection system renovation\CRRestore system to prim,,Services,2408,Non Inventory
HN1A,,,Services,340,Non Inventory
HN1B,,,Services,484,Non Inventory
HN1C,Main Performance Enhancement System Renovation\CRHigh voltage connection service\CRVoltage Enhancement System Rejuvenation\CRRenovate electrical terminat,,Services,642,Non Inventory
HN1D,Complete Performance Enhancement System Renovation \CRUpgrade to high voltage connection kit\CRVoltage Enhancement System Rejuvenation\CRRenovate electri,,Services,802,Non Inventory
HN1E,Complete Performance Enhancement System Renovation \CRUpgrade to high voltage connection kit\CRVoltage Enhancement System Rejuvenation\CRRenovate electri,,Services,963,Non Inventory
HN2A,,,Services,370,Non Inventory
HN2B,,,Services,520,Non Inventory
HN2C,Main Performance Enhancement System Renovation\CRHigh voltage connection service\CRVoltage Enhancement System Rejuvenation\CRRenovate electrical terminat,,Services,948,Non Inventory
HN2D,Complete Performance Enhancement System Renovation \CRUpgrade to high voltage connection kit\CRVoltage Enhancement System Rejuvenation\CRRenovate electri,,Services,1185,Non Inventory
HN2E,Complete Performance Enhancement System Renovation \CRUpgrade to high voltage connection kit\CRVoltage Enhancement System Rejuvenation\CRRenovate electri,,Services,1422,Non Inventory
HN3A,,,Services,491,Non Inventory
HN3B,,,Services,642,Non Inventory
HN3C,Main Voltage Connection System Renovation\CRUpgrade performance enhancement system\CRTermination and safety service\CRPerformance and safety testing,,Services,829,Non Inventory
HN3D,Complete Voltage Connection System Renovation\CRComplete voltage distribution system renovation\CRRenovate performance enhancement system\CRUpgrade volta,,Services,1037,Non Inventory
HN3E,Complete Voltage Connection System Renovation\CRComplete voltage distribution system renovation\CRRenovate performance enhancement system\CRUpgrade volta,,Services,1244,Non Inventory
HN4A,Quick Fix Safety testing 90 day warranty,,Services,112,Non Inventory
HN4B,Main Component Renovation Performance and electrical termination service 6 month warranty,,Services,167,Non Inventory
HN4C,Complete Voltage Absorption System Renovation Upgrade to performance enhancement system Renovate electrical terminations 1 year warranty,,Services,223,Non Inventory
HN4D,Complete Voltage Absorption System Renovation  Upgrade to performance enhancement system Renovate electrical wiring and terminations Restore system to,,Services,279,Non Inventory
HN4E,Complete Voltage Absorption System Renovation  Upgrade to performance enhancement system Renovate electrical wiring and terminations Restore system to,,Services,335,Non Inventory
HN5A,Quick Fix Safety testing 90 day warranty,,Services,169,Non Inventory
HN5B,Main Component Renovation Performance and electrical termination service 6 month warranty,,Services,254,Non Inventory
HN5C,Complete Voltage Absorption System Renovation Upgrade to performance enhancement system Renovate electrical terminations 1 year warranty,,Services,338,Non Inventory
HN5D,Complete Voltage Absorption System Renovation  Upgrade to performance enhancement system Renovate electrical wiring and terminations Restore system to,,Services,423,Non Inventory
HN5E,Complete Voltage Absorption System Renovation  Upgrade to performance enhancement system Renovate electrical wiring and terminations Restore system to,,Services,507,Non Inventory
HN6A,Quick Fix Safety testing 90 day warranty,,Services,217,Non Inventory
HN6B,Main Component Renovation Performance and electrical termination service 6 month warranty,,Services,325,Non Inventory
HN6C,Complete Voltage Absorption System Renovation Upgrade to performance enhancement system Renovate electrical terminations 1 year warranty,,Services,433,Non Inventory
HN6D,Complete Voltage Absorption System Renovation  Upgrade to performance enhancement system Renovate electrical wiring and terminations Restore system to,,Services,541,Non Inventory
HN6E,Complete Voltage Absorption System Renovation  Upgrade to performance enhancement system Renovate electrical wiring and terminations Restore system to,,Services,650,Non Inventory
HN7A,Performance Enhancement System Rejuvenation \CRPerformance and safety testing                          \CR30 day warranty,,Services,575,Non Inventory
HN7B,Basic Performance Enhancement System Renovation \CRElectrical termination service\CRPerformance and safety testing                          \CR6 month wa,,Services,863,Non Inventory
HN7C,Main Performance Enhancement System Renovation\CRHigh voltage connection service\CRVoltage Enhancement System Rejuvenation\CRRenovate electrical terminat,,Services,1151,Non Inventory
HN7D,Complete Performance Enhancement System Renovation \CRUpgrade to high voltage connection kit\CRVoltage Enhancement System Rejuvenation\CRRenovate electri,,Services,1439,Non Inventory
HN7E,Complete Performance Enhancement System Renovation \CRUpgrade to high voltage connection kit\CRVoltage Enhancement System Rejuvenation\CRRenovate electri,,Services,1726,Non Inventory
HN8A,Voltage Connection System Rejuvenation\CRPerformance and safety testing                          \CR30 day warranty,,Services,537,Non Inventory
HN8B,Basic Voltage Connection System Renovation\CRPerformance and safety testing                          \CR6 month warranty,,Services,806,Non Inventory
HN8C,Main Voltage Connection System Renovation\CRUpgrade performance enhancement system\CRTermination and safety service\CRPerformance and safety testing,,Services,1075,Non Inventory
HN8D,Complete Voltage Connection System Renovation\CRComplete voltage distribution system renovation\CRRenovate performance enhancement system\CRUpgrade volta,,Services,1343,Non Inventory
HN8E,Complete Voltage Connection System Renovation\CRComplete voltage distribution system renovation\CRRenovate performance enhancement system\CRUpgrade volta,,Services,1612,Non Inventory
HN9A,Voltage Connection System Rejuvenation\CRPerformance and safety testing                          \CR30 day warranty,,Services,638,Non Inventory
HN9B,Basic Voltage Connection System Renovation\CRPerformance and safety testing                          \CR6 month warranty,,Services,958,Non Inventory
HN9C,Main Voltage Connection System Renovation\CRUpgrade performance enhancement system\CRTermination and safety service\CRPerformance and safety testing,,Services,1277,Non Inventory
HN9D,Complete Voltage Connection System Renovation\CRComplete voltage distribution system renovation\CRRenovate performance enhancement system\CRUpgrade volta,,Services,1596,Non Inventory
HN9E,Complete Voltage Connection System Renovation\CRComplete voltage distribution system renovation\CRRenovate performance enhancement system\CRUpgrade volta,,Services,1915,Non Inventory
HO10A,,,Services,1634,Non Inventory
HO10B,,,Services,1784,Non Inventory
HO10C,,,Services,1934,Non Inventory
HO10D,,,Services,2084,Non Inventory
HO10E,,,Services,2234,Non Inventory
HO11A,,,Services,1800,Non Inventory
HO11B,,,Services,1950,Non Inventory
HO11C,,,Services,2100,Non Inventory
HO11D,,,Services,2250,Non Inventory
HO11E,,,Services,2400,Non Inventory
HO12A,,,Services,2294,Non Inventory
HO12B,,,Services,3097,Non Inventory
HO12C,,,Services,4015,Non Inventory
HO12D,,,Services,5047,Non Inventory
HO12E,,,Services,5964,Non Inventory
HO13A,Component System Rejuvenation\CRPerformance and safety testing                          \CR30 day warranty,,Services,2609,Non Inventory
HO13B,Basic Component System Renovation\CRTermination and connection service\CRPerformance and safety testing                          \CR6 month warranty,,Services,3522,Non Inventory
HO13C,Main Component System Renovation\CRSystem restoration service \CRSafety termination and connection service\CRPerformance and safety testing,,Services,4566,Non Inventory
HO13D,"Complete Component System Renovation\CRSystem restoration service\CRPerformance, safety and service calibrations\CRThorough system enhancements\CRTerminat",,Services,5740,Non Inventory
HO13E,"Complete Component System Renovation\CRSystem restoration service\CRPerformance, safety and service calibrations\CRThorough system enhancements\CRTerminat",,Services,6783,Non Inventory
HO1A,,,Services,342,Non Inventory
HO1B,,,Services,492,Non Inventory
HO1C,,,Services,642,Non Inventory
HO1D,,,Services,792,Non Inventory
HO1E,,,Services,942,Non Inventory
HO2A,,,Services,425,Non Inventory
HO2B,,,Services,575,Non Inventory
HO2C,,,Services,725,Non Inventory
HO2D,,,Services,875,Non Inventory
HO2E,,,Services,1025,Non Inventory
HO3A,,,Services,467,Non Inventory
HO3B,,,Services,617,Non Inventory
HO3C,,,Services,767,Non Inventory
HO3D,,,Services,917,Non Inventory
HO3E,,,Services,1067,Non Inventory
HO4A,,,Services,634,Non Inventory
HO4B,,,Services,784,Non Inventory
HO4C,,,Services,934,Non Inventory
HO4D,,,Services,1084,Non Inventory
HO4E,,,Services,1234,Non Inventory
HO5A,,,Services,800,Non Inventory
HO5B,,,Services,950,Non Inventory
HO5C,,,Services,1100,Non Inventory
HO5D,,,Services,1250,Non Inventory
HO5E,,,Services,1400,Non Inventory
HO6A,,,Services,967,Non Inventory
HO6B,,,Services,1117,Non Inventory
HO6C,,,Services,1267,Non Inventory
HO6D,,,Services,1417,Non Inventory
HO6E,,,Services,1567,Non Inventory
HO7A,,,Services,1134,Non Inventory
HO7B,,,Services,1284,Non Inventory
HO7C,,,Services,1434,Non Inventory
HO7D,,,Services,1584,Non Inventory
HO7E,,,Services,1734,Non Inventory
HO8A,,,Services,1300,Non Inventory
HO8B,,,Services,1450,Non Inventory
HO8C,,,Services,1600,Non Inventory
HO8D,,,Services,1750,Non Inventory
HO8E,,,Services,1900,Non Inventory
HO9A,,,Services,1467,Non Inventory
HO9B,,,Services,1617,Non Inventory
HO9C,,,Services,1767,Non Inventory
HO9D,,,Services,1917,Non Inventory
HO9E,,,Services,2067,Non Inventory
Honeywell Pro 5000,Installation of a Honeywell Pro 500 thermostat,,Services,508,Non Inventory
HP100A,Fuel Delivery System Rejuvenation\CRPerformance and safety testing                          \CR30 day warranty,,Services,1138,Non Inventory
HP100B,Basic Fuel Delivery System Renovation\CRPerformance enhancement calibration\CRPerformance and safety testing                          \CR6 month warranty,,Services,2048,Non Inventory
HP100C,Main Fuel Delivery System Renovation \CRPerformance enhancement calibration\CRIgnition system rejuvenation\CRBurner calibration alignment restoration\CRPe,,Services,3130,Non Inventory
HP100D,Complete Fuel Delivery System Renovation\CRIgnition system rejuvenation\CRBurner calibration alignment restoration\CRPerformance enhancement calibration\CR,,Services,3699,Non Inventory
HP100E,Complete Fuel Delivery System Renovation\CRIgnition system rejuvenation\CRBurner calibration alignment restoration\CRPerformance enhancement calibration\CR,,Services,4552,Non Inventory
HP101A,Fuel Delivery System Rejuvenation\CRPerformance and safety testing                          \CR30 day warranty,,Services,1424,Non Inventory
HP101B,Basic Fuel Delivery System Renovation\CRPerformance enhancement calibration\CRPerformance and safety testing                          \CR6 month warranty,,Services,2564,Non Inventory
HP101C,Main Fuel Delivery System Renovation \CRPerformance enhancement calibration\CRIgnition system rejuvenation\CRBurner calibration alignment restoration\CRPe,,Services,3917,Non Inventory
HP101D,Complete Fuel Delivery System Renovation\CRIgnition system rejuvenation\CRBurner calibration alignment restoration\CRPerformance enhancement calibration\CR,,Services,4629,Non Inventory
HP101E,Complete Fuel Delivery System Renovation\CRIgnition system rejuvenation\CRBurner calibration alignment restoration\CRPerformance enhancement calibration\CR,,Services,5697,Non Inventory
HP102A,Fuel Delivery System Rejuvenation\CRPerformance and safety testing                          \CR30 day warranty,,Services,1884,Non Inventory
HP102B,Basic Fuel Delivery System Renovation\CRPerformance enhancement calibration\CRPerformance and safety testing                          \CR6 month warranty,,Services,3391,Non Inventory
HP102C,Main Fuel Delivery System Renovation \CRPerformance enhancement calibration\CRIgnition system rejuvenation\CRBurner calibration alignment restoration\CRPe,,Services,5181,Non Inventory
HP102D,Complete Fuel Delivery System Renovation\CRIgnition system rejuvenation\CRBurner calibration alignment restoration\CRPerformance enhancement calibration\CR,,Services,6123,Non Inventory
HP102E,Complete Fuel Delivery System Renovation\CRIgnition system rejuvenation\CRBurner calibration alignment restoration\CRPerformance enhancement calibration\CR,,Services,7536,Non Inventory
HP103A,Fuel Delivery System Rejuvenation\CRPerformance and safety testing                          \CR30 day warranty,,Services,2143,Non Inventory
HP103B,Basic Fuel Delivery System Renovation\CRPerformance enhancement calibration\CRPerformance and safety testing                          \CR6 month warranty,,Services,3858,Non Inventory
HP103C,Main Fuel Delivery System Renovation \CRPerformance enhancement calibration\CRIgnition system rejuvenation\CRBurner calibration alignment restoration\CRPe,,Services,5894,Non Inventory
HP103D,Complete Fuel Delivery System Renovation\CRIgnition system rejuvenation\CRBurner calibration alignment restoration\CRPerformance enhancement calibration\CR,,Services,6965,Non Inventory
HP103E,Complete Fuel Delivery System Renovation\CRIgnition system rejuvenation\CRBurner calibration alignment restoration\CRPerformance enhancement calibration\CR,,Services,8573,Non Inventory
HP104A,Pressure Safety System Rejuvenation\CREmergency pressure regulator renovation\CRRegulator safety system rejuvenation\CRPerformance and safety testing,,Services,463,Non Inventory
HP104B,Basic Pressure Safety System renovation\CREmergency pressure regulator renovation\CRregulator safety system rejuvenation\CRDrain / flush and descale\CRPer,,Services,833,Non Inventory
HP104C,Main Pressure Safety System Renovation\CREmergency pressure regulator and regulator safety system rejuvenation\CRPressure and temperature and monitoring,,Services,1273,Non Inventory
HP104D,Complete Pressure Safety System Renovation\CREmergency pressure regulator and regulator safety system rejuvenation\CRPressure and temperature and monito,,Services,1505,Non Inventory
HP104E,Complete Pressure Safety System Renovation\CREmergency pressure regulator and regulator safety system rejuvenation\CRPressure and temperature and monito,,Services,1852,Non Inventory
HP105A,Pressure Safety System Rejuvenation\CREmergency pressure regulator renovation\CRRegulator safety system rejuvenation\CRPerformance and safety testing,,Services,593,Non Inventory
HP105B,Basic Pressure Safety System renovation\CREmergency pressure regulator renovation\CRregulator safety system rejuvenation\CRDrain / flush and descale\CRPer,,Services,1067,Non Inventory
HP105C,Main Pressure Safety System Renovation\CREmergency pressure regulator and regulator safety system rejuvenation\CRPressure and temperature and monitoring,,Services,1630,Non Inventory
HP105D,Complete Pressure Safety System Renovation\CREmergency pressure regulator and regulator safety system rejuvenation\CRPressure and temperature and monito,,Services,1927,Non Inventory
HP105E,Complete Pressure Safety System Renovation\CREmergency pressure regulator and regulator safety system rejuvenation\CRPressure and temperature and monito,,Services,2372,Non Inventory
HP106A,Pressure Safety System Rejuvenation\CREmergency pressure regulator renovation\CRRegulator safety system rejuvenation\CRPerformance and safety testing,,Services,824,Non Inventory
HP106B,Basic Pressure Safety System renovation\CREmergency pressure regulator renovation\CRregulator safety system rejuvenation\CRDrain / flush and descale\CRPer,,Services,1484,Non Inventory
HP106C,Main Pressure Safety System Renovation\CREmergency pressure regulator and regulator safety system rejuvenation\CRPressure and temperature and monitoring,,Services,2267,Non Inventory
HP106D,Complete Pressure Safety System Renovation\CREmergency pressure regulator and regulator safety system rejuvenation\CRPressure and temperature and monito,,Services,2679,Non Inventory
HP106E,Complete Pressure Safety System Renovation\CREmergency pressure regulator and regulator safety system rejuvenation\CRPressure and temperature and monito,,Services,3297,Non Inventory
HP107A,Pressure Safety System Rejuvenation\CREmergency pressure regulator renovation\CRRegulator safety system rejuvenation\CRPerformance and safety testing,,Services,1054,Non Inventory
HP107B,Basic Pressure Safety System renovation\CREmergency pressure regulator renovation\CRregulator safety system rejuvenation\CRDrain / flush and descale\CRPer,,Services,1898,Non Inventory
HP107C,Main Pressure Safety System Renovation\CREmergency pressure regulator and regulator safety system rejuvenation\CRPressure and temperature and monitoring,,Services,2900,Non Inventory
HP107D,Complete Pressure Safety System Renovation\CREmergency pressure regulator and regulator safety system rejuvenation\CRPressure and temperature and monito,,Services,3427,Non Inventory
HP107E,Complete Pressure Safety System Renovation\CREmergency pressure regulator and regulator safety system rejuvenation\CRPressure and temperature and monito,,Services,4218,Non Inventory
HP108A,Pressure Safety System Rejuvenation\CREmergency pressure regulator renovation\CRRegulator safety system rejuvenation\CRPerformance and safety testing,,Services,1988,Non Inventory
HP108B,Basic Pressure Safety System renovation\CREmergency pressure regulator renovation\CRregulator safety system rejuvenation\CRDrain / flush and descale\CRPer,,Services,3578,Non Inventory
HP108C,Main Pressure Safety System Renovation\CREmergency pressure regulator and regulator safety system rejuvenation\CRPressure and temperature and monitoring,,Services,5467,Non Inventory
HP108D,Complete Pressure Safety System Renovation\CREmergency pressure regulator and regulator safety system rejuvenation\CRPressure and temperature and monito,,Services,6461,Non Inventory
HP108E,Complete Pressure Safety System Renovation\CREmergency pressure regulator and regulator safety system rejuvenation\CRPressure and temperature and monito,,Services,7952,Non Inventory
HP109A,Hot Water Vapor Central Heating System Rejuvenation\CRDrain / flush and descale\CRPerformance and safety testing \CR30 day warranty,,Services,500,Non Inventory
HP109B,Basic Hot Water Vapor Central Heating System Renovation\CRDrain / flush and descale\CRVisual water level restoration service \CRPerformance and safety te,,Services,900,Non Inventory
HP109C,Main Hot Water Vapor Central Heating System Renovation\CRDrain / flush and descale\CRVisual water level restoration service \CRRestore system to prime co,,Services,1375,Non Inventory
HP109D,Complete Hot Water Vapor Central Heating System Renovation \CRHumidity restoration service rejuvenation  \CRDrain / flush and descale \CRVisual Water Lev,,Services,1625,Non Inventory
HP109E,Complete Hot Water Vapor Central Heating System Renovation \CRHumidity restoration service rejuvenation  \CRDrain / flush and descale \CRVisual Water Lev,,Services,2000,Non Inventory
HP10A,Pressure and Temperature Monitoring System Rejuvenation\CRNo isolation or drain down\CRPerformance and safety testing                          \CR30 day,,Services,350,Non Inventory
HP10B,Basic Pressure and Temperature Monitoring System Renovation\CRIsolation system\CRDrain / Treat / Purge\CRPerformance and safety testing,,Services,525,Non Inventory
HP10C,,,Services,1087,Non Inventory
HP10D,Complete Pressure and Temperature Monitoring System Renovation\CRComponent isolation system\CRLow water emergency cut off rejuvenation\CRSafety control s,,Services,875,Non Inventory
HP10E,,,Services,1192,Non Inventory
HP110A,Hot Water Vapor Central Heating System Rejuvenation\CRDrain / flush and descale\CRPerformance and safety testing \CR30 day warranty,,Services,767,Non Inventory
HP110B,Basic Hot Water Vapor Central Heating System Renovation\CRDrain / flush and descale\CRVisual water level restoration service \CRPerformance and safety te,,Services,1381,Non Inventory
HP110C,Main Hot Water Vapor Central Heating System Renovation\CRDrain / flush and descale\CRVisual water level restoration service \CRRestore system to prime co,,Services,2110,Non Inventory
HP110D,Complete Hot Water Vapor Central Heating System Renovation \CRHumidity restoration service rejuvenation  \CRDrain / flush and descale \CRVisual Water Lev,,Services,2494,Non Inventory
HP110E,Complete Hot Water Vapor Central Heating System Renovation \CRHumidity restoration service rejuvenation  \CRDrain / flush and descale \CRVisual Water Lev,,Services,3069,Non Inventory
HP111A,Hot Water Vapor Central Heating System Rejuvenation\CRDrain / flush and descale\CRPerformance and safety testing \CR30 day warranty,,Services,1022,Non Inventory
HP111B,Basic Hot Water Vapor Central Heating System Renovation\CRDrain / flush and descale\CRVisual water level restoration service \CRPerformance and safety te,,Services,1840,Non Inventory
HP111C,Main Hot Water Vapor Central Heating System Renovation\CRDrain / flush and descale\CRVisual water level restoration service \CRRestore system to prime co,,Services,2811,Non Inventory
HP111D,Complete Hot Water Vapor Central Heating System Renovation \CRHumidity restoration service rejuvenation  \CRDrain / flush and descale \CRVisual Water Lev,,Services,3322,Non Inventory
HP111E,Complete Hot Water Vapor Central Heating System Renovation \CRHumidity restoration service rejuvenation  \CRDrain / flush and descale \CRVisual Water Lev,,Services,4088,Non Inventory
HP112A,Hot Water Vapor Central Heating System Rejuvenation\CRDrain / flush and descale\CRPerformance and safety testing \CR30 day warranty,,Services,1210,Non Inventory
HP112B,Basic Hot Water Vapor Central Heating System Renovation\CRDrain / flush and descale\CRVisual water level restoration service \CRPerformance and safety te,,Services,2177,Non Inventory
HP112C,Main Hot Water Vapor Central Heating System Renovation\CRDrain / flush and descale\CRVisual water level restoration service \CRRestore system to prime co,,Services,3327,Non Inventory
HP112D,Complete Hot Water Vapor Central Heating System Renovation \CRHumidity restoration service rejuvenation  \CRDrain / flush and descale \CRVisual Water Lev,,Services,3932,Non Inventory
HP112E,Complete Hot Water Vapor Central Heating System Renovation \CRHumidity restoration service rejuvenation  \CRDrain / flush and descale \CRVisual Water Lev,,Services,4839,Non Inventory
HP113A,Hot Water Vapor Central Heating System Rejuvenation\CRDrain / flush and descale\CRPerformance and safety testing \CR30 day warranty,,Services,1533,Non Inventory
HP113B,Basic Hot Water Vapor Central Heating System Renovation\CRDrain / flush and descale\CRVisual water level restoration service \CRPerformance and safety te,,Services,2760,Non Inventory
HP113C,Main Hot Water Vapor Central Heating System Renovation\CRDrain / flush and descale\CRVisual water level restoration service \CRRestore system to prime co,,Services,4216,Non Inventory
HP113D,Complete Hot Water Vapor Central Heating System Renovation \CRHumidity restoration service rejuvenation  \CRDrain / flush and descale \CRVisual Water Lev,,Services,4983,Non Inventory
HP113E,Complete Hot Water Vapor Central Heating System Renovation \CRHumidity restoration service rejuvenation  \CRDrain / flush and descale \CRVisual Water Lev,,Services,6133,Non Inventory
HP114A,Heat Transfer Water Loop System Rejuvenation \CRPerformance and safety testing                          \CR30 day warranty,,Services,1532,Non Inventory
HP114B,Basic Heat Transfer Water Loop System Renovation\CRDrain/ treat / flush\CRAir lock removal system renovation\CRPerformance and safety testing,,Services,2757,Non Inventory
HP114C,Main Heat Transfer Water Loop System Renovation\CRDrain/ treat / flush\CRUpgrade to Spiro venting system\CRAir lock removal system renovation\CRComponent,,Services,4212,Non Inventory
HP114D,Complete Heat Transfer Water Loop System Renovation\CRHigh pressure emergency relief system renovation\CRDrain/ treat / flush\CRUpgrade to spiro venting,,Services,4977,Non Inventory
HP114E,Complete Heat Transfer Water Loop System Renovation\CRHigh pressure emergency relief system renovation\CRDrain/ treat / flush\CRUpgrade to spiro venting,,Services,6126,Non Inventory
HP115A,Heat Transfer Water Loop System Rejuvenation \CRPerformance and safety testing                          \CR30 day warranty,,Services,1949,Non Inventory
HP115B,Basic Heat Transfer Water Loop System Renovation\CRDrain/ treat / flush\CRAir lock removal system renovation\CRPerformance and safety testing,,Services,3507,Non Inventory
HP115C,Main Heat Transfer Water Loop System Renovation\CRDrain/ treat / flush\CRUpgrade to Spiro venting system\CRAir lock removal system renovation\CRComponent,,Services,5359,Non Inventory
HP115D,Complete Heat Transfer Water Loop System Renovation\CRHigh pressure emergency relief system renovation\CRDrain/ treat / flush\CRUpgrade to spiro venting,,Services,6333,Non Inventory
HP115E,Complete Heat Transfer Water Loop System Renovation\CRHigh pressure emergency relief system renovation\CRDrain/ treat / flush\CRUpgrade to spiro venting,,Services,7794,Non Inventory
HP116A,Heat Transfer Water Loop System Rejuvenation \CRPerformance and safety testing                          \CR30 day warranty,,Services,2458,Non Inventory
HP116B,Basic Heat Transfer Water Loop System Renovation\CRDrain/ treat / flush\CRAir lock removal system renovation\CRPerformance and safety testing,,Services,4425,Non Inventory
HP116C,Main Heat Transfer Water Loop System Renovation\CRDrain/ treat / flush\CRUpgrade to Spiro venting system\CRAir lock removal system renovation\CRComponent,,Services,6760,Non Inventory
HP116D,Complete Heat Transfer Water Loop System Renovation\CRHigh pressure emergency relief system renovation\CRDrain/ treat / flush\CRUpgrade to spiro venting,,Services,7989,Non Inventory
HP116E,Complete Heat Transfer Water Loop System Renovation\CRHigh pressure emergency relief system renovation\CRDrain/ treat / flush\CRUpgrade to spiro venting,,Services,9833,Non Inventory
HP117A,Heat Transfer Water Loop System Rejuvenation \CRPerformance and safety testing                          \CR30 day warranty,,Services,3058,Non Inventory
HP117B,Basic Heat Transfer Water Loop System Renovation\CRDrain/ treat / flush\CRAir lock removal system renovation\CRPerformance and safety testing,,Services,5504,Non Inventory
HP117C,Main Heat Transfer Water Loop System Renovation\CRDrain/ treat / flush\CRUpgrade to Spiro venting system\CRAir lock removal system renovation\CRComponent,,Services,8409,Non Inventory
HP117D,Complete Heat Transfer Water Loop System Renovation\CRHigh pressure emergency relief system renovation\CRDrain/ treat / flush\CRUpgrade to spiro venting,,Services,9938,Non Inventory
HP117E,Complete Heat Transfer Water Loop System Renovation\CRHigh pressure emergency relief system renovation\CRDrain/ treat / flush\CRUpgrade to spiro venting,,Services,12232,Non Inventory
HP118A,Heat Transfer Water Loop System Rejuvenation \CRPerformance and safety testing                          \CR30 day warranty,,Services,3958,Non Inventory
HP118B,Basic Heat Transfer Water Loop System Renovation\CRDrain/ treat / flush\CRAir lock removal system renovation\CRPerformance and safety testing,,Services,7124,Non Inventory
HP118C,Main Heat Transfer Water Loop System Renovation\CRDrain/ treat / flush\CRUpgrade to Spiro venting system\CRAir lock removal system renovation\CRComponent,,Services,10883,Non Inventory
HP118D,Complete Heat Transfer Water Loop System Renovation\CRHigh pressure emergency relief system renovation\CRDrain/ treat / flush\CRUpgrade to spiro venting,,Services,12862,Non Inventory
HP118E,Complete Heat Transfer Water Loop System Renovation\CRHigh pressure emergency relief system renovation\CRDrain/ treat / flush\CRUpgrade to spiro venting,,Services,15830,Non Inventory
HP119A,Heat Transfer Water Loop System Rejuvenation \CRPerformance and safety testing                          \CR30 day warranty,,Services,4707,Non Inventory
HP119B,Basic Heat Transfer Water Loop System Renovation\CRDrain/ treat / flush\CRAir lock removal system renovation\CRPerformance and safety testing,,Services,8473,Non Inventory
HP119C,Main Heat Transfer Water Loop System Renovation\CRDrain/ treat / flush\CRUpgrade to Spiro venting system\CRAir lock removal system renovation\CRComponent,,Services,12945,Non Inventory
HP119D,Complete Heat Transfer Water Loop System Renovation\CRHigh pressure emergency relief system renovation\CRDrain/ treat / flush\CRUpgrade to spiro venting,,Services,15298,Non Inventory
HP119E,Complete Heat Transfer Water Loop System Renovation\CRHigh pressure emergency relief system renovation\CRDrain/ treat / flush\CRUpgrade to spiro venting,,Services,18829,Non Inventory
HP11A,,,Services,319,Non Inventory
HP11B,Basic Water Temperature Control System Renovation\CRDrain / Treat\CRComponent isolation system\CRPerformance and safety testing,,Services,856,Non Inventory
HP11C,Main Water Temperature Control System Renovation\CRDrain / Treat / Flush\CRIgnition system restoration\CRcomponent isolation system\CRPerformance and safe,,Services,1141,Non Inventory
HP11D,Complete Water Temperature Control System Renovation\CRDrain / Treat / Flush\CRIgnition system restoration\CRSafety control system rejuvenation\CRSystem c,,Services,1426,Non Inventory
HP11E,,,Services,919,Non Inventory
HP120A,Heat Transfer Water Loop System Rejuvenation \CRPerformance and safety testing                          \CR30 day warranty,,Services,5906,Non Inventory
HP120B,Basic Heat Transfer Water Loop System Renovation\CRDrain/ treat / flush\CRAir lock removal system renovation\CRPerformance and safety testing,,Services,10631,Non Inventory
HP120C,Main Heat Transfer Water Loop System Renovation\CRDrain/ treat / flush\CRUpgrade to Spiro venting system\CRAir lock removal system renovation\CRComponent,,Services,16243,Non Inventory
HP120D,Complete Heat Transfer Water Loop System Renovation\CRHigh pressure emergency relief system renovation\CRDrain/ treat / flush\CRUpgrade to spiro venting,,Services,19196,Non Inventory
HP120E,Complete Heat Transfer Water Loop System Renovation\CRHigh pressure emergency relief system renovation\CRDrain/ treat / flush\CRUpgrade to spiro venting,,Services,23626,Non Inventory
HP121A,Heat Transfer Water Loop System Rejuvenation \CRPerformance and safety testing                          \CR30 day warranty,,Services,6656,Non Inventory
HP121B,Basic Heat Transfer Water Loop System Renovation\CRDrain/ treat / flush\CRAir lock removal system renovation\CRPerformance and safety testing,,Services,11981,Non Inventory
HP121C,Main Heat Transfer Water Loop System Renovation\CRDrain/ treat / flush\CRUpgrade to Spiro venting system\CRAir lock removal system renovation\CRComponent,,Services,18304,Non Inventory
HP121D,Complete Heat Transfer Water Loop System Renovation\CRHigh pressure emergency relief system renovation\CRDrain/ treat / flush\CRUpgrade to spiro venting,,Services,21632,Non Inventory
HP121E,Complete Heat Transfer Water Loop System Renovation\CRHigh pressure emergency relief system renovation\CRDrain/ treat / flush\CRUpgrade to spiro venting,,Services,26624,Non Inventory
HP122A,Heat Transfer Water Loop System Rejuvenation \CRPerformance and safety testing                          \CR30 day warranty,,Services,8155,Non Inventory
HP122B,Basic Heat Transfer Water Loop System Renovation\CRDrain/ treat / flush\CRAir lock removal system renovation\CRPerformance and safety testing,,Services,14679,Non Inventory
HP122C,Main Heat Transfer Water Loop System Renovation\CRDrain/ treat / flush\CRUpgrade to Spiro venting system\CRAir lock removal system renovation\CRComponent,,Services,22427,Non Inventory
HP122D,Complete Heat Transfer Water Loop System Renovation\CRHigh pressure emergency relief system renovation\CRDrain/ treat / flush\CRUpgrade to spiro venting,,Services,26505,Non Inventory
HP122E,Complete Heat Transfer Water Loop System Renovation\CRHigh pressure emergency relief system renovation\CRDrain/ treat / flush\CRUpgrade to spiro venting,,Services,32621,Non Inventory
HP123A,Heat Transfer Water Loop System Rejuvenation \CRPerformance and safety testing                          \CR30 day warranty,,Services,9655,Non Inventory
HP123B,Basic Heat Transfer Water Loop System Renovation\CRDrain/ treat / flush\CRAir lock removal system renovation\CRPerformance and safety testing,,Services,17378,Non Inventory
HP123C,Main Heat Transfer Water Loop System Renovation\CRDrain/ treat / flush\CRUpgrade to Spiro venting system\CRAir lock removal system renovation\CRComponent,,Services,26550,Non Inventory
HP123D,Complete Heat Transfer Water Loop System Renovation\CRHigh pressure emergency relief system renovation\CRDrain/ treat / flush\CRUpgrade to spiro venting,,Services,31377,Non Inventory
HP123E,Complete Heat Transfer Water Loop System Renovation\CRHigh pressure emergency relief system renovation\CRDrain/ treat / flush\CRUpgrade to spiro venting,,Services,38618,Non Inventory
HP12A,Air Elimination System Rejuvenation\CRStandard brass type no isolation or drain down\CRPerformance and safety testing                          \CR30 day,,Services,332,Non Inventory
HP12B,,,Services,691,Non Inventory
HP12C,,,Services,934,Non Inventory
HP12D,Complete Air Elimination System Renovation\CRDrain / Treat / Flush\CRUpgrade to Spiro venting system\CRComponent isolation system\CRHigh pressure emergenc,,Services,830,Non Inventory
HP12E,,,Services,1234,Non Inventory
HP13A,Air Elimination System Rejuvenation\CRStandard brass type no isolation or drain down\CRPerformance and safety testing                          \CR30 day,,Services,537,Non Inventory
HP13B,,,Services,484,Non Inventory
HP13C,Main Air Elimination System Renovation\CRDrain / Treat / Flush\CRComponent isolation system\CRLow water emergency cut off system\CRPerformance and safety,,Services,1074,Non Inventory
HP13D,Complete Air Elimination System Renovation\CRDrain / Treat / Flush\CRUpgrade to Spiro venting system\CRComponent isolation system\CRHigh pressure emergenc,,Services,1343,Non Inventory
HP13E,,,Services,934,Non Inventory
HP14A,Personal Comfort Control System Rejuvenation\CRNo drain down or isolation\CRPerformance and safety testing                          \CR30 day warranty,,Services,783,Non Inventory
HP14B,Basic Personal Comfort Control System Renovation  \CRDrain / Purge\CRComponent isolation system\CRPerformance and safety testing,,Services,1175,Non Inventory
HP14C,,,Services,1566,Non Inventory
HP14D,Complete Personal Comfort Control System Renovation\CRDrain / Treat / Purge / Flush\CRTemperature control system restoration\CRComfort plus pumping syste,,Services,1958,Non Inventory
HP14E,Complete Personal Comfort Control System Renovation\CRDrain / Treat / Purge / Flush\CRTemperature control system restoration\CRComfort plus pumping syste,,Services,2350,Non Inventory
HP15A,Personal Comfort Control System Rejuvenation\CRNo drain down or isolation\CRPerformance and safety testing                          \CR30 day warranty,,Services,1043,Non Inventory
HP15B,Basic Personal Comfort Control System Renovation  \CRDrain / Purge\CRComponent isolation system\CRPerformance and safety testing,,Services,1564,Non Inventory
HP15C,,,Services,975,Non Inventory
HP15D,Complete Personal Comfort Control System Renovation\CRDrain / Treat / Purge / Flush\CRTemperature control system restoration\CRComfort plus pumping syste,,Services,2607,Non Inventory
HP15E,,,Services,1359,Non Inventory
HP16A,Personal Comfort Control System Rejuvenation\CRNo drain down or isolation\CRPerformance and safety testing                          \CR30 day warranty,,Services,1199,Non Inventory
HP16B,Basic Personal Comfort Control System Renovation  \CRDrain / Purge\CRComponent isolation system\CRPerformance and safety testing,,Services,1799,Non Inventory
HP16C,,,Services,2399,Non Inventory
HP16D,Complete Personal Comfort Control System Renovation\CRDrain / Treat / Purge / Flush\CRTemperature control system restoration\CRComfort plus pumping syste,,Services,2998,Non Inventory
HP16E,Complete Personal Comfort Control System Renovation\CRDrain / Treat / Purge / Flush\CRTemperature control system restoration\CRComfort plus pumping syste,,Services,3598,Non Inventory
HP17A,Water Removal System Rejuvenation\CRNo drain down\CRPerformance and safety testing                          \CR30 day warranty,,Services,350,Non Inventory
HP17B,Basic Water Removal System Renovation    \CRDrain / Purge\CRPerformance and safety testing                          \CR6 month warranty,,Services,525,Non Inventory
HP17C,,,Services,700,Non Inventory
HP17D,Complete Water Removal System Renovation\CRAir elimination system restoration\CRDrain / Treat / Purge / Flush\CRLow water emergency cut off system renova,,Services,875,Non Inventory
HP17E,Complete Water Removal System Renovation\CRAir elimination system restoration\CRDrain / Treat / Purge / Flush\CRLow water emergency cut off system renova,,Services,1050,Non Inventory
HP18A,Additional Boiler Cleaning Charge,,Services,120,Non Inventory
HP18B,,,Services,1015,Non Inventory
HP18C,Main Water Backflow Prevention System Renovation\CRDrain / Treat / Purge / Flush\CRPerformance calibration service\CRPerformance and safety testing,,Services,1354,Non Inventory
HP18D,Complete Water Backflow Prevention System Renovation\CRDrain / Treat / Purge / Flush\CRSystem restoration service\CRSystem flow calibration\CRPerformance,,Services,1692,Non Inventory
HP18E,Complete Water Backflow Prevention System Renovation\CRDrain / Treat / Purge / Flush\CRSystem restoration service\CRSystem flow calibration\CRPerformance,,Services,2031,Non Inventory
HP19A,High Temperature Safety System Rejuvenation\CRPerformance and safety testing                          \CR30 day warranty,,Services,571,Non Inventory
HP19B,Basic High Temperature Safety System Renovation\CRSystem start up with safety inspection\CRPerformance and safety testing                          \CR6 m,,Services,856,Non Inventory
HP19C,Main High Temperature Safety System Renovation\CRPerformance enhancement calibrations \CRSystem start up with safety inspection \CRPerformance and safety,,Services,1141,Non Inventory
HP19D,Complete High Temperature Safety System Renovation\CRPerformance enhancement calibration service\CRRestore system to optimum condition\CRRejuvenate syste,,Services,1426,Non Inventory
HP19E,Complete High Temperature Safety System Renovation\CRPerformance enhancement calibration service\CRRestore system to optimum condition\CRRejuvenate syste,,Services,1712,Non Inventory
HP1A,High Pressure Expansion Safety System Rejuvenation\CRNo drain down and no isolation system\CRPerformance and safety testing                          \CR3,,Services,486,Non Inventory
HP1B,,,Services,450,Non Inventory
HP1C,Main High Pressure Expansion Safety System Renovation\CRLow water emergency cut off renovation\CRDrain / Treat / Flush\CRComponent isolation system renov,,Services,971,Non Inventory
HP1D,,,Services,750,Non Inventory
HP1E,Complete High Pressure Expansion Safety System Renovation\CRDrain / Treat / Flush\CRComponent isolation system\CRLow water emergency cut off system renov,,Services,1457,Non Inventory
HP20A,Freshwater Anti Contamination System Rejuvenation \CRPerformance and safety testing                          \CR30 day warranty,,Services,840,Non Inventory
HP20B,Basic Freshwater Anti Contamination System Renovation\CRDrain / Purge\CRBasic isolation system\CRPerformance and safety testing,,Services,1260,Non Inventory
HP20C,Main Freshwater Anti Contamination System Renovation\CRDrain / Flush / Treat\CRLow water emergency cut off renovation\CRHigh pressure emergency relief sy,,Services,1680,Non Inventory
HP20D,Complete Freshwater Anti Contamination System Renovation\CRDrain / Treat / Flush / Purge \CRAir elimination system renovation\CRLow water emergency cut o,,Services,2101,Non Inventory
HP20E,Complete Freshwater Anti Contamination System Renovation\CRDrain / Treat / Flush / Purge \CRAir elimination system renovation\CRLow water emergency cut o,,Services,2521,Non Inventory
HP21A,Freshwater Anti Contamination System Rejuvenation \CRPerformance and safety testing                          \CR30 day warranty,,Services,1073,Non Inventory
HP21B,Basic Freshwater Anti Contamination System Renovation\CRDrain / Purge\CRBasic isolation system\CRPerformance and safety testing,,Services,1609,Non Inventory
HP21C,Main Freshwater Anti Contamination System Renovation\CRDrain / Flush / Treat\CRLow water emergency cut off renovation\CRHigh pressure emergency relief sy,,Services,2145,Non Inventory
HP21D,Complete Freshwater Anti Contamination System Renovation\CRDrain / Treat / Flush / Purge \CRAir elimination system renovation\CRLow water emergency cut o,,Services,2682,Non Inventory
HP21E,Complete Freshwater Anti Contamination System Renovation\CRDrain / Treat / Flush / Purge \CRAir elimination system renovation\CRLow water emergency cut o,,Services,3218,Non Inventory
HP22A,Freshwater Anti Contamination System Rejuvenation \CRPerformance and safety testing                          \CR30 day warranty,,Services,783,Non Inventory
HP22B,Basic Freshwater Anti Contamination System Renovation\CRDrain / Purge\CRBasic isolation system\CRPerformance and safety testing,,Services,1175,Non Inventory
HP22C,Main Freshwater Anti Contamination System Renovation\CRDrain / Flush / Treat\CRLow water emergency cut off renovation\CRHigh pressure emergency relief sy,,Services,1566,Non Inventory
HP22D,Complete Freshwater Anti Contamination System Renovation\CRDrain / Treat / Flush / Purge \CRAir elimination system renovation\CRLow water emergency cut o,,Services,1958,Non Inventory
HP22E,Complete Freshwater Anti Contamination System Renovation\CRDrain / Treat / Flush / Purge \CRAir elimination system renovation\CRLow water emergency cut o,,Services,2350,Non Inventory
HP23A,Freshwater Anti Contamination System Rejuvenation \CRPerformance and safety testing                          \CR30 day warranty,,Services,1043,Non Inventory
HP23B,Basic Freshwater Anti Contamination System Renovation\CRDrain / Purge\CRBasic isolation system\CRPerformance and safety testing,,Services,1564,Non Inventory
HP23C,Main Freshwater Anti Contamination System Renovation\CRDrain / Flush / Treat\CRLow water emergency cut off renovation\CRHigh pressure emergency relief sy,,Services,2086,Non Inventory
HP23D,Complete Freshwater Anti Contamination System Renovation\CRDrain / Treat / Flush / Purge \CRAir elimination system renovation\CRLow water emergency cut o,,Services,2607,Non Inventory
HP23E,Complete Freshwater Anti Contamination System Renovation\CRDrain / Treat / Flush / Purge \CRAir elimination system renovation\CRLow water emergency cut o,,Services,3129,Non Inventory
HP24A,Freshwater Anti Contamination System Rejuvenation \CRPerformance and safety testing                          \CR30 day warranty,,Services,1424,Non Inventory
HP24B,Basic Freshwater Anti Contamination System Renovation\CRDrain / Purge\CRBasic isolation system\CRPerformance and safety testing,,Services,2137,Non Inventory
HP24C,Main Freshwater Anti Contamination System Renovation\CRDrain / Flush / Treat\CRLow water emergency cut off renovation\CRHigh pressure emergency relief sy,,Services,2849,Non Inventory
HP24D,Complete Freshwater Anti Contamination System Renovation\CRDrain / Treat / Flush / Purge \CRAir elimination system renovation\CRLow water emergency cut o,,Services,3561,Non Inventory
HP24E,Complete Freshwater Anti Contamination System Renovation\CRDrain / Treat / Flush / Purge \CRAir elimination system renovation\CRLow water emergency cut o,,Services,4273,Non Inventory
HP25A,Anti Contamination System Rejuvenation\CR(Upgrade may be required)\CRPerformance and safety testing                          \CR30 day warranty,,Services,610,Non Inventory
HP25B,Basic Anti Contamination System Renovation\CRStandard adjustment upgrade\CRPerformance and safety testing                          \CR6 month warranty,,Services,1097,Non Inventory
HP25C,Main Anti Contamination System Renovation\CRIsolation control upgrade\CRInfrastructure flush and test\CRPerformance and safety testing,,Services,1677,Non Inventory
HP25D,Complete Anti Contamination System Renovation\CRArea isolation control system upgrade\CRComplete infrastructure leak inspection service\CRInfrastructure,,Services,1982,Non Inventory
HP25E,Complete Anti Contamination System Renovation\CRArea isolation control system upgrade\CRComplete infrastructure leak inspection service\CRInfrastructure,,Services,2439,Non Inventory
HP26A,Anti Contamination System Rejuvenation\CR(Upgrade may be required)\CRPerformance and safety testing                          \CR30 day warranty,,Services,990,Non Inventory
HP26B,Basic Anti Contamination System Renovation\CRStandard adjustment upgrade\CRPerformance and safety testing                          \CR6 month warranty,,Services,1782,Non Inventory
HP26C,Main Anti Contamination System Renovation\CRIsolation control upgrade\CRInfrastructure flush and test\CRPerformance and safety testing,,Services,2723,Non Inventory
HP26D,Complete Anti Contamination System Renovation\CRArea isolation control system upgrade\CRComplete infrastructure leak inspection service\CRInfrastructure,,Services,3218,Non Inventory
HP26E,Complete Anti Contamination System Renovation\CRArea isolation control system upgrade\CRComplete infrastructure leak inspection service\CRInfrastructure,,Services,3961,Non Inventory
HP27A,Anti Contamination System Rejuvenation\CR(Upgrade may be required)\CRPerformance and safety testing                          \CR30 day warranty,,Services,1373,Non Inventory
HP27B,Basic Anti Contamination System Renovation\CRStandard adjustment upgrade\CRPerformance and safety testing                          \CR6 month warranty,,Services,2471,Non Inventory
HP27C,Main Anti Contamination System Renovation\CRIsolation control upgrade\CRInfrastructure flush and test\CRPerformance and safety testing,,Services,3775,Non Inventory
HP27D,Complete Anti Contamination System Renovation\CRArea isolation control system upgrade\CRComplete infrastructure leak inspection service\CRInfrastructure,,Services,4461,Non Inventory
HP27E,Complete Anti Contamination System Renovation\CRArea isolation control system upgrade\CRComplete infrastructure leak inspection service\CRInfrastructure,,Services,5491,Non Inventory
HP28A,Water Delivery System Rejuvenation\CRPerformance and safety testing                          \CR30 day warranty,,Services,895,Non Inventory
HP28B,Basic Water Delivery System Renovation\CRBasic area inspection service\CRBasic drain and purge\CRPerformance and safety testing,,Services,1611,Non Inventory
HP28C,Main Water Delivery System Renovation\CRDrain / treat / flush\CRCan't leak connection upgrade\CRNo drip safety inspection\CRPerformance and safety testing,,Services,2462,Non Inventory
HP28D,Complete Water Delivery System Renovation\CRDrain / treat / flush\CRAir elimination system service\CRArea isolation control renovation\CRCan't leak connec,,Services,2909,Non Inventory
HP28E,Complete Water Delivery System Renovation\CRDrain / treat / flush\CRAir elimination system service\CRArea isolation control renovation\CRCan't leak connec,,Services,3581,Non Inventory
HP29A,Water Delivery System Rejuvenation\CRPerformance and safety testing                          \CR30 day warranty,,Services,1084,Non Inventory
HP29B,Basic Water Delivery System Renovation\CRBasic area inspection service\CRBasic drain and purge\CRPerformance and safety testing,,Services,1952,Non Inventory
HP29C,Main Water Delivery System Renovation\CRDrain / treat / flush\CRCan't leak connection upgrade\CRNo drip safety inspection\CRPerformance and safety testing,,Services,2982,Non Inventory
HP29D,Complete Water Delivery System Renovation\CRDrain / treat / flush\CRAir elimination system service\CRArea isolation control renovation\CRCan't leak connec,,Services,3524,Non Inventory
HP29E,Complete Water Delivery System Renovation\CRDrain / treat / flush\CRAir elimination system service\CRArea isolation control renovation\CRCan't leak connec,,Services,4337,Non Inventory
HP2A,High Pressure Expansion Safety System Rejuvenation\CRNo drain down and no isolation system\CRPerformance and safety testing                          \CR3,,Services,954,Non Inventory
HP2B,,,Services,558,Non Inventory
HP2C,Main High Pressure Expansion Safety System Renovation\CRLow water emergency cut off renovation\CRDrain / Treat / Flush\CRComponent isolation system renov,,Services,1907,Non Inventory
HP2D,Complete High Pressure Expansion Safety System Renovation\CRDrain / Treat / Flush\CRComponent isolation system\CRLow water emergency cut off system renov,,Services,2384,Non Inventory
HP2E,,,Services,1009,Non Inventory
HP30A,Water Delivery System Rejuvenation\CRPerformance and safety testing                          \CR30 day warranty,,Services,1321,Non Inventory
HP30B,Basic Water Delivery System Renovation\CRBasic area inspection service\CRBasic drain and purge\CRPerformance and safety testing,,Services,2377,Non Inventory
HP30C,Main Water Delivery System Renovation\CRDrain / treat / flush\CRCan't leak connection upgrade\CRNo drip safety inspection\CRPerformance and safety testing,,Services,3631,Non Inventory
HP30D,Complete Water Delivery System Renovation\CRDrain / treat / flush\CRAir elimination system service\CRArea isolation control renovation\CRCan't leak connec,,Services,4292,Non Inventory
HP30E,Complete Water Delivery System Renovation\CRDrain / treat / flush\CRAir elimination system service\CRArea isolation control renovation\CRCan't leak connec,,Services,5282,Non Inventory
HP31A,High Pressure Expansion Safety System Rejuvenation\CRNo drain down and no isolation system\CRPerformance and safety testing                          \CR3,,Services,708,Non Inventory
HP31B,Basic High Pressure Expansion Safety System Renovation \CRIncludes system drain down and flush\CRPerformance and safety testing,,Services,1062,Non Inventory
HP31C,Main High Pressure Expansion Safety System Renovation\CRLow water emergency cut off renovation\CRDrain / Treat / Flush\CRComponent isolation system renov,,Services,1416,Non Inventory
HP31D,Complete High Pressure Expansion Safety System Renovation\CRDrain / Treat / Flush\CRComponent isolation system\CRLow water emergency cut off system renov,,Services,1771,Non Inventory
HP31E,Complete High Pressure Expansion Safety System Renovation\CRDrain / Treat / Flush\CRComponent isolation system\CRLow water emergency cut off system renov,,Services,2125,Non Inventory
HP32A,High Pressure Expansion Safety System Rejuvenation\CRNo drain down and no isolation system\CRPerformance and safety testing                          \CR3,,Services,997,Non Inventory
HP32B,Basic High Pressure Expansion Safety System Renovation \CRIncludes system drain down and flush\CRPerformance and safety testing,,Services,1495,Non Inventory
HP32C,Main High Pressure Expansion Safety System Renovation\CRLow water emergency cut off renovation\CRDrain / Treat / Flush\CRComponent isolation system renov,,Services,1993,Non Inventory
HP32D,Complete High Pressure Expansion Safety System Renovation\CRDrain / Treat / Flush\CRComponent isolation system\CRLow water emergency cut off system renov,,Services,2492,Non Inventory
HP32E,Complete High Pressure Expansion Safety System Renovation\CRDrain / Treat / Flush\CRComponent isolation system\CRLow water emergency cut off system renov,,Services,2990,Non Inventory
HP33A,High Pressure Expansion Safety System Rejuvenation\CRNo drain down and no isolation system\CRPerformance and safety testing                          \CR3,,Services,1223,Non Inventory
HP33B,Basic High Pressure Expansion Safety System Renovation \CRIncludes system drain down and flush\CRPerformance and safety testing,,Services,1834,Non Inventory
HP33C,Main High Pressure Expansion Safety System Renovation\CRLow water emergency cut off renovation\CRDrain / Treat / Flush\CRComponent isolation system renov,,Services,2445,Non Inventory
HP33D,Complete High Pressure Expansion Safety System Renovation\CRDrain / Treat / Flush\CRComponent isolation system\CRLow water emergency cut off system renov,,Services,3057,Non Inventory
HP33E,Complete High Pressure Expansion Safety System Renovation\CRDrain / Treat / Flush\CRComponent isolation system\CRLow water emergency cut off system renov,,Services,3668,Non Inventory
HP34A,High Pressure Expansion Safety System Rejuvenation\CRNo drain down and no isolation system\CRPerformance and safety testing                          \CR3,,Services,1476,Non Inventory
HP34B,Basic High Pressure Expansion Safety System Renovation \CRIncludes system drain down and flush\CRPerformance and safety testing,,Services,2214,Non Inventory
HP34C,Main High Pressure Expansion Safety System Renovation\CRLow water emergency cut off renovation\CRDrain / Treat / Flush\CRComponent isolation system renov,,Services,2952,Non Inventory
HP34D,Complete High Pressure Expansion Safety System Renovation\CRDrain / Treat / Flush\CRComponent isolation system\CRLow water emergency cut off system renov,,Services,3690,Non Inventory
HP34E,Complete High Pressure Expansion Safety System Renovation\CRDrain / Treat / Flush\CRComponent isolation system\CRLow water emergency cut off system renov,,Services,4428,Non Inventory
HP35A,High Pressure Expansion Safety System Rejuvenation\CRNo drain down and no isolation system\CRPerformance and safety testing                          \CR3,,Services,1303,Non Inventory
HP35B,Basic High Pressure Expansion Safety System Renovation \CRIncludes system drain down and flush\CRPerformance and safety testing,,Services,1954,Non Inventory
HP35C,Main High Pressure Expansion Safety System Renovation\CRLow water emergency cut off renovation\CRDrain / Treat / Flush\CRComponent isolation system renov,,Services,2606,Non Inventory
HP35D,Complete High Pressure Expansion Safety System Renovation\CRDrain / Treat / Flush\CRComponent isolation system\CRLow water emergency cut off system renov,,Services,3257,Non Inventory
HP35E,Complete High Pressure Expansion Safety System Renovation\CRDrain / Treat / Flush\CRComponent isolation system\CRLow water emergency cut off system renov,,Services,3908,Non Inventory
HP36A,High Pressure Expansion Safety System Rejuvenation\CRNo drain down and no isolation system\CRPerformance and safety testing                          \CR3,,Services,1683,Non Inventory
HP36B,Basic High Pressure Expansion Safety System Renovation \CRIncludes system drain down and flush\CRPerformance and safety testing,,Services,2524,Non Inventory
HP36C,Main High Pressure Expansion Safety System Renovation\CRLow water emergency cut off renovation\CRDrain / Treat / Flush\CRComponent isolation system renov,,Services,3366,Non Inventory
HP36D,Complete High Pressure Expansion Safety System Renovation\CRDrain / Treat / Flush\CRComponent isolation system\CRLow water emergency cut off system renov,,Services,4207,Non Inventory
HP36E,Complete High Pressure Expansion Safety System Renovation\CRDrain / Treat / Flush\CRComponent isolation system\CRLow water emergency cut off system renov,,Services,5049,Non Inventory
HP37A,High Pressure Expansion Safety System Rejuvenation\CRNo drain down and no isolation system\CRPerformance and safety testing                          \CR3,,Services,2063,Non Inventory
HP37B,Basic High Pressure Expansion Safety System Renovation \CRIncludes system drain down and flush\CRPerformance and safety testing,,Services,3095,Non Inventory
HP37C,Main High Pressure Expansion Safety System Renovation\CRLow water emergency cut off renovation\CRDrain / Treat / Flush\CRComponent isolation system renov,,Services,4126,Non Inventory
HP37D,Complete High Pressure Expansion Safety System Renovation\CRDrain / Treat / Flush\CRComponent isolation system\CRLow water emergency cut off system renov,,Services,5158,Non Inventory
HP37E,Complete High Pressure Expansion Safety System Renovation\CRDrain / Treat / Flush\CRComponent isolation system\CRLow water emergency cut off system renov,,Services,6189,Non Inventory
HP38A,High Pressure Expansion Safety System Rejuvenation\CRNo drain down and no isolation system\CRPerformance and safety testing                          \CR3,,Services,2443,Non Inventory
HP38B,Basic High Pressure Expansion Safety System Renovation \CRIncludes system drain down and flush\CRPerformance and safety testing,,Services,3665,Non Inventory
HP38C,Main High Pressure Expansion Safety System Renovation\CRLow water emergency cut off renovation\CRDrain / Treat / Flush\CRComponent isolation system renov,,Services,4886,Non Inventory
HP38D,Complete High Pressure Expansion Safety System Renovation\CRDrain / Treat / Flush\CRComponent isolation system\CRLow water emergency cut off system renov,,Services,6108,Non Inventory
HP38E,Complete High Pressure Expansion Safety System Renovation\CRDrain / Treat / Flush\CRComponent isolation system\CRLow water emergency cut off system renov,,Services,7329,Non Inventory
HP39A,High Pressure Emergency Relief System Rejuvenation \CRNo drain down or isolation\CRPerformance and safety testing                          \CR30 day warr,,Services,760,Non Inventory
HP39B,Basic High Pressure Emergency Relief System Renovation\CRDrain / Flush\CRComponent isolation system renovation\CRPerformance and safety testing,,Services,1140,Non Inventory
HP39C,Main High Pressure Emergency Relief System Renovation\CRDrain / Treat / Flush\CRSafety calibration service\CRLow water emergency cut off system \CRCompone,,Services,1519,Non Inventory
HP39D,Complete High Pressure Emergency Relief System Renovation\CRDrain / Treat / Flush / Purge\CRLow water emergency cut off\CRComponent isolation system reno,,Services,1899,Non Inventory
HP39E,Complete High Pressure Emergency Relief System Renovation\CRDrain / Treat / Flush / Purge\CRLow water emergency cut off\CRComponent isolation system reno,,Services,2279,Non Inventory
HP3A,Quick Fix No drain down  90 day warranty,,Services,340,Non Inventory
HP3B,,,Services,659,Non Inventory
HP3C,Complete Circulation System Renovation Drain / Treat / Purge / Flush Performance calibration testing Component isolation system renovation Low water c,,Services,681,Non Inventory
HP3D,Complete Circulation System Renovation Drain / Treat / Flush / Purge High pressure emergency relief system renovation Performance and safety testing E,,Services,851,Non Inventory
HP3E,,,Services,1109,Non Inventory
HP40A,High Pressure Emergency Relief System Rejuvenation \CRNo drain down or isolation\CRPerformance and safety testing                          \CR30 day warr,,Services,933,Non Inventory
HP40B,Basic High Pressure Emergency Relief System Renovation\CRDrain / Flush\CRComponent isolation system renovation\CRPerformance and safety testing,,Services,1400,Non Inventory
HP40C,Main High Pressure Emergency Relief System Renovation\CRDrain / Treat / Flush\CRSafety calibration service\CRLow water emergency cut off system \CRCompone,,Services,1866,Non Inventory
HP40D,Complete High Pressure Emergency Relief System Renovation\CRDrain / Treat / Flush / Purge\CRLow water emergency cut off\CRComponent isolation system reno,,Services,2333,Non Inventory
HP40E,Complete High Pressure Emergency Relief System Renovation\CRDrain / Treat / Flush / Purge\CRLow water emergency cut off\CRComponent isolation system reno,,Services,2800,Non Inventory
HP41A,High Pressure Emergency Relief System Rejuvenation \CRNo drain down or isolation\CRPerformance and safety testing                          \CR30 day warr,,Services,1138,Non Inventory
HP41B,Basic High Pressure Emergency Relief System Renovation\CRDrain / Flush\CRComponent isolation system renovation\CRPerformance and safety testing,,Services,1707,Non Inventory
HP41C,Main High Pressure Emergency Relief System Renovation\CRDrain / Treat / Flush\CRSafety calibration service\CRLow water emergency cut off system \CRCompone,,Services,2276,Non Inventory
HP41D,Complete High Pressure Emergency Relief System Renovation\CRDrain / Treat / Flush / Purge\CRLow water emergency cut off\CRComponent isolation system reno,,Services,2845,Non Inventory
HP41E,Complete High Pressure Emergency Relief System Renovation\CRDrain / Treat / Flush / Purge\CRLow water emergency cut off\CRComponent isolation system reno,,Services,3414,Non Inventory
HP42A,High Pressure Emergency Relief System Rejuvenation \CRNo drain down or isolation\CRPerformance and safety testing                          \CR30 day warr,,Services,1343,Non Inventory
HP42B,Basic High Pressure Emergency Relief System Renovation\CRDrain / Flush\CRComponent isolation system renovation\CRPerformance and safety testing,,Services,2014,Non Inventory
HP42C,Main High Pressure Emergency Relief System Renovation\CRDrain / Treat / Flush\CRSafety calibration service\CRLow water emergency cut off system \CRCompone,,Services,2686,Non Inventory
HP42D,Complete High Pressure Emergency Relief System Renovation\CRDrain / Treat / Flush / Purge\CRLow water emergency cut off\CRComponent isolation system reno,,Services,3357,Non Inventory
HP42E,Complete High Pressure Emergency Relief System Renovation\CRDrain / Treat / Flush / Purge\CRLow water emergency cut off\CRComponent isolation system reno,,Services,4029,Non Inventory
HP43A,Automatic Water Pressure Control System Rejuvenation\CRNo drain down or isolation\CRPerformance and safety testing                          \CR30 day war,,Services,783,Non Inventory
HP43B,Basic Automatic Water Pressure Control System Renovation  \CRDrain / Purge\CRBasic isolation system\CRPerformance and safety testing,,Services,1175,Non Inventory
HP43C,Main Automatic Water Pressure Control System Renovation  \CRDrain / Flush / Treat\CRLow water emergency cut off renovation\CRHigh pressure emergency reli,,Services,1566,Non Inventory
HP43D,Complete Automatic Water Pressure Control System Renovation  \CRDrain / Treat / Flush / Purge\CRLow water emergency cut off renovation\CRHigh pressure em,,Services,1958,Non Inventory
HP43E,Complete Automatic Water Pressure Control System Renovation  \CRDrain / Treat / Flush / Purge\CRLow water emergency cut off renovation\CRHigh pressure em,,Services,2350,Non Inventory
HP44A,Automatic Water Pressure Control System Rejuvenation\CRNo drain down or isolation\CRPerformance and safety testing                          \CR30 day war,,Services,988,Non Inventory
HP44B,Basic Automatic Water Pressure Control System Renovation  \CRDrain / Purge\CRBasic isolation system\CRPerformance and safety testing,,Services,1482,Non Inventory
HP44C,Main Automatic Water Pressure Control System Renovation  \CRDrain / Flush / Treat\CRLow water emergency cut off renovation\CRHigh pressure emergency reli,,Services,1976,Non Inventory
HP44D,Complete Automatic Water Pressure Control System Renovation  \CRDrain / Treat / Flush / Purge\CRLow water emergency cut off renovation\CRHigh pressure em,,Services,2470,Non Inventory
HP44E,Complete Automatic Water Pressure Control System Renovation  \CRDrain / Treat / Flush / Purge\CRLow water emergency cut off renovation\CRHigh pressure em,,Services,2964,Non Inventory
HP45A,Automatic Water Pressure Control System Rejuvenation\CRNo drain down or isolation\CRPerformance and safety testing                          \CR30 day war,,Services,1223,Non Inventory
HP45B,Basic Automatic Water Pressure Control System Renovation  \CRDrain / Purge\CRBasic isolation system\CRPerformance and safety testing,,Services,1834,Non Inventory
HP45C,Main Automatic Water Pressure Control System Renovation  \CRDrain / Flush / Treat\CRLow water emergency cut off renovation\CRHigh pressure emergency reli,,Services,2445,Non Inventory
HP45D,Complete Automatic Water Pressure Control System Renovation  \CRDrain / Treat / Flush / Purge\CRLow water emergency cut off renovation\CRHigh pressure em,,Services,3057,Non Inventory
HP45E,Complete Automatic Water Pressure Control System Renovation  \CRDrain / Treat / Flush / Purge\CRLow water emergency cut off renovation\CRHigh pressure em,,Services,3668,Non Inventory
HP46A,Automatic Water Pressure Control System Rejuvenation\CRNo drain down or isolation\CRPerformance and safety testing                          \CR30 day war,,Services,1476,Non Inventory
HP46B,Basic Automatic Water Pressure Control System Renovation  \CRDrain / Purge\CRBasic isolation system\CRPerformance and safety testing,,Services,2214,Non Inventory
HP46C,Main Automatic Water Pressure Control System Renovation  \CRDrain / Flush / Treat\CRLow water emergency cut off renovation\CRHigh pressure emergency reli,,Services,2952,Non Inventory
HP46D,Complete Automatic Water Pressure Control System Renovation  \CRDrain / Treat / Flush / Purge\CRLow water emergency cut off renovation\CRHigh pressure em,,Services,3690,Non Inventory
HP46E,Complete Automatic Water Pressure Control System Renovation  \CRDrain / Treat / Flush / Purge\CRLow water emergency cut off renovation\CRHigh pressure em,,Services,4428,Non Inventory
HP47A,Water Delivery System Rejuvenation\CRNo drain down and no isolation system\CRPerformance and safety testing                          \CR30 day warranty,,Services,923,Non Inventory
HP47B,Basic Water Delivery System Renovation\CRDrain / Treat / Flush\CRIsolation system renovation\CRPerformance and safety testing                          \CR,,Services,1384,Non Inventory
HP47C,Main Water Delivery System Renovation\CRDrain / Treat / Flush\CRCirculation control system renovation\CRLow water emergency cut off system\CRComponent iso,,Services,1845,Non Inventory
HP47D,Complete Hot Water Delivery System Renovation\CRCirculation control system renovation\CRIsolation system renovation\CRTermination and connection service\CR,,Services,2307,Non Inventory
HP47E,Complete Hot Water Delivery System Renovation\CRCirculation control system renovation\CRIsolation system renovation\CRTermination and connection service\CR,,Services,2768,Non Inventory
HP48A,Water Delivery System Rejuvenation\CRNo drain down and no isolation system\CRPerformance and safety testing                          \CR30 day warranty,,Services,1176,Non Inventory
HP48B,Basic Water Delivery System Renovation\CRDrain / Treat / Flush\CRIsolation system renovation\CRPerformance and safety testing                          \CR,,Services,1764,Non Inventory
HP48C,Main Water Delivery System Renovation\CRDrain / Treat / Flush\CRCirculation control system renovation\CRLow water emergency cut off system\CRComponent iso,,Services,2352,Non Inventory
HP48D,Complete Hot Water Delivery System Renovation\CRCirculation control system renovation\CRIsolation system renovation\CRTermination and connection service\CR,,Services,2940,Non Inventory
HP48E,Complete Hot Water Delivery System Renovation\CRCirculation control system renovation\CRIsolation system renovation\CRTermination and connection service\CR,,Services,3528,Non Inventory
HP49A,Water Delivery System Rejuvenation\CRNo drain down and no isolation system\CRPerformance and safety testing                          \CR30 day warranty,,Services,1481,Non Inventory
HP49B,Basic Water Delivery System Renovation\CRDrain / Treat / Flush\CRIsolation system renovation\CRPerformance and safety testing                          \CR,,Services,2222,Non Inventory
HP49C,Main Water Delivery System Renovation\CRDrain / Treat / Flush\CRCirculation control system renovation\CRLow water emergency cut off system\CRComponent iso,,Services,2962,Non Inventory
HP49D,Complete Hot Water Delivery System Renovation\CRCirculation control system renovation\CRIsolation system renovation\CRTermination and connection service\CR,,Services,3703,Non Inventory
HP49E,Complete Hot Water Delivery System Renovation\CRCirculation control system renovation\CRIsolation system renovation\CRTermination and connection service\CR,,Services,4444,Non Inventory
HP4A,Quick Fix No drain down  90 day warranty,,Services,409,Non Inventory
HP4B,,,Services,584,Non Inventory
HP4C,Complete Circulation System Renovation Drain / Treat / Purge / Flush Performance calibration testing Component isolation system renovation Low water c,,Services,818,Non Inventory
HP4D,Complete Circulation System Renovation Drain / Treat / Flush / Purge High pressure emergency relief system renovation Performance and safety testing E,,Services,1023,Non Inventory
HP4E,,,Services,1034,Non Inventory
HP50A,Water Delivery System Rejuvenation\CRNo drain down and no isolation system\CRPerformance and safety testing                          \CR30 day warranty,,Services,1786,Non Inventory
HP50B,Basic Water Delivery System Renovation\CRDrain / Treat / Flush\CRIsolation system renovation\CRPerformance and safety testing                          \CR,,Services,2679,Non Inventory
HP50C,Main Water Delivery System Renovation\CRDrain / Treat / Flush\CRCirculation control system renovation\CRLow water emergency cut off system\CRComponent iso,,Services,3573,Non Inventory
HP50D,Complete Hot Water Delivery System Renovation\CRCirculation control system renovation\CRIsolation system renovation\CRTermination and connection service\CR,,Services,4466,Non Inventory
HP50E,Complete Hot Water Delivery System Renovation\CRCirculation control system renovation\CRIsolation system renovation\CRTermination and connection service\CR,,Services,5359,Non Inventory
HP51A,Water Emergency Cut Off System Rejuvenation\CRNo drain down and no isolation system\CRPerformance and safety testing                          \CR30 day w,,Services,650,Non Inventory
HP51B,Basic Water Emergency Cut Off System Renovation\CRSafety control system renovation\CRIsolation system\CRPerformance and safety testing,,Services,975,Non Inventory
HP51C,Main Water Emergency Cut Off System Renovation\CRAutomatic pressure control system renovation\CREmergency relief system restoration\CRSafety control syst,,Services,1300,Non Inventory
HP51D,Complete Low Water Emergency Cut Off System Renovation\CRAutomatic pressure control system renovation\CRHigh pressure emergency relief system restoratio,,Services,1625,Non Inventory
HP51E,Complete Low Water Emergency Cut Off System Renovation\CRAutomatic pressure control system renovation\CRHigh pressure emergency relief system restoratio,,Services,1950,Non Inventory
HP52A,Water Emergency Cut Off System Rejuvenation\CRNo drain down and no isolation system\CRPerformance and safety testing                          \CR30 day w,,Services,912,Non Inventory
HP52B,Basic Water Emergency Cut Off System Renovation\CRSafety control system renovation\CRIsolation system\CRPerformance and safety testing,,Services,1368,Non Inventory
HP52C,Main Water Emergency Cut Off System Renovation\CRAutomatic pressure control system renovation\CREmergency relief system restoration\CRSafety control syst,,Services,1824,Non Inventory
HP52D,Complete Low Water Emergency Cut Off System Renovation\CRAutomatic pressure control system renovation\CRHigh pressure emergency relief system restoratio,,Services,2281,Non Inventory
HP52E,Complete Low Water Emergency Cut Off System Renovation\CRAutomatic pressure control system renovation\CRHigh pressure emergency relief system restoratio,,Services,2737,Non Inventory
HP53A,Water Emergency Cut Off System Rejuvenation\CRNo drain down and no isolation system\CRPerformance and safety testing                          \CR30 day w,,Services,1083,Non Inventory
HP53B,Basic Water Emergency Cut Off System Renovation\CRSafety control system renovation\CRIsolation system\CRPerformance and safety testing,,Services,1625,Non Inventory
HP53C,Main Water Emergency Cut Off System Renovation\CRAutomatic pressure control system renovation\CREmergency relief system restoration\CRSafety control syst,,Services,2166,Non Inventory
HP53D,Complete Low Water Emergency Cut Off System Renovation\CRAutomatic pressure control system renovation\CRHigh pressure emergency relief system restoratio,,Services,2708,Non Inventory
HP53E,Complete Low Water Emergency Cut Off System Renovation\CRAutomatic pressure control system renovation\CRHigh pressure emergency relief system restoratio,,Services,3250,Non Inventory
HP54A,Water Emergency Cut Off System Rejuvenation\CRNo drain down and no isolation system\CRPerformance and safety testing                          \CR30 day w,,Services,1373,Non Inventory
HP54B,Basic Water Emergency Cut Off System Renovation\CRSafety control system renovation\CRIsolation system\CRPerformance and safety testing,,Services,2059,Non Inventory
HP54C,Main Water Emergency Cut Off System Renovation\CRAutomatic pressure control system renovation\CREmergency relief system restoration\CRSafety control syst,,Services,2745,Non Inventory
HP54D,Complete Low Water Emergency Cut Off System Renovation\CRAutomatic pressure control system renovation\CRHigh pressure emergency relief system restoratio,,Services,3432,Non Inventory
HP54E,Complete Low Water Emergency Cut Off System Renovation\CRAutomatic pressure control system renovation\CRHigh pressure emergency relief system restoratio,,Services,4118,Non Inventory
HP55A,Pressure and Temperature Monitoring System Rejuvenation\CRNo isolation or drain down\CRPerformance and safety testing                          \CR30 day,,Services,597,Non Inventory
HP55B,Basic Pressure and Temperature Monitoring System Renovation\CRIsolation system\CRDrain / Treat / Purge\CRPerformance and safety testing,,Services,896,Non Inventory
HP55C,Main Pressure and Temperature Monitoring System Renovation\CRSafety control system renovation\CRLow water emergency cut off rejuvenation\CRComponent isol,,Services,1194,Non Inventory
HP55D,Complete Pressure and Temperature Monitoring System Renovation\CRComponent isolation system\CRLow water emergency cut off rejuvenation\CRSafety control s,,Services,1493,Non Inventory
HP55E,Complete Pressure and Temperature Monitoring System Renovation\CRComponent isolation system\CRLow water emergency cut off rejuvenation\CRSafety control s,,Services,1791,Non Inventory
HP56A,Pressure and Temperature Monitoring System Rejuvenation\CRNo isolation or drain down\CRPerformance and safety testing                          \CR30 day,,Services,783,Non Inventory
HP56B,Basic Pressure and Temperature Monitoring System Renovation\CRIsolation system\CRDrain / Treat / Purge\CRPerformance and safety testing,,Services,1175,Non Inventory
HP56C,Main Pressure and Temperature Monitoring System Renovation\CRSafety control system renovation\CRLow water emergency cut off rejuvenation\CRComponent isol,,Services,1566,Non Inventory
HP56D,Complete Pressure and Temperature Monitoring System Renovation\CRComponent isolation system\CRLow water emergency cut off rejuvenation\CRSafety control s,,Services,1958,Non Inventory
HP56E,Complete Pressure and Temperature Monitoring System Renovation\CRComponent isolation system\CRLow water emergency cut off rejuvenation\CRSafety control s,,Services,2350,Non Inventory
HP57A,Pressure and Temperature Monitoring System Rejuvenation\CRNo isolation or drain down\CRPerformance and safety testing                          \CR30 day,,Services,988,Non Inventory
HP57B,Basic Pressure and Temperature Monitoring System Renovation\CRIsolation system\CRDrain / Treat / Purge\CRPerformance and safety testing,,Services,1482,Non Inventory
HP57C,Main Pressure and Temperature Monitoring System Renovation\CRSafety control system renovation\CRLow water emergency cut off rejuvenation\CRComponent isol,,Services,1976,Non Inventory
HP57D,Complete Pressure and Temperature Monitoring System Renovation\CRComponent isolation system\CRLow water emergency cut off rejuvenation\CRSafety control s,,Services,2470,Non Inventory
HP57E,Complete Pressure and Temperature Monitoring System Renovation\CRComponent isolation system\CRLow water emergency cut off rejuvenation\CRSafety control s,,Services,2964,Non Inventory
HP58A,Pressure and Temperature Monitoring System Rejuvenation\CRNo isolation or drain down\CRPerformance and safety testing                          \CR30 day,,Services,1193,Non Inventory
HP58B,Basic Pressure and Temperature Monitoring System Renovation\CRIsolation system\CRDrain / Treat / Purge\CRPerformance and safety testing,,Services,1789,Non Inventory
HP58C,Main Pressure and Temperature Monitoring System Renovation\CRSafety control system renovation\CRLow water emergency cut off rejuvenation\CRComponent isol,,Services,2386,Non Inventory
HP58D,Complete Pressure and Temperature Monitoring System Renovation\CRComponent isolation system\CRLow water emergency cut off rejuvenation\CRSafety control s,,Services,2982,Non Inventory
HP58E,Complete Pressure and Temperature Monitoring System Renovation\CRComponent isolation system\CRLow water emergency cut off rejuvenation\CRSafety control s,,Services,3579,Non Inventory
HP59A,Water Temperature Control System Rejuvenation\CRNo drain / flush or isolation\CRPerformance and safety testing                          \CR30 day warrant,,Services,760,Non Inventory
HP59B,Basic Water Temperature Control System Renovation\CRDrain / Treat\CRComponent isolation system\CRPerformance and safety testing,,Services,1140,Non Inventory
HP59C,Main Water Temperature Control System Renovation\CRDrain / Treat / Flush\CRIgnition system restoration\CRcomponent isolation system\CRPerformance and safe,,Services,1519,Non Inventory
HP59D,Complete Water Temperature Control System Renovation\CRDrain / Treat / Flush\CRIgnition system restoration\CRSafety control system rejuvenation\CRSystem c,,Services,1899,Non Inventory
HP59E,Complete Water Temperature Control System Renovation\CRDrain / Treat / Flush\CRIgnition system restoration\CRSafety control system rejuvenation\CRSystem c,,Services,2279,Non Inventory
HP5A,Quick Fix No drain down  90 day warranty,,Services,475,Non Inventory
HP5B,,,Services,689,Non Inventory
HP5C,Complete Circulation System Renovation Drain / Treat / Purge / Flush Performance calibration testing Component isolation system renovation Low water c,,Services,951,Non Inventory
HP5D,Complete Circulation System Renovation Drain / Treat / Flush / Purge High pressure emergency relief system renovation Performance and safety testing E,,Services,1186.8,Non Inventory
HP5E,,,Services,1150,Non Inventory
HP60A,Water Temperature Control System Rejuvenation\CRNo drain / flush or isolation\CRPerformance and safety testing                          \CR30 day warrant,,Services,933,Non Inventory
HP60B,Basic Water Temperature Control System Renovation\CRDrain / Treat\CRComponent isolation system\CRPerformance and safety testing,,Services,1400,Non Inventory
HP60C,Main Water Temperature Control System Renovation\CRDrain / Treat / Flush\CRIgnition system restoration\CRcomponent isolation system\CRPerformance and safe,,Services,1866,Non Inventory
HP60D,Complete Water Temperature Control System Renovation\CRDrain / Treat / Flush\CRIgnition system restoration\CRSafety control system rejuvenation\CRSystem c,,Services,2333,Non Inventory
HP60E,Complete Water Temperature Control System Renovation\CRDrain / Treat / Flush\CRIgnition system restoration\CRSafety control system rejuvenation\CRSystem c,,Services,2800,Non Inventory
HP61A,Water Temperature Control System Rejuvenation\CRNo drain / flush or isolation\CRPerformance and safety testing                          \CR30 day warrant,,Services,1138,Non Inventory
HP61B,Basic Water Temperature Control System Renovation\CRDrain / Treat\CRComponent isolation system\CRPerformance and safety testing,,Services,1707,Non Inventory
HP61C,Main Water Temperature Control System Renovation\CRDrain / Treat / Flush\CRIgnition system restoration\CRcomponent isolation system\CRPerformance and safe,,Services,2276,Non Inventory
HP61D,Complete Water Temperature Control System Renovation\CRDrain / Treat / Flush\CRIgnition system restoration\CRSafety control system rejuvenation\CRSystem c,,Services,2845,Non Inventory
HP61E,Complete Water Temperature Control System Renovation\CRDrain / Treat / Flush\CRIgnition system restoration\CRSafety control system rejuvenation\CRSystem c,,Services,3414,Non Inventory
HP62A,Water Temperature Control System Rejuvenation\CRNo drain / flush or isolation\CRPerformance and safety testing                          \CR30 day warrant,,Services,1373,Non Inventory
HP62B,Basic Water Temperature Control System Renovation\CRDrain / Treat\CRComponent isolation system\CRPerformance and safety testing,,Services,2059,Non Inventory
HP62C,Main Water Temperature Control System Renovation\CRDrain / Treat / Flush\CRIgnition system restoration\CRcomponent isolation system\CRPerformance and safe,,Services,2745,Non Inventory
HP62D,Complete Water Temperature Control System Renovation\CRDrain / Treat / Flush\CRIgnition system restoration\CRSafety control system rejuvenation\CRSystem c,,Services,3432,Non Inventory
HP62E,Complete Water Temperature Control System Renovation\CRDrain / Treat / Flush\CRIgnition system restoration\CRSafety control system rejuvenation\CRSystem c,,Services,4118,Non Inventory
HP63A,Air Elimination System Rejuvenation\CRStandard brass type no isolation or drain down\CRPerformance and safety testing                          \CR30 day,,Services,708,Non Inventory
HP63B,Basic Air Elimination System Renovation\CRStandard air elimination system\CRBasic isolation system\CRPerformance and safety testing,,Services,1062,Non Inventory
HP63C,Main Air Elimination System Renovation\CRDrain / Treat / Flush\CRComponent isolation system\CRLow water emergency cut off system\CRPerformance and safety,,Services,1416,Non Inventory
HP63D,Complete Air Elimination System Renovation\CRDrain / Treat / Flush\CRUpgrade to Spiro venting system\CRComponent isolation system\CRHigh pressure emergenc,,Services,1771,Non Inventory
HP63E,Complete Air Elimination System Renovation\CRDrain / Treat / Flush\CRUpgrade to Spiro venting system\CRComponent isolation system\CRHigh pressure emergenc,,Services,2125,Non Inventory
HP64A,Air Elimination System Rejuvenation\CRStandard brass type no isolation or drain down\CRPerformance and safety testing                          \CR30 day,,Services,838,Non Inventory
HP64B,Basic Air Elimination System Renovation\CRStandard air elimination system\CRBasic isolation system\CRPerformance and safety testing,,Services,1257,Non Inventory
HP64C,Main Air Elimination System Renovation\CRDrain / Treat / Flush\CRComponent isolation system\CRLow water emergency cut off system\CRPerformance and safety,,Services,1676,Non Inventory
HP64D,Complete Air Elimination System Renovation\CRDrain / Treat / Flush\CRUpgrade to Spiro venting system\CRComponent isolation system\CRHigh pressure emergenc,,Services,2095,Non Inventory
HP64E,Complete Air Elimination System Renovation\CRDrain / Treat / Flush\CRUpgrade to Spiro venting system\CRComponent isolation system\CRHigh pressure emergenc,,Services,2514,Non Inventory
HP65A,Air Elimination System Rejuvenation\CRStandard brass type no isolation or drain down\CRPerformance and safety testing                          \CR30 day,,Services,1043,Non Inventory
HP65B,Basic Air Elimination System Renovation\CRStandard air elimination system\CRBasic isolation system\CRPerformance and safety testing,,Services,1564,Non Inventory
HP65C,Main Air Elimination System Renovation\CRDrain / Treat / Flush\CRComponent isolation system\CRLow water emergency cut off system\CRPerformance and safety,,Services,2086,Non Inventory
HP65D,Complete Air Elimination System Renovation\CRDrain / Treat / Flush\CRUpgrade to Spiro venting system\CRComponent isolation system\CRHigh pressure emergenc,,Services,2607,Non Inventory
HP65E,Complete Air Elimination System Renovation\CRDrain / Treat / Flush\CRUpgrade to Spiro venting system\CRComponent isolation system\CRHigh pressure emergenc,,Services,3129,Non Inventory
HP66A,Personal Comfort Control System Rejuvenation\CRNo drain down or isolation\CRPerformance and safety testing                          \CR30 day warranty,,Services,1579,Non Inventory
HP66B,Basic Personal Comfort Control System Renovation  \CRDrain / Purge\CRComponent isolation system\CRPerformance and safety testing,,Services,2369,Non Inventory
HP66C,Main Personal Comfort Control System Renovation  \CRDrain / Treat / Purge / Flush\CRTemperature control system restoration\CRComponent isolation system\CR,,Services,3159,Non Inventory
HP66D,Complete Personal Comfort Control System Renovation\CRDrain / Treat / Purge / Flush\CRTemperature control system restoration\CRComfort plus pumping syste,,Services,3949,Non Inventory
HP66E,Complete Personal Comfort Control System Renovation\CRDrain / Treat / Purge / Flush\CRTemperature control system restoration\CRComfort plus pumping syste,,Services,4738,Non Inventory
HP67A,Personal Comfort Control System Rejuvenation\CRNo drain down or isolation\CRPerformance and safety testing                          \CR30 day warranty,,Services,1760,Non Inventory
HP67B,Basic Personal Comfort Control System Renovation  \CRDrain / Purge\CRComponent isolation system\CRPerformance and safety testing,,Services,2640,Non Inventory
HP67C,Main Personal Comfort Control System Renovation  \CRDrain / Treat / Purge / Flush\CRTemperature control system restoration\CRComponent isolation system\CR,,Services,3520,Non Inventory
HP67D,Complete Personal Comfort Control System Renovation\CRDrain / Treat / Purge / Flush\CRTemperature control system restoration\CRComfort plus pumping syste,,Services,4400,Non Inventory
HP67E,Complete Personal Comfort Control System Renovation\CRDrain / Treat / Purge / Flush\CRTemperature control system restoration\CRComfort plus pumping syste,,Services,5280,Non Inventory
HP68A,Water Removal System Rejuvenation\CRNo drain down\CRPerformance and safety testing                          \CR30 day warranty,,Services,571,Non Inventory
HP68B,Basic Water Removal System Renovation    \CRDrain / Purge\CRPerformance and safety testing                          \CR6 month warranty,,Services,856,Non Inventory
HP68C,Main Water Removal System Renovation    \CRDrain / Treat / Purge\CRLow water emergency cut off system\CRComponent isolation system renovations\CRPerforman,,Services,1141,Non Inventory
HP68D,Complete Water Removal System Renovation\CRAir elimination system restoration\CRDrain / Treat / Purge / Flush\CRLow water emergency cut off system renova,,Services,1426,Non Inventory
HP68E,Complete Water Removal System Renovation\CRAir elimination system restoration\CRDrain / Treat / Purge / Flush\CRLow water emergency cut off system renova,,Services,1712,Non Inventory
HP69A,Water Removal System Rejuvenation\CRNo drain down\CRPerformance and safety testing                          \CR30 day warranty,,Services,685,Non Inventory
HP69B,Basic Water Removal System Renovation    \CRDrain / Purge\CRPerformance and safety testing                          \CR6 month warranty,,Services,1027,Non Inventory
HP69C,Main Water Removal System Renovation    \CRDrain / Treat / Purge\CRLow water emergency cut off system\CRComponent isolation system renovations\CRPerforman,,Services,1369,Non Inventory
HP69D,Complete Water Removal System Renovation\CRAir elimination system restoration\CRDrain / Treat / Purge / Flush\CRLow water emergency cut off system renova,,Services,1712,Non Inventory
HP69E,Complete Water Removal System Renovation\CRAir elimination system restoration\CRDrain / Treat / Purge / Flush\CRLow water emergency cut off system renova,,Services,2054,Non Inventory
HP6A,High Pressure Emergency Relief System Rejuvenation \CRNo drain down or isolation\CRPerformance and safety testing                          \CR30 day warr,,Services,561,Non Inventory
HP6B,Basic High Pressure Emergency Relief System Renovation\CRDrain / Flush\CRComponent isolation system renovation\CRPerformance and safety testing,,Services,841,Non Inventory
HP6C,,,Services,850,Non Inventory
HP6D,Complete High Pressure Emergency Relief System Renovation\CRDrain / Treat / Flush / Purge\CRLow water emergency cut off\CRComponent isolation system reno,,Services,1401,Non Inventory
HP6E,,,Services,1250,Non Inventory
HP70A,Water Removal System Rejuvenation\CRNo drain down\CRPerformance and safety testing                          \CR30 day warranty,,Services,783,Non Inventory
HP70B,Basic Water Removal System Renovation    \CRDrain / Purge\CRPerformance and safety testing                          \CR6 month warranty,,Services,1175,Non Inventory
HP70C,Main Water Removal System Renovation    \CRDrain / Treat / Purge\CRLow water emergency cut off system\CRComponent isolation system renovations\CRPerforman,,Services,1566,Non Inventory
HP70D,Complete Water Removal System Renovation\CRAir elimination system restoration\CRDrain / Treat / Purge / Flush\CRLow water emergency cut off system renova,,Services,1958,Non Inventory
HP70E,Complete Water Removal System Renovation\CRAir elimination system restoration\CRDrain / Treat / Purge / Flush\CRLow water emergency cut off system renova,,Services,2350,Non Inventory
HP71A,Water Removal System Rejuvenation\CRNo drain down\CRPerformance and safety testing                          \CR30 day warranty,,Services,988,Non Inventory
HP71B,Basic Water Removal System Renovation    \CRDrain / Purge\CRPerformance and safety testing                          \CR6 month warranty,,Services,1482,Non Inventory
HP71C,Main Water Removal System Renovation    \CRDrain / Treat / Purge\CRLow water emergency cut off system\CRComponent isolation system renovations\CRPerforman,,Services,1976,Non Inventory
HP71D,Complete Water Removal System Renovation\CRAir elimination system restoration\CRDrain / Treat / Purge / Flush\CRLow water emergency cut off system renova,,Services,2470,Non Inventory
HP71E,Complete Water Removal System Renovation\CRAir elimination system restoration\CRDrain / Treat / Purge / Flush\CRLow water emergency cut off system renova,,Services,2964,Non Inventory
HP72A,Water Backflow Prevention System Rejuvenation\CRPerformance and safety testing                          \CR30 day warranty,,Services,924,Non Inventory
HP72B,Basic Water Backflow Prevention System Renovation\CRPerformance and safety testing                          \CR6 month warranty,,Services,1387,Non Inventory
HP72C,Main Water Backflow Prevention System Renovation\CRDrain / Treat / Purge / Flush\CRPerformance calibration service\CRPerformance and safety testing,,Services,1849,Non Inventory
HP72D,Complete Water Backflow Prevention System Renovation\CRDrain / Treat / Purge / Flush\CRSystem restoration service\CRSystem flow calibration\CRPerformance,,Services,2311,Non Inventory
HP72E,Complete Water Backflow Prevention System Renovation\CRDrain / Treat / Purge / Flush\CRSystem restoration service\CRSystem flow calibration\CRPerformance,,Services,2773,Non Inventory
HP73A,Water Backflow Prevention System Rejuvenation\CRPerformance and safety testing                          \CR30 day warranty,,Services,1143,Non Inventory
HP73B,Basic Water Backflow Prevention System Renovation\CRPerformance and safety testing                          \CR6 month warranty,,Services,1714,Non Inventory
HP73C,Main Water Backflow Prevention System Renovation\CRDrain / Treat / Purge / Flush\CRPerformance calibration service\CRPerformance and safety testing,,Services,2285,Non Inventory
HP73D,Complete Water Backflow Prevention System Renovation\CRDrain / Treat / Purge / Flush\CRSystem restoration service\CRSystem flow calibration\CRPerformance,,Services,2857,Non Inventory
HP73E,Complete Water Backflow Prevention System Renovation\CRDrain / Treat / Purge / Flush\CRSystem restoration service\CRSystem flow calibration\CRPerformance,,Services,3428,Non Inventory
HP74A,Water Backflow Prevention System Rejuvenation\CRPerformance and safety testing                          \CR30 day warranty,,Services,1394,Non Inventory
HP74B,Basic Water Backflow Prevention System Renovation\CRPerformance and safety testing                          \CR6 month warranty,,Services,2091,Non Inventory
HP74C,Main Water Backflow Prevention System Renovation\CRDrain / Treat / Purge / Flush\CRPerformance calibration service\CRPerformance and safety testing,,Services,2789,Non Inventory
HP74D,Complete Water Backflow Prevention System Renovation\CRDrain / Treat / Purge / Flush\CRSystem restoration service\CRSystem flow calibration\CRPerformance,,Services,3486,Non Inventory
HP74E,Complete Water Backflow Prevention System Renovation\CRDrain / Treat / Purge / Flush\CRSystem restoration service\CRSystem flow calibration\CRPerformance,,Services,4183,Non Inventory
HP75A,Water Backflow Prevention System Rejuvenation\CRPerformance and safety testing                          \CR30 day warranty,,Services,1615,Non Inventory
HP75B,Basic Water Backflow Prevention System Renovation\CRPerformance and safety testing                          \CR6 month warranty,,Services,2423,Non Inventory
HP75C,Main Water Backflow Prevention System Renovation\CRDrain / Treat / Purge / Flush\CRPerformance calibration service\CRPerformance and safety testing,,Services,3230,Non Inventory
HP75D,Complete Water Backflow Prevention System Renovation\CRDrain / Treat / Purge / Flush\CRSystem restoration service\CRSystem flow calibration\CRPerformance,,Services,4038,Non Inventory
HP75E,Complete Water Backflow Prevention System Renovation\CRDrain / Treat / Purge / Flush\CRSystem restoration service\CRSystem flow calibration\CRPerformance,,Services,4845,Non Inventory
HP76A,High Temperature Safety System Rejuvenation\CRPerformance and safety testing                          \CR30 day warranty,,Services,805,Non Inventory
HP76B,Basic High Temperature Safety System Renovation\CRSystem start up with safety inspection\CRPerformance and safety testing                          \CR6 m,,Services,1208,Non Inventory
HP76C,Main High Temperature Safety System Renovation\CRPerformance enhancement calibrations \CRSystem start up with safety inspection \CRPerformance and safety,,Services,1610,Non Inventory
HP76D,Complete High Temperature Safety System Renovation\CRPerformance enhancement calibration service\CRRestore system to optimum condition\CRRejuvenate syste,,Services,2013,Non Inventory
HP76E,Complete High Temperature Safety System Renovation\CRPerformance enhancement calibration service\CRRestore system to optimum condition\CRRejuvenate syste,,Services,2415,Non Inventory
HP77A,High Temperature Safety System Rejuvenation\CRPerformance and safety testing                          \CR30 day warranty,,Services,1073,Non Inventory
HP77B,Basic High Temperature Safety System Renovation\CRSystem start up with safety inspection\CRPerformance and safety testing                          \CR6 m,,Services,1609,Non Inventory
HP77C,Main High Temperature Safety System Renovation\CRPerformance enhancement calibrations \CRSystem start up with safety inspection \CRPerformance and safety,,Services,2145,Non Inventory
HP77D,Complete High Temperature Safety System Renovation\CRPerformance enhancement calibration service\CRRestore system to optimum condition\CRRejuvenate syste,,Services,2682,Non Inventory
HP77E,Complete High Temperature Safety System Renovation\CRPerformance enhancement calibration service\CRRestore system to optimum condition\CRRejuvenate syste,,Services,3218,Non Inventory
HP78A,High Temperature Safety System Rejuvenation\CRPerformance and safety testing                          \CR30 day warranty,,Services,1378,Non Inventory
HP78B,Basic High Temperature Safety System Renovation\CRSystem start up with safety inspection\CRPerformance and safety testing                          \CR6 m,,Services,2067,Non Inventory
HP78C,Main High Temperature Safety System Renovation\CRPerformance enhancement calibrations \CRSystem start up with safety inspection \CRPerformance and safety,,Services,2756,Non Inventory
HP78D,Complete High Temperature Safety System Renovation\CRPerformance enhancement calibration service\CRRestore system to optimum condition\CRRejuvenate syste,,Services,3444,Non Inventory
HP78E,Complete High Temperature Safety System Renovation\CRPerformance enhancement calibration service\CRRestore system to optimum condition\CRRejuvenate syste,,Services,4133,Non Inventory
HP79A,High Temperature Safety System Rejuvenation\CRPerformance and safety testing                          \CR30 day warranty,,Services,1685,Non Inventory
HP79B,Basic High Temperature Safety System Renovation\CRSystem start up with safety inspection\CRPerformance and safety testing                          \CR6 m,,Services,2527,Non Inventory
HP79C,Main High Temperature Safety System Renovation\CRPerformance enhancement calibrations \CRSystem start up with safety inspection \CRPerformance and safety,,Services,3370,Non Inventory
HP79D,Complete High Temperature Safety System Renovation\CRPerformance enhancement calibration service\CRRestore system to optimum condition\CRRejuvenate syste,,Services,4212,Non Inventory
HP79E,Complete High Temperature Safety System Renovation\CRPerformance enhancement calibration service\CRRestore system to optimum condition\CRRejuvenate syste,,Services,5055,Non Inventory
HP7A,Automatic Water Pressure Control System Rejuvenation\CRNo drain down or isolation\CRPerformance and safety testing                          \CR30 day war,,Services,583,Non Inventory
HP7B,Basic Automatic Water Pressure Control System Renovation  \CRDrain / Purge\CRBasic isolation system\CRPerformance and safety testing,,Services,874,Non Inventory
HP7C,,,Services,850,Non Inventory
HP7D,Complete Automatic Water Pressure Control System Renovation  \CRDrain / Treat / Flush / Purge\CRLow water emergency cut off renovation\CRHigh pressure em,,Services,1457,Non Inventory
HP7E,Complete Automatic Water Pressure Control System Renovation  \CRDrain / Treat / Flush / Purge\CRLow water emergency cut off renovation\CRHigh pressure em,,Services,1749,Non Inventory
HP80A,Freshwater Anti Contamination System Rejuvenation \CRPerformance and safety testing                          \CR30 day warranty,,Services,1326,Non Inventory
HP80B,Basic Freshwater Anti Contamination System Renovation\CRDrain / Purge\CRBasic isolation system\CRPerformance and safety testing,,Services,1989,Non Inventory
HP80C,Main Freshwater Anti Contamination System Renovation\CRDrain / Flush / Treat\CRLow water emergency cut off renovation\CRHigh pressure emergency relief sy,,Services,2652,Non Inventory
HP80D,Complete Freshwater Anti Contamination System Renovation\CRDrain / Treat / Flush / Purge \CRAir elimination system renovation\CRLow water emergency cut o,,Services,3315,Non Inventory
HP80E,Complete Freshwater Anti Contamination System Renovation\CRDrain / Treat / Flush / Purge \CRAir elimination system renovation\CRLow water emergency cut o,,Services,3978,Non Inventory
HP81A,Freshwater Anti Contamination System Rejuvenation \CRPerformance and safety testing                          \CR30 day warranty,,Services,1579,Non Inventory
HP81B,Basic Freshwater Anti Contamination System Renovation\CRDrain / Purge\CRBasic isolation system\CRPerformance and safety testing,,Services,2369,Non Inventory
HP81C,Main Freshwater Anti Contamination System Renovation\CRDrain / Flush / Treat\CRLow water emergency cut off renovation\CRHigh pressure emergency relief sy,,Services,3159,Non Inventory
HP81D,Complete Freshwater Anti Contamination System Renovation\CRDrain / Treat / Flush / Purge \CRAir elimination system renovation\CRLow water emergency cut o,,Services,3949,Non Inventory
HP81E,Complete Freshwater Anti Contamination System Renovation\CRDrain / Treat / Flush / Purge \CRAir elimination system renovation\CRLow water emergency cut o,,Services,4738,Non Inventory
HP82A,Freshwater Anti Contamination System Rejuvenation \CRPerformance and safety testing                          \CR30 day warranty,,Services,1781,Non Inventory
HP82B,Basic Freshwater Anti Contamination System Renovation\CRDrain / Purge\CRBasic isolation system\CRPerformance and safety testing,,Services,2672,Non Inventory
HP82C,Main Freshwater Anti Contamination System Renovation\CRDrain / Flush / Treat\CRLow water emergency cut off renovation\CRHigh pressure emergency relief sy,,Services,3562,Non Inventory
HP82D,Complete Freshwater Anti Contamination System Renovation\CRDrain / Treat / Flush / Purge \CRAir elimination system renovation\CRLow water emergency cut o,,Services,4453,Non Inventory
HP82E,Complete Freshwater Anti Contamination System Renovation\CRDrain / Treat / Flush / Purge \CRAir elimination system renovation\CRLow water emergency cut o,,Services,5344,Non Inventory
HP83A,Freshwater Anti Contamination System Rejuvenation \CRPerformance and safety testing                          \CR30 day warranty,,Services,1729,Non Inventory
HP83B,Basic Freshwater Anti Contamination System Renovation\CRDrain / Purge\CRBasic isolation system\CRPerformance and safety testing,,Services,2594,Non Inventory
HP83C,Main Freshwater Anti Contamination System Renovation\CRDrain / Flush / Treat\CRLow water emergency cut off renovation\CRHigh pressure emergency relief sy,,Services,3459,Non Inventory
HP83D,Complete Freshwater Anti Contamination System Renovation\CRDrain / Treat / Flush / Purge \CRAir elimination system renovation\CRLow water emergency cut o,,Services,4324,Non Inventory
HP83E,Complete Freshwater Anti Contamination System Renovation\CRDrain / Treat / Flush / Purge \CRAir elimination system renovation\CRLow water emergency cut o,,Services,5188,Non Inventory
HP84A,Freshwater Anti Contamination System Rejuvenation \CRPerformance and safety testing                          \CR30 day warranty,,Services,2190,Non Inventory
HP84B,Basic Freshwater Anti Contamination System Renovation\CRDrain / Purge\CRBasic isolation system\CRPerformance and safety testing,,Services,3285,Non Inventory
HP84C,Main Freshwater Anti Contamination System Renovation\CRDrain / Flush / Treat\CRLow water emergency cut off renovation\CRHigh pressure emergency relief sy,,Services,4379,Non Inventory
HP84D,Complete Freshwater Anti Contamination System Renovation\CRDrain / Treat / Flush / Purge \CRAir elimination system renovation\CRLow water emergency cut o,,Services,5474,Non Inventory
HP84E,Complete Freshwater Anti Contamination System Renovation\CRDrain / Treat / Flush / Purge \CRAir elimination system renovation\CRLow water emergency cut o,,Services,6569,Non Inventory
HP85A,Anti Contamination System Rejuvenation\CR(Upgrade may be required)\CRPerformance and safety testing                          \CR30 day warranty,,Services,1879,Non Inventory
HP85B,Basic Anti Contamination System Renovation\CRStandard adjustment upgrade\CRPerformance and safety testing                          \CR6 month warranty,,Services,3383,Non Inventory
HP85C,Main Anti Contamination System Renovation\CRIsolation control upgrade\CRInfrastructure flush and test\CRPerformance and safety testing,,Services,5169,Non Inventory
HP85D,Complete Anti Contamination System Renovation\CRArea isolation control system upgrade\CRComplete infrastructure leak inspection service\CRInfrastructure,,Services,6108,Non Inventory
HP85E,Complete Anti Contamination System Renovation\CRArea isolation control system upgrade\CRComplete infrastructure leak inspection service\CRInfrastructure,,Services,7518,Non Inventory
HP86A,Anti Contamination System Rejuvenation\CR(Upgrade may be required)\CRPerformance and safety testing                          \CR30 day warranty,,Services,2386,Non Inventory
HP86B,Basic Anti Contamination System Renovation\CRStandard adjustment upgrade\CRPerformance and safety testing                          \CR6 month warranty,,Services,4295,Non Inventory
HP86C,Main Anti Contamination System Renovation\CRIsolation control upgrade\CRInfrastructure flush and test\CRPerformance and safety testing,,Services,6562,Non Inventory
HP86D,Complete Anti Contamination System Renovation\CRArea isolation control system upgrade\CRComplete infrastructure leak inspection service\CRInfrastructure,,Services,7756,Non Inventory
HP86E,Complete Anti Contamination System Renovation\CRArea isolation control system upgrade\CRComplete infrastructure leak inspection service\CRInfrastructure,,Services,9545,Non Inventory
HP87A,Water Delivery System Rejuvenation\CRPerformance and safety testing                          \CR30 day warranty,,Services,1510,Non Inventory
HP87B,Basic Water Delivery System Renovation\CRBasic area inspection service\CRBasic drain and purge\CRPerformance and safety testing,,Services,2717,Non Inventory
HP87C,Main Water Delivery System Renovation\CRDrain / treat / flush\CRCan't leak connection upgrade\CRNo drip safety inspection\CRPerformance and safety testing,,Services,4152,Non Inventory
HP87D,Complete Water Delivery System Renovation\CRDrain / treat / flush\CRAir elimination system service\CRArea isolation control renovation\CRCan't leak connec,,Services,4907,Non Inventory
HP87E,Complete Water Delivery System Renovation\CRDrain / treat / flush\CRAir elimination system service\CRArea isolation control renovation\CRCan't leak connec,,Services,6039,Non Inventory
HP88A,Water Delivery System Rejuvenation\CRPerformance and safety testing                          \CR30 day warranty,,Services,1738,Non Inventory
HP88B,Basic Water Delivery System Renovation\CRBasic area inspection service\CRBasic drain and purge\CRPerformance and safety testing,,Services,3128,Non Inventory
HP88C,Main Water Delivery System Renovation\CRDrain / treat / flush\CRCan't leak connection upgrade\CRNo drip safety inspection\CRPerformance and safety testing,,Services,4780,Non Inventory
HP88D,Complete Water Delivery System Renovation\CRDrain / treat / flush\CRAir elimination system service\CRArea isolation control renovation\CRCan't leak connec,,Services,5649,Non Inventory
HP88E,Complete Water Delivery System Renovation\CRDrain / treat / flush\CRAir elimination system service\CRArea isolation control renovation\CRCan't leak connec,,Services,6952,Non Inventory
HP89A,Low Water Emergency Cut Off System Rejuvenation\CRSingle Repair only \CRPerformance and safety testing                          \CR30 day warranty,,Services,1008,Non Inventory
HP89B,Basic Low Water Emergency Cut Off System Renovation \CRDrain / purge and descale\CRVisual water level inspection system restoration   \CRPerformance and,,Services,1814,Non Inventory
HP89C,Main Low Water Emergency Cut Off System Renovation \CRComplete safety circuit system renovation \CRIsolation control system installation \CRVisual water,,Services,2771,Non Inventory
HP89D,Complete Low Water Emergency Cut Off System Renovation \CRPressure safety system restoration \CRComplete safety circuit system renovation \CRIsolation co,,Services,3275,Non Inventory
HP89E,Complete Low Water Emergency Cut Off System Renovation \CRPressure safety system restoration \CRComplete safety circuit system renovation \CRIsolation co,,Services,4031,Non Inventory
HP8A,Water Delivery System Rejuvenation\CRNo drain down and no isolation system\CRPerformance and safety testing                          \CR30 day warranty,,Services,613,Non Inventory
HP8B,Basic Water Delivery System Renovation\CRDrain / Treat / Flush\CRIsolation system renovation\CRPerformance and safety testing                          \CR,,Services,920,Non Inventory
HP8C,,,Services,1226,Non Inventory
HP8D,Complete Hot Water Delivery System Renovation\CRCirculation control system renovation\CRIsolation system renovation\CRTermination and connection service\CR,,Services,1533,Non Inventory
HP8E,Complete Hot Water Delivery System Renovation\CRCirculation control system renovation\CRIsolation system renovation\CRTermination and connection service\CR,,Services,1839,Non Inventory
HP90A,Low Water Emergency Cut Off System Rejuvenation\CRSingle Repair only \CRPerformance and safety testing                          \CR30 day warranty,,Services,1216,Non Inventory
HP90B,Basic Low Water Emergency Cut Off System Renovation \CRDrain / purge and descale\CRVisual water level inspection system restoration   \CRPerformance and,,Services,2189,Non Inventory
HP90C,Main Low Water Emergency Cut Off System Renovation \CRComplete safety circuit system renovation \CRIsolation control system installation \CRVisual water,,Services,3344,Non Inventory
HP90D,Complete Low Water Emergency Cut Off System Renovation \CRPressure safety system restoration \CRComplete safety circuit system renovation \CRIsolation co,,Services,3952,Non Inventory
HP90E,Complete Low Water Emergency Cut Off System Renovation \CRPressure safety system restoration \CRComplete safety circuit system renovation \CRIsolation co,,Services,4864,Non Inventory
HP91A,Low Water Emergency Cut Off System Rejuvenation\CRSingle Repair only \CRPerformance and safety testing                          \CR30 day warranty,,Services,1397,Non Inventory
HP91B,Basic Low Water Emergency Cut Off System Renovation \CRDrain / purge and descale\CRVisual water level inspection system restoration   \CRPerformance and,,Services,2515,Non Inventory
HP91C,Main Low Water Emergency Cut Off System Renovation \CRComplete safety circuit system renovation \CRIsolation control system installation \CRVisual water,,Services,3843,Non Inventory
HP91D,Complete Low Water Emergency Cut Off System Renovation \CRPressure safety system restoration \CRComplete safety circuit system renovation \CRIsolation co,,Services,4542,Non Inventory
HP91E,Complete Low Water Emergency Cut Off System Renovation \CRPressure safety system restoration \CRComplete safety circuit system renovation \CRIsolation co,,Services,5590,Non Inventory
HP92A,Low Water Emergency Cut Off System Rejuvenation\CRSingle Repair only \CRPerformance and safety testing                          \CR30 day warranty,,Services,1656,Non Inventory
HP92B,Basic Low Water Emergency Cut Off System Renovation \CRDrain / purge and descale\CRVisual water level inspection system restoration   \CRPerformance and,,Services,2981,Non Inventory
HP92C,Main Low Water Emergency Cut Off System Renovation \CRComplete safety circuit system renovation \CRIsolation control system installation \CRVisual water,,Services,4554,Non Inventory
HP92D,Complete Low Water Emergency Cut Off System Renovation \CRPressure safety system restoration \CRComplete safety circuit system renovation \CRIsolation co,,Services,5382,Non Inventory
HP92E,Complete Low Water Emergency Cut Off System Renovation \CRPressure safety system restoration \CRComplete safety circuit system renovation \CRIsolation co,,Services,6624,Non Inventory
HP93A,Low Water Emergency Cut Off System Rejuvenation\CRSingle Repair only \CRPerformance and safety testing                          \CR30 day warranty,,Services,1915,Non Inventory
HP93B,Basic Low Water Emergency Cut Off System Renovation \CRDrain / purge and descale\CRVisual water level inspection system restoration   \CRPerformance and,,Services,3446,Non Inventory
HP93C,Main Low Water Emergency Cut Off System Renovation \CRComplete safety circuit system renovation \CRIsolation control system installation \CRVisual water,,Services,5265,Non Inventory
HP93D,Complete Low Water Emergency Cut Off System Renovation \CRPressure safety system restoration \CRComplete safety circuit system renovation \CRIsolation co,,Services,6223,Non Inventory
HP93E,Complete Low Water Emergency Cut Off System Renovation \CRPressure safety system restoration \CRComplete safety circuit system renovation \CRIsolation co,,Services,7659,Non Inventory
HP94A,Exhaust Safety Control System Rejuvenation\CRPerformance and safety testing\CR30 day warranty,,Services,500,Non Inventory
HP94B,Basic Exhaust Safety Control System Renovation  \CRExhaust removal system restoration\CRExhaust debris removal service \CRPerformance and safety testing\CR,,Services,899,Non Inventory
HP94C,Main Exhaust Safety Control System Renovation  \CRExhaust removal system restoration\CRExhaust debris removal service \CRFlame safety system rejuvenation,,Services,1374,Non Inventory
HP94D,Complete Exhaust Safety Control System Renovation  \CRExhaust removal system restoration\CRHigh temperature exhaust seal\CRExhaust debris removal service,,Services,1624,Non Inventory
HP94E,Complete Exhaust Safety Control System Renovation  \CRExhaust removal system restoration\CRHigh temperature exhaust seal\CRExhaust debris removal service,,Services,1999,Non Inventory
HP95A,Exhaust Safety Control System Rejuvenation\CRPerformance and safety testing\CR30 day warranty,,Services,633,Non Inventory
HP95B,Basic Exhaust Safety Control System Renovation  \CRExhaust removal system restoration\CRExhaust debris removal service \CRPerformance and safety testing\CR,,Services,1139,Non Inventory
HP95C,Main Exhaust Safety Control System Renovation  \CRExhaust removal system restoration\CRExhaust debris removal service \CRFlame safety system rejuvenation,,Services,1740,Non Inventory
HP95D,Complete Exhaust Safety Control System Renovation  \CRExhaust removal system restoration\CRHigh temperature exhaust seal\CRExhaust debris removal service,,Services,2057,Non Inventory
HP95E,Complete Exhaust Safety Control System Renovation  \CRExhaust removal system restoration\CRHigh temperature exhaust seal\CRExhaust debris removal service,,Services,2531,Non Inventory
HP96A,Exhaust Safety Control System Rejuvenation\CRPerformance and safety testing\CR30 day warranty,,Services,841,Non Inventory
HP96B,Basic Exhaust Safety Control System Renovation  \CRExhaust removal system restoration\CRExhaust debris removal service \CRPerformance and safety testing\CR,,Services,1514,Non Inventory
HP96C,Main Exhaust Safety Control System Renovation  \CRExhaust removal system restoration\CRExhaust debris removal service \CRFlame safety system rejuvenation,,Services,2313,Non Inventory
HP96D,Complete Exhaust Safety Control System Renovation  \CRExhaust removal system restoration\CRHigh temperature exhaust seal\CRExhaust debris removal service,,Services,2733,Non Inventory
HP96E,Complete Exhaust Safety Control System Renovation  \CRExhaust removal system restoration\CRHigh temperature exhaust seal\CRExhaust debris removal service,,Services,3364,Non Inventory
HP97A,Exhaust Safety Control System Rejuvenation\CRPerformance and safety testing\CR30 day warranty,,Services,1097,Non Inventory
HP97B,Basic Exhaust Safety Control System Renovation  \CRExhaust removal system restoration\CRExhaust debris removal service \CRPerformance and safety testing\CR,,Services,1974,Non Inventory
HP97C,Main Exhaust Safety Control System Renovation  \CRExhaust removal system restoration\CRExhaust debris removal service \CRFlame safety system rejuvenation,,Services,3016,Non Inventory
HP97D,Complete Exhaust Safety Control System Renovation  \CRExhaust removal system restoration\CRHigh temperature exhaust seal\CRExhaust debris removal service,,Services,3564,Non Inventory
HP97E,Complete Exhaust Safety Control System Renovation  \CRExhaust removal system restoration\CRHigh temperature exhaust seal\CRExhaust debris removal service,,Services,4387,Non Inventory
HP98A,Exhaust Safety Control System Rejuvenation\CRPerformance and safety testing\CR30 day warranty,,Services,1451,Non Inventory
HP98B,Basic Exhaust Safety Control System Renovation  \CRExhaust removal system restoration\CRExhaust debris removal service \CRPerformance and safety testing\CR,,Services,2611,Non Inventory
HP98C,Main Exhaust Safety Control System Renovation  \CRExhaust removal system restoration\CRExhaust debris removal service \CRFlame safety system rejuvenation,,Services,3989,Non Inventory
HP98D,Complete Exhaust Safety Control System Renovation  \CRExhaust removal system restoration\CRHigh temperature exhaust seal\CRExhaust debris removal service,,Services,4715,Non Inventory
HP98E,Complete Exhaust Safety Control System Renovation  \CRExhaust removal system restoration\CRHigh temperature exhaust seal\CRExhaust debris removal service,,Services,5802,Non Inventory
HP99A,Fuel Delivery System Rejuvenation\CRPerformance and safety testing                          \CR30 day warranty,,Services,871,Non Inventory
HP99B,Basic Fuel Delivery System Renovation\CRPerformance enhancement calibration\CRPerformance and safety testing                          \CR6 month warranty,,Services,1567,Non Inventory
HP99C,Main Fuel Delivery System Renovation \CRPerformance enhancement calibration\CRIgnition system rejuvenation\CRBurner calibration alignment restoration\CRPe,,Services,2394,Non Inventory
HP99D,Complete Fuel Delivery System Renovation\CRIgnition system rejuvenation\CRBurner calibration alignment restoration\CRPerformance enhancement calibration\CR,,Services,2829,Non Inventory
HP99E,Complete Fuel Delivery System Renovation\CRIgnition system rejuvenation\CRBurner calibration alignment restoration\CRPerformance enhancement calibration\CR,,Services,3482,Non Inventory
HP9A,Water Emergency Cut Off System Rejuvenation\CRNo drain down and no isolation system\CRPerformance and safety testing                          \CR30 day w,,Services,469,Non Inventory
HP9B,,,Services,684,Non Inventory
HP9C,Main Water Emergency Cut Off System Renovation\CRAutomatic pressure control system renovation\CREmergency relief system restoration\CRSafety control syst,,Services,937,Non Inventory
HP9D,Complete Low Water Emergency Cut Off System Renovation\CRAutomatic pressure control system renovation\CRHigh pressure emergency relief system restoratio,,Services,1172,Non Inventory
HP9E,,,Services,989,Non Inventory
HQ10A,,,Services,434,Non Inventory
HQ10B,Basic Fuel Delivery System Renovation\CRPerformance enhancement calibration\CRPerformance and safety testing                          \CR6 month warranty,,Services,1834,Non Inventory
HQ10C,Main Fuel Delivery System Renovation\CRPerformance enhancement calibration\CRIgnition system rejuvenation\CRBurner calibration alignment restoration\CRPer,,Services,2445,Non Inventory
HQ10D,Complete Fuel Delivery System Renovation\CRIgnition system rejuvenation\CRBurner calibration alignment restoration\CRBarometric tubing renovation\CRPerfor,,Services,3057,Non Inventory
HQ10E,Complete Fuel Delivery System Renovation\CRIgnition system rejuvenation\CRBurner calibration alignment restoration\CRBarometric tubing renovation\CRPerfor,,Services,3668,Non Inventory
HQ11A,Combustion Ignition System Rejuvenation\CRPerformance and safety testing                          \CR30 day warranty,,Services,346,Non Inventory
HQ11B,Basic Combustion Ignition System Renovation\CRPerformance enhancement calibration\CRPerformance and safety testing                          \CR6 month wa,,Services,518,Non Inventory
HQ11C,Main Combustion Ignition System Renovation\CRUpgrade fuel misting system renovation\CRInline fuel protection system service\CRRestore system to prime con,,Services,691,Non Inventory
HQ11D,Complete Combustion Ignition System Renovation\CRFuel misting system renovation\CRInline fuel protection system rejuvenation\CRRestore system to prime co,,Services,864,Non Inventory
HQ11E,Complete Combustion Ignition System Renovation\CRFuel misting system renovation\CRInline fuel protection system rejuvenation\CRRestore system to prime co,,Services,1037,Non Inventory
HQ12A,Combustion Ignition System Rejuvenation\CRPerformance and safety testing                          \CR30 day warranty,,Services,500,Non Inventory
HQ12B,Basic Combustion Ignition System Renovation\CRPerformance enhancement calibration\CRPerformance and safety testing                          \CR6 month wa,,Services,750,Non Inventory
HQ12C,Main Combustion Ignition System Renovation\CRUpgrade fuel misting system renovation\CRInline fuel protection system service\CRRestore system to prime con,,Services,1000,Non Inventory
HQ12D,Complete Combustion Ignition System Renovation\CRFuel misting system renovation\CRInline fuel protection system rejuvenation\CRRestore system to prime co,,Services,1250,Non Inventory
HQ12E,Complete Combustion Ignition System Renovation\CRFuel misting system renovation\CRInline fuel protection system rejuvenation\CRRestore system to prime co,,Services,1500,Non Inventory
HQ13A,Heating System Rejuvenation  \CRPerformance and safety testing              \CR30 day warranty,,Services,800,Non Inventory
HQ13B,Basic Heating System Renovation   \CRPerformance calibration service\CRPerformance and safety testing              \CR6 month warranty,,Services,1200,Non Inventory
HQ13C,Main Heating System Renovation   \CRRestore system to prime condition\CRPerformance calibration service\CRFuel misting and inline protection system upgra,,Services,1600,Non Inventory
HQ13D,Complete Heating System Renovation   \CRCombustion chamber restoration and inspection service\CRIgnition system rejuvenation\CRExhaust removal system ren,,Services,2000,Non Inventory
HQ13E,Complete Heating System Renovation   \CRCombustion chamber restoration and inspection service\CRIgnition system rejuvenation\CRExhaust removal system ren,,Services,2400,Non Inventory
HQ14A,Heating System Rejuvenation  \CRPerformance and safety testing              \CR30 day warranty,,Services,1021,Non Inventory
HQ14B,Basic Heating System Renovation   \CRPerformance calibration service\CRPerformance and safety testing              \CR6 month warranty,,Services,1531,Non Inventory
HQ14C,Main Heating System Renovation   \CRRestore system to prime condition\CRPerformance calibration service\CRFuel misting and inline protection system upgra,,Services,2041,Non Inventory
HQ14D,Complete Heating System Renovation   \CRCombustion chamber restoration and inspection service\CRIgnition system rejuvenation\CRExhaust removal system ren,,Services,2551,Non Inventory
HQ14E,Complete Heating System Renovation   \CRCombustion chamber restoration and inspection service\CRIgnition system rejuvenation\CRExhaust removal system ren,,Services,3062,Non Inventory
HQ15A,Heating System Rejuvenation\CRPerformance and safety testing              \CR30 day warranty,,Services,650,Non Inventory
HQ15B,Basic Heating System Renovation\CRPerformance calibration service\CRPerformance and safety testing              \CR6 month warranty,,Services,975,Non Inventory
HQ15C,Main Heating System Renovation\CRRestore system to prime condition\CRLeak detection and calibration service\CRFuel misting and inline protection system u,,Services,1300,Non Inventory
HQ15D,Complete Heating System Renovation\CRCombustion chamber restoration and inspection service\CRIgnition system rejuvenation\CRExhaust removal system renova,,Services,1625,Non Inventory
HQ15E,Complete Heating System Renovation\CRCombustion chamber restoration and inspection service\CRIgnition system rejuvenation\CRExhaust removal system renova,,Services,1950,Non Inventory
HQ16A,Heating System Rejuvenation\CRPerformance and safety testing              \CR30 day warranty,,Services,871,Non Inventory
HQ16B,Basic Heating System Renovation\CRPerformance calibration service\CRPerformance and safety testing              \CR6 month warranty,,Services,1306,Non Inventory
HQ16C,Main Heating System Renovation\CRRestore system to prime condition\CRLeak detection and calibration service\CRFuel misting and inline protection system u,,Services,1741,Non Inventory
HQ16D,Complete Heating System Renovation\CRCombustion chamber restoration and inspection service\CRIgnition system rejuvenation\CRExhaust removal system renova,,Services,2176,Non Inventory
HQ16E,Complete Heating System Renovation\CRCombustion chamber restoration and inspection service\CRIgnition system rejuvenation\CRExhaust removal system renova,,Services,2612,Non Inventory
HQ17A,Fossil Fuel Delivery System Rejuvenation\CRBasic code requirements\CRAir bubble removal service\CRPerformance and safety testing              \CR30 day wa,,Services,1892,Non Inventory
HQ17B,Basic Fossil Fuel Delivery System Renovation\CRCombustion chamber evacuation service\CRExhaust removal system rejuvenation\CROptimum combustion diverter,,Services,2839,Non Inventory
HQ17C,Main Fossil Fuel Ignition and Delivery System Renovation\CRFuel misting system renovation\CRInline fuel protection system renovation\CR2 n 1 smoke and ca,,Services,3785,Non Inventory
HQ17D,Complete Fossil Fuel Ignition and Delivery System Renovation\CRFuel misting system renovation\CRInline fuel protection system renovation\CRHigh definitio,,Services,4731,Non Inventory
HQ17E,Complete Fossil Fuel Ignition and Delivery System Renovation\CRFuel misting system renovation\CRInline fuel protection system renovation\CRHigh definitio,,Services,5677,Non Inventory
HQ18A,Fossil Fuel Delivery System Rejuvenation\CRBasic code requirements\CRAir bubble removal service\CRPerformance and safety testing              \CR30 day wa,,Services,2062,Non Inventory
HQ18B,Basic Fossil Fuel Delivery System Renovation\CRCombustion chamber evacuation service\CRExhaust removal system rejuvenation\CROptimum combustion diverter,,Services,3092,Non Inventory
HQ18C,Main Fossil Fuel Ignition and Delivery System Renovation\CRFuel misting system renovation\CRInline fuel protection system renovation\CR2 n 1 smoke and ca,,Services,4123,Non Inventory
HQ18D,Complete Fossil Fuel Ignition and Delivery System Renovation\CRFuel misting system renovation\CRInline fuel protection system renovation\CRHigh definitio,,Services,5154,Non Inventory
HQ18E,Complete Fossil Fuel Ignition and Delivery System Renovation\CRFuel misting system renovation\CRInline fuel protection system renovation\CRHigh definitio,,Services,6185,Non Inventory
HQ19A,Fossil Fuel Delivery System Rejuvenation\CRBasic code requirements\CRAir bubble removal service\CRPerformance and safety testing              \CR30 day wa,,Services,2236,Non Inventory
HQ19B,Basic Fossil Fuel Delivery System Renovation\CRCombustion chamber evacuation service\CRExhaust removal system rejuvenation\CROptimum combustion diverter,,Services,3353,Non Inventory
HQ19C,Main Fossil Fuel Ignition and Delivery System Renovation\CRFuel misting system renovation\CRInline fuel protection system renovation\CR2 n 1 smoke and ca,,Services,4471,Non Inventory
HQ19D,Complete Fossil Fuel Ignition and Delivery System Renovation\CRFuel misting system renovation\CRInline fuel protection system renovation\CRHigh definitio,,Services,5589,Non Inventory
HQ19E,Complete Fossil Fuel Ignition and Delivery System Renovation\CRFuel misting system renovation\CRInline fuel protection system renovation\CRHigh definitio,,Services,6707,Non Inventory
HQ1A,,,Services,508,Non Inventory
HQ1B,,,Services,658,Non Inventory
HQ1C,Main Ignition System Renovation\CRRestore system to prime condition\CRPerformance and safety testing                          \CR1 year warranty,,Services,1196,Non Inventory
HQ1D,Complete Ignition System Renovation     \CRReplace complete ignition safety system including controls and wiring\CRCombustion evaluation calibrating to,,Services,1495,Non Inventory
HQ1E,Complete Ignition System Renovation     \CRReplace complete ignition safety system including controls and wiring\CRCombustion evaluation calibrating to,,Services,1794,Non Inventory
HQ20A,Ignition System Rejuvenation\CRPerformance and safety testing                          \CR30 day warranty,,Services,838,Non Inventory
HQ20B,Basic Ignition System Renovation\CRPerformance and safety testing                          \CR6 month warranty,,Services,1257,Non Inventory
HQ20C,Main Ignition System Renovation\CRRestore system to prime condition\CRPerformance and safety testing                          \CR1 year warranty,,Services,1676,Non Inventory
HQ20D,Complete Ignition System Renovation     \CRReplace complete ignition safety system including controls and wiring\CRCombustion evaluation calibrating to,,Services,2095,Non Inventory
HQ20E,Complete Ignition System Renovation     \CRReplace complete ignition safety system including controls and wiring\CRCombustion evaluation calibrating to,,Services,2514,Non Inventory
HQ21A,Ignition System Rejuvenation\CRPerformance and safety testing                          \CR30 day warranty,,Services,1073,Non Inventory
HQ21B,Basic Ignition System Renovation\CRPerformance and safety testing                          \CR6 month warranty,,Services,1609,Non Inventory
HQ21C,Main Ignition System Renovation\CRRestore system to prime condition\CRPerformance and safety testing                          \CR1 year warranty,,Services,2145,Non Inventory
HQ21D,Complete Ignition System Renovation     \CRReplace complete ignition safety system including controls and wiring\CRCombustion evaluation calibrating to,,Services,2682,Non Inventory
HQ21E,Complete Ignition System Renovation     \CRReplace complete ignition safety system including controls and wiring\CRCombustion evaluation calibrating to,,Services,3218,Non Inventory
HQ22A,Combustion and Safety System Rejuvenation\CRPerformance and safety testing\CR30 day warranty,,Services,988,Non Inventory
HQ22B,Basic Combustion and Safety System Renovation\CRPerformance and safety testing\CR6 month warranty,,Services,1482,Non Inventory
HQ22C,Main Combustion and Safety System Renovation\CRCombustion calibration service\CRPerformance enhancement service\CRElectrical termination service\CRPerform,,Services,1976,Non Inventory
HQ22D,Complete Combustion and Safety System Renovation\CRBurner calibration alignment restoration\CRBarometric tubing renovation\CRPerformance enhancement serv,,Services,2470,Non Inventory
HQ22E,Complete Combustion and Safety System Renovation\CRBurner calibration alignment restoration\CRBarometric tubing renovation\CRPerformance enhancement serv,,Services,2964,Non Inventory
HQ23A,Combustion Exhaust System Rejuvenation\CRPerformance and safety testing                          \CR30 day warranty,,Services,1481,Non Inventory
HQ23B,Basic Combustion Exhaust System Renovation \CRVoltage Enhancement System renovation\CRPerformance and safety testing\CR6 month warranty,,Services,2222,Non Inventory
HQ23C,Main Combustion Exhaust System Renovation \CRHigh temperature exhaust seal\CRVoltage Enhancement System renovation\CRRestore system to prime condition\CRP,,Services,2962,Non Inventory
HQ23D,Complete Combustion Exhaust System Renovation\CRBarometric sensing system renovation\CRHigh temperature exhaust seal\CRAir movement system renovation\CRSy,,Services,3703,Non Inventory
HQ23E,Complete Combustion Exhaust System Renovation\CRBarometric sensing system renovation\CRHigh temperature exhaust seal\CRAir movement system renovation\CRSy,,Services,4444,Non Inventory
HQ24A,Combustion Exhaust System Rejuvenation\CRPerformance and safety testing                          \CR30 day warranty,,Services,2016,Non Inventory
HQ24B,Basic Combustion Exhaust System Renovation \CRVoltage Enhancement System renovation\CRPerformance and safety testing\CR6 month warranty,,Services,3024,Non Inventory
HQ24C,Main Combustion Exhaust System Renovation \CRHigh temperature exhaust seal\CRVoltage Enhancement System renovation\CRRestore system to prime condition\CRP,,Services,4032,Non Inventory
HQ24D,Complete Combustion Exhaust System Renovation\CRBarometric sensing system renovation\CRHigh temperature exhaust seal\CRAir movement system renovation\CRSy,,Services,5040,Non Inventory
HQ24E,Complete Combustion Exhaust System Renovation\CRBarometric sensing system renovation\CRHigh temperature exhaust seal\CRAir movement system renovation\CRSy,,Services,6048,Non Inventory
HQ25A,Flame Safety System Rejuvenation\CRPerformance and safety testing                          \CR30 day warranty,,Services,663,Non Inventory
HQ25B,Basic Flame Safety System Renovation\CRPerformance and safety testing                          \CR6 month warranty,,Services,995,Non Inventory
HQ25C,Main Flame Safety System Renovation\CRPerformance enhancement calibration\CRBurner calibration alignment restoration\CRPerformance and safety testing,,Services,1327,Non Inventory
HQ25D,Complete Flame Safety System Renovation\CRStanding flame calibration service\CRBurner calibration alignment restoration\CRBarometric tubing renovation\CRP,,Services,1659,Non Inventory
HQ25E,Complete Flame Safety System Renovation\CRStanding flame calibration service\CRBurner calibration alignment restoration\CRBarometric tubing renovation\CRP,,Services,1990,Non Inventory
HQ26A,Flame Safety System Rejuvenation\CRPerformance and safety testing                          \CR30 day warranty,,Services,960,Non Inventory
HQ26B,Basic Flame Safety System Renovation\CRPerformance and safety testing                          \CR6 month warranty,,Services,1440,Non Inventory
HQ26C,Main Flame Safety System Renovation\CRPerformance enhancement calibration\CRBurner calibration alignment restoration\CRPerformance and safety testing,,Services,1920,Non Inventory
HQ26D,Complete Flame Safety System Renovation\CRStanding flame calibration service\CRBurner calibration alignment restoration\CRBarometric tubing renovation\CRP,,Services,2400,Non Inventory
HQ26E,Complete Flame Safety System Renovation\CRStanding flame calibration service\CRBurner calibration alignment restoration\CRBarometric tubing renovation\CRP,,Services,2880,Non Inventory
HQ27A,Fuel Delivery System Rejuvenation\CRPerformance and safety testing                          \CR30 day warranty,,Services,1476,Non Inventory
HQ27B,Basic Fuel Delivery System Renovation\CRPerformance enhancement calibration\CRPerformance and safety testing                          \CR6 month warranty,,Services,2214,Non Inventory
HQ27C,Main Fuel Delivery System Renovation\CRPerformance enhancement calibration\CRIgnition system rejuvenation\CRBurner calibration alignment restoration\CRPer,,Services,2952,Non Inventory
HQ27D,Complete Fuel Delivery System Renovation\CRIgnition system rejuvenation\CRBurner calibration alignment restoration\CRBarometric tubing renovation\CRPerfor,,Services,3690,Non Inventory
HQ27E,Complete Fuel Delivery System Renovation\CRIgnition system rejuvenation\CRBurner calibration alignment restoration\CRBarometric tubing renovation\CRPerfor,,Services,4428,Non Inventory
HQ28A,Fuel Delivery System Rejuvenation\CRPerformance and safety testing                          \CR30 day warranty,,Services,1729,Non Inventory
HQ28B,Basic Fuel Delivery System Renovation\CRPerformance enhancement calibration\CRPerformance and safety testing                          \CR6 month warranty,,Services,2594,Non Inventory
HQ28C,Main Fuel Delivery System Renovation\CRPerformance enhancement calibration\CRIgnition system rejuvenation\CRBurner calibration alignment restoration\CRPer,,Services,3459,Non Inventory
HQ28D,Complete Fuel Delivery System Renovation\CRIgnition system rejuvenation\CRBurner calibration alignment restoration\CRBarometric tubing renovation\CRPerfor,,Services,4324,Non Inventory
HQ28E,Complete Fuel Delivery System Renovation\CRIgnition system rejuvenation\CRBurner calibration alignment restoration\CRBarometric tubing renovation\CRPerfor,,Services,5188,Non Inventory
HQ29A,Combustion Ignition System Rejuvenation\CRPerformance and safety testing                          \CR30 day warranty,,Services,646,Non Inventory
HQ29B,Basic Combustion Ignition System Renovation\CRPerformance enhancement calibration\CRPerformance and safety testing                          \CR6 month wa,,Services,968,Non Inventory
HQ29C,Main Combustion Ignition System Renovation\CRUpgrade fuel misting system renovation\CRInline fuel protection system service\CRRestore system to prime con,,Services,1291,Non Inventory
HQ29D,Complete Combustion Ignition System Renovation\CRFuel misting system renovation\CRInline fuel protection system rejuvenation\CRRestore system to prime co,,Services,1614,Non Inventory
HQ29E,Complete Combustion Ignition System Renovation\CRFuel misting system renovation\CRInline fuel protection system rejuvenation\CRRestore system to prime co,,Services,1937,Non Inventory
HQ2A,,,Services,334,Non Inventory
HQ2B,Basic Combustion and Safety System Renovation\CRPerformance and safety testing\CR6 month warranty,,Services,540,Non Inventory
HQ2C,Main Combustion and Safety System Renovation\CRCombustion calibration service\CRPerformance enhancement service\CRElectrical termination service\CRPerform,,Services,720,Non Inventory
HQ2D,Complete Combustion and Safety System Renovation\CRBurner calibration alignment restoration\CRBarometric tubing renovation\CRPerformance enhancement serv,,Services,900,Non Inventory
HQ2E,Complete Combustion and Safety System Renovation\CRBurner calibration alignment restoration\CRBarometric tubing renovation\CRPerformance enhancement serv,,Services,1080,Non Inventory
HQ30A,Combustion Ignition System Rejuvenation\CRPerformance and safety testing                          \CR30 day warranty,,Services,783,Non Inventory
HQ30B,Basic Combustion Ignition System Renovation\CRPerformance enhancement calibration\CRPerformance and safety testing                          \CR6 month wa,,Services,1175,Non Inventory
HQ30C,Main Combustion Ignition System Renovation\CRUpgrade fuel misting system renovation\CRInline fuel protection system service\CRRestore system to prime con,,Services,1566,Non Inventory
HQ30D,Complete Combustion Ignition System Renovation\CRFuel misting system renovation\CRInline fuel protection system rejuvenation\CRRestore system to prime co,,Services,1958,Non Inventory
HQ30E,Complete Combustion Ignition System Renovation\CRFuel misting system renovation\CRInline fuel protection system rejuvenation\CRRestore system to prime co,,Services,2350,Non Inventory
HQ31A,Combustion Ignition System Rejuvenation\CRPerformance and safety testing                          \CR30 day warranty,,Services,913,Non Inventory
HQ31B,Basic Combustion Ignition System Renovation\CRPerformance enhancement calibration\CRPerformance and safety testing                          \CR6 month wa,,Services,1370,Non Inventory
HQ31C,Main Combustion Ignition System Renovation\CRUpgrade fuel misting system renovation\CRInline fuel protection system service\CRRestore system to prime con,,Services,1826,Non Inventory
HQ31D,Complete Combustion Ignition System Renovation\CRFuel misting system renovation\CRInline fuel protection system rejuvenation\CRRestore system to prime co,,Services,2283,Non Inventory
HQ31E,Complete Combustion Ignition System Renovation\CRFuel misting system renovation\CRInline fuel protection system rejuvenation\CRRestore system to prime co,,Services,2739,Non Inventory
HQ32A,Electronic Combustion Control System Rejuvenation\CRPerformance and safety testing              \CR30 day warranty,,Services,988,Non Inventory
HQ32B,Basic Electronic Combustion Control System Renovation\CRFuel misting and protection system service\CRPerformance and safety testing              \CR6 mon,,Services,1482,Non Inventory
HQ32C,Main Electronic Combustion Control System Renovation\CRIgnition system rejuvenation service\CRRestore combustion system to prime condition\CRCombustion s,,Services,1976,Non Inventory
HQ32D,Complete Electronic Combustion Control System Renovation\CRIgnition system rejuvenation service\CRFlame safety system renovation\CRRestore combustion sys,,Services,2470,Non Inventory
HQ32E,Complete Electronic Combustion Control System Renovation\CRIgnition system rejuvenation service\CRFlame safety system renovation\CRRestore combustion sys,,Services,2964,Non Inventory
HQ33A,Electronic Combustion Control System Rejuvenation\CRPerformance and safety testing              \CR30 day warranty,,Services,1223,Non Inventory
HQ33B,Basic Electronic Combustion Control System Renovation\CRFuel misting and protection system service\CRPerformance and safety testing              \CR6 mon,,Services,1834,Non Inventory
HQ33C,Main Electronic Combustion Control System Renovation\CRIgnition system rejuvenation service\CRRestore combustion system to prime condition\CRCombustion s,,Services,2445,Non Inventory
HQ33D,Complete Electronic Combustion Control System Renovation\CRIgnition system rejuvenation service\CRFlame safety system renovation\CRRestore combustion sys,,Services,3057,Non Inventory
HQ33E,Complete Electronic Combustion Control System Renovation\CRIgnition system rejuvenation service\CRFlame safety system renovation\CRRestore combustion sys,,Services,3668,Non Inventory
HQ34A,Electronic Combustion Control System Rejuvenation\CRPerformance and safety testing              \CR30 day warranty,,Services,1476,Non Inventory
HQ34B,Basic Electronic Combustion Control System Renovation\CRFuel misting and protection system service\CRPerformance and safety testing              \CR6 mon,,Services,2214,Non Inventory
HQ34C,Main Electronic Combustion Control System Renovation\CRIgnition system rejuvenation service\CRRestore combustion system to prime condition\CRCombustion s,,Services,2952,Non Inventory
HQ34D,Complete Electronic Combustion Control System Renovation\CRIgnition system rejuvenation service\CRFlame safety system renovation\CRRestore combustion sys,,Services,3690,Non Inventory
HQ34E,Complete Electronic Combustion Control System Renovation\CRIgnition system rejuvenation service\CRFlame safety system renovation\CRRestore combustion sys,,Services,4428,Non Inventory
HQ35A,Heating System Rejuvenation  \CRPerformance and safety testing              \CR30 day warranty,,Services,1210,Non Inventory
HQ35B,Basic Heating System Renovation   \CRPerformance calibration service\CRPerformance and safety testing              \CR6 month warranty,,Services,1815,Non Inventory
HQ35C,Main Heating System Renovation   \CRRestore system to prime condition\CRPerformance calibration service\CRFuel misting and inline protection system upgra,,Services,2419,Non Inventory
HQ35D,Complete Heating System Renovation   \CRCombustion chamber restoration and inspection service\CRIgnition system rejuvenation\CRExhaust removal system ren,,Services,3024,Non Inventory
HQ35E,Complete Heating System Renovation   \CRCombustion chamber restoration and inspection service\CRIgnition system rejuvenation\CRExhaust removal system ren,,Services,3629,Non Inventory
HQ36A,Heating System Rejuvenation  \CRPerformance and safety testing              \CR30 day warranty,,Services,1397,Non Inventory
HQ36B,Basic Heating System Renovation   \CRPerformance calibration service\CRPerformance and safety testing              \CR6 month warranty,,Services,2096,Non Inventory
HQ36C,Main Heating System Renovation   \CRRestore system to prime condition\CRPerformance calibration service\CRFuel misting and inline protection system upgra,,Services,2795,Non Inventory
HQ36D,Complete Heating System Renovation   \CRCombustion chamber restoration and inspection service\CRIgnition system rejuvenation\CRExhaust removal system ren,,Services,3493,Non Inventory
HQ36E,Complete Heating System Renovation   \CRCombustion chamber restoration and inspection service\CRIgnition system rejuvenation\CRExhaust removal system ren,,Services,4192,Non Inventory
HQ37A,Heating System Rejuvenation  \CRPerformance and safety testing              \CR30 day warranty,,Services,1588,Non Inventory
HQ37B,Basic Heating System Renovation   \CRPerformance calibration service\CRPerformance and safety testing              \CR6 month warranty,,Services,2382,Non Inventory
HQ37C,Main Heating System Renovation   \CRRestore system to prime condition\CRPerformance calibration service\CRFuel misting and inline protection system upgra,,Services,3176,Non Inventory
HQ37D,Complete Heating System Renovation   \CRCombustion chamber restoration and inspection service\CRIgnition system rejuvenation\CRExhaust removal system ren,,Services,3970,Non Inventory
HQ37E,Complete Heating System Renovation   \CRCombustion chamber restoration and inspection service\CRIgnition system rejuvenation\CRExhaust removal system ren,,Services,4764,Non Inventory
HQ38A,Heating System Rejuvenation\CRPerformance and safety testing              \CR30 day warranty,,Services,1083,Non Inventory
HQ38B,Basic Heating System Renovation\CRPerformance calibration service\CRPerformance and safety testing              \CR6 month warranty,,Services,1625,Non Inventory
HQ38C,Main Heating System Renovation\CRRestore system to prime condition\CRLeak detection and calibration service\CRFuel misting and inline protection system u,,Services,2166,Non Inventory
HQ38D,Complete Heating System Renovation\CRCombustion chamber restoration and inspection service\CRIgnition system rejuvenation\CRExhaust removal system renova,,Services,2708,Non Inventory
HQ38E,Complete Heating System Renovation\CRCombustion chamber restoration and inspection service\CRIgnition system rejuvenation\CRExhaust removal system renova,,Services,3250,Non Inventory
HQ39A,Heating System Rejuvenation\CRPerformance and safety testing              \CR30 day warranty,,Services,1288,Non Inventory
HQ39B,Basic Heating System Renovation\CRPerformance calibration service\CRPerformance and safety testing              \CR6 month warranty,,Services,1932,Non Inventory
HQ39C,Main Heating System Renovation\CRRestore system to prime condition\CRLeak detection and calibration service\CRFuel misting and inline protection system u,,Services,2576,Non Inventory
HQ39D,Complete Heating System Renovation\CRCombustion chamber restoration and inspection service\CRIgnition system rejuvenation\CRExhaust removal system renova,,Services,3220,Non Inventory
HQ39E,Complete Heating System Renovation\CRCombustion chamber restoration and inspection service\CRIgnition system rejuvenation\CRExhaust removal system renova,,Services,3864,Non Inventory
HQ3A,Combustion and Safety System Rejuvenation\CRPerformance and safety testing\CR30 day warranty,,Services,610,Non Inventory
HQ3B,,,Services,439,Non Inventory
HQ3C,Main Combustion and Safety System Renovation\CRCombustion calibration service\CRPerformance enhancement service\CRElectrical termination service\CRPerform,,Services,1219,Non Inventory
HQ3D,Complete Combustion and Safety System Renovation\CRBurner calibration alignment restoration\CRBarometric tubing renovation\CRPerformance enhancement serv,,Services,1524,Non Inventory
HQ3E,Complete Combustion and Safety System Renovation\CRBurner calibration alignment restoration\CRBarometric tubing renovation\CRPerformance enhancement serv,,Services,1829,Non Inventory
HQ40A,Heating System Rejuvenation\CRPerformance and safety testing              \CR30 day warranty,,Services,1523,Non Inventory
HQ40B,Basic Heating System Renovation\CRPerformance calibration service\CRPerformance and safety testing              \CR6 month warranty,,Services,2284,Non Inventory
HQ40C,Main Heating System Renovation\CRRestore system to prime condition\CRLeak detection and calibration service\CRFuel misting and inline protection system u,,Services,3045,Non Inventory
HQ40D,Complete Heating System Renovation\CRCombustion chamber restoration and inspection service\CRIgnition system rejuvenation\CRExhaust removal system renova,,Services,3807,Non Inventory
HQ40E,Complete Heating System Renovation\CRCombustion chamber restoration and inspection service\CRIgnition system rejuvenation\CRExhaust removal system renova,,Services,4568,Non Inventory
HQ41A,Fossil Fuel Delivery System Rejuvenation\CRBasic code requirements\CRAir bubble removal service\CRPerformance and safety testing              \CR30 day wa,,Services,2528,Non Inventory
HQ41B,Basic Fossil Fuel Delivery System Renovation\CRCombustion chamber evacuation service\CRExhaust removal system rejuvenation\CROptimum combustion diverter,,Services,3792,Non Inventory
HQ41C,Main Fossil Fuel Ignition and Delivery System Renovation\CRFuel misting system renovation\CRInline fuel protection system renovation\CR2 n 1 smoke and ca,,Services,5057,Non Inventory
HQ41D,Complete Fossil Fuel Ignition and Delivery System Renovation\CRFuel misting system renovation\CRInline fuel protection system renovation\CRHigh definitio,,Services,6321,Non Inventory
HQ41E,Complete Fossil Fuel Ignition and Delivery System Renovation\CRFuel misting system renovation\CRInline fuel protection system renovation\CRHigh definitio,,Services,7585,Non Inventory
HQ42A,Fossil Fuel Delivery System Rejuvenation\CRBasic code requirements\CRAir bubble removal service\CRPerformance and safety testing              \CR30 day wa,,Services,2821,Non Inventory
HQ42B,Basic Fossil Fuel Delivery System Renovation\CRCombustion chamber evacuation service\CRExhaust removal system rejuvenation\CROptimum combustion diverter,,Services,4231,Non Inventory
HQ42C,Main Fossil Fuel Ignition and Delivery System Renovation\CRFuel misting system renovation\CRInline fuel protection system renovation\CR2 n 1 smoke and ca,,Services,5642,Non Inventory
HQ42D,Complete Fossil Fuel Ignition and Delivery System Renovation\CRFuel misting system renovation\CRInline fuel protection system renovation\CRHigh definitio,,Services,7052,Non Inventory
HQ42E,Complete Fossil Fuel Ignition and Delivery System Renovation\CRFuel misting system renovation\CRInline fuel protection system renovation\CRHigh definitio,,Services,8463,Non Inventory
HQ4A,Combustion Exhaust System Rejuvenation\CRPerformance and safety testing                          \CR30 day warranty,,Services,643,Non Inventory
HQ4B,Basic Combustion Exhaust System Renovation \CRVoltage Enhancement System renovation\CRPerformance and safety testing\CR6 month warranty,,Services,964,Non Inventory
HQ4C,,,Services,1017,Non Inventory
HQ4D,,,Services,1167,Non Inventory
HQ4E,Complete Combustion Exhaust System Renovation\CRBarometric sensing system renovation\CRHigh temperature exhaust seal\CRAir movement system renovation\CRSy,,Services,1928,Non Inventory
HQ5A,,,Services,331,Non Inventory
HQ5B,,,Services,484,Non Inventory
HQ5C,Main Combustion Exhaust System Renovation \CRHigh temperature exhaust seal\CRVoltage Enhancement System renovation\CRRestore system to prime condition\CRP,,Services,1880,Non Inventory
HQ5D,Complete Combustion Exhaust System Renovation\CRBarometric sensing system renovation\CRHigh temperature exhaust seal\CRAir movement system renovation\CRSy,,Services,2350,Non Inventory
HQ5E,Complete Combustion Exhaust System Renovation\CRBarometric sensing system renovation\CRHigh temperature exhaust seal\CRAir movement system renovation\CRSy,,Services,2820,Non Inventory
HQ6A,Combustion Exhaust System Rejuvenation\CRPerformance and safety testing                          \CR30 day warranty,,Services,1176,Non Inventory
HQ6B,,,Services,617,Non Inventory
HQ6C,,,Services,1017,Non Inventory
HQ6D,Complete Combustion Exhaust System Renovation\CRBarometric sensing system renovation\CRHigh temperature exhaust seal\CRAir movement system renovation\CRSy,,Services,2940,Non Inventory
HQ6E,Complete Combustion Exhaust System Renovation\CRBarometric sensing system renovation\CRHigh temperature exhaust seal\CRAir movement system renovation\CRSy,,Services,3528,Non Inventory
HQ7A,Flame Safety System Rejuvenation\CRPerformance and safety testing                          \CR30 day warranty,,Services,377,Non Inventory
HQ7B,Basic Flame Safety System Renovation\CRPerformance and safety testing                          \CR6 month warranty,,Services,565,Non Inventory
HQ7C,,,Services,350,Non Inventory
HQ7D,Complete Flame Safety System Renovation\CRStanding flame calibration service\CRBurner calibration alignment restoration\CRBarometric tubing renovation\CRP,,Services,942,Non Inventory
HQ7E,Complete Flame Safety System Renovation\CRStanding flame calibration service\CRBurner calibration alignment restoration\CRBarometric tubing renovation\CRP,,Services,1131,Non Inventory
HQ8A,Fuel Delivery System Rejuvenation\CRPerformance and safety testing                          \CR30 day warranty,,Services,660,Non Inventory
HQ8B,Basic Fuel Delivery System Renovation\CRPerformance enhancement calibration\CRPerformance and safety testing                          \CR6 month warranty,,Services,989,Non Inventory
HQ8C,,,Services,350,Non Inventory
HQ8D,Complete Fuel Delivery System Renovation\CRIgnition system rejuvenation\CRBurner calibration alignment restoration\CRBarometric tubing renovation\CRPerfor,,Services,1649,Non Inventory
HQ8E,Complete Fuel Delivery System Renovation\CRIgnition system rejuvenation\CRBurner calibration alignment restoration\CRBarometric tubing renovation\CRPerfor,,Services,1979,Non Inventory
HQ9A,Additional Boiler Cleaning,,Services,120,Non Inventory
HQ9B,Basic Fuel Delivery System Renovation\CRPerformance enhancement calibration\CRPerformance and safety testing                          \CR6 month warranty,,Services,1400,Non Inventory
HQ9C,Main Fuel Delivery System Renovation\CRPerformance enhancement calibration\CRIgnition system rejuvenation\CRBurner calibration alignment restoration\CRPer,,Services,1866,Non Inventory
HQ9D,Complete Fuel Delivery System Renovation\CRIgnition system rejuvenation\CRBurner calibration alignment restoration\CRBarometric tubing renovation\CRPerfor,,Services,2333,Non Inventory
HQ9E,Complete Fuel Delivery System Renovation\CRIgnition system rejuvenation\CRBurner calibration alignment restoration\CRBarometric tubing renovation\CRPerfor,,Services,2800,Non Inventory
HR10A,Fuel Delivery System Rejuvenation\CRPerformance and safety testing\CR30 day warranty,,Services,1261,Non Inventory
HR10B,Basic Fuel Delivery System Renovation  \CRBasic isolation system installation \CRLeak and safety inspection\CRPerformance and safety testing\CR6 month war,,Services,1891,Non Inventory
HR10C,Main Fuel Delivery System Renovation  \CRNo leak supply System Renovation\CRArea isolation control System Rejuvenation\CRBasic leak detection service\CRPe,,Services,2522,Non Inventory
HR10D,Complete Fuel Delivery System Renovation  \CRNo leak supply System Renovation\CRArea isolation control System Rejuvenation \CRMain component restoration,,Services,3152,Non Inventory
HR10E,Complete Fuel Delivery System Renovation  \CRNo leak supply System Renovation\CRArea isolation control System Rejuvenation \CRMain component restoration,,Services,3783,Non Inventory
HR1A,Fuel Distribution System Rejuvenation \CRPerformance and safety testing              \CR30 day warranty,,Services,640,Non Inventory
HR1B,Basic Fuel Distribution System Renovation\CRPerformance and safety testing              \CR6 month warranty,,Services,959,Non Inventory
HR1C,Main Fuel Distribution System Renovation\CRAppliance combustion monitor\CRBubble detection\CRRepair obvious leak\CRPerformance and safety testing,,Services,1279,Non Inventory
HR1D,Complete Fuel Distribution System Renovation\CRSuper sensitive electronic gas detection\CRInstall triple safe leak sensing system\CRThorough pipe enhance,,Services,1599,Non Inventory
HR1E,Complete Fuel Distribution System Renovation\CRSuper sensitive electronic gas detection\CRInstall triple safe leak sensing system\CRThorough pipe enhance,,Services,1919,Non Inventory
HR2A,Fuel Distribution System Rejuvenation \CRPerformance and safety testing              \CR30 day warranty,,Services,844,Non Inventory
HR2B,Basic Fuel Distribution System Renovation\CRPerformance and safety testing              \CR6 month warranty,,Services,1266,Non Inventory
HR2C,Main Fuel Distribution System Renovation\CRAppliance combustion monitor\CRBubble detection\CRRepair obvious leak\CRPerformance and safety testing,,Services,1687,Non Inventory
HR2D,Complete Fuel Distribution System Renovation\CRSuper sensitive electronic gas detection\CRInstall triple safe leak sensing system\CRThorough pipe enhance,,Services,2109,Non Inventory
HR2E,Complete Fuel Distribution System Renovation\CRSuper sensitive electronic gas detection\CRInstall triple safe leak sensing system\CRThorough pipe enhance,,Services,2531,Non Inventory
HR3A,Fuel Distribution System Rejuvenation \CRPerformance and safety testing              \CR30 day warranty,,Services,1213,Non Inventory
HR3B,Basic Fuel Distribution System Renovation\CRPerformance and safety testing              \CR6 month warranty,,Services,1819,Non Inventory
HR3C,Main Fuel Distribution System Renovation\CRAppliance combustion monitor\CRBubble detection\CRRepair obvious leak\CRPerformance and safety testing,,Services,2426,Non Inventory
HR3D,Complete Fuel Distribution System Renovation\CRSuper sensitive electronic gas detection\CRInstall triple safe leak sensing system\CRThorough pipe enhance,,Services,3032,Non Inventory
HR3E,Complete Fuel Distribution System Renovation\CRSuper sensitive electronic gas detection\CRInstall triple safe leak sensing system\CRThorough pipe enhance,,Services,3638,Non Inventory
HR4A,Fuel Delivery System Rejuvenation\CRPerformance and safety testing\CR30 day warranty,,Services,346,Non Inventory
HR4B,Basic Fuel Delivery System Renovation  \CRBasic isolation system installation \CRLeak and safety inspection\CRPerformance and safety testing\CR6 month war,,Services,518,Non Inventory
HR4C,Main Fuel Delivery System Renovation  \CRNo leak supply System Renovation\CRArea isolation control System Rejuvenation\CRBasic leak detection service\CRPe,,Services,691,Non Inventory
HR4D,Complete Fuel Delivery System Renovation  \CRNo leak supply System Renovation\CRArea isolation control System Rejuvenation \CRMain component restoration,,Services,864,Non Inventory
HR4E,Complete Fuel Delivery System Renovation  \CRNo leak supply System Renovation\CRArea isolation control System Rejuvenation \CRMain component restoration,,Services,1037,Non Inventory
HR5A,Fuel Delivery System Rejuvenation\CRPerformance and safety testing\CR30 day warranty,,Services,516,Non Inventory
HR5B,Basic Fuel Delivery System Renovation  \CRBasic isolation system installation \CRLeak and safety inspection\CRPerformance and safety testing\CR6 month war,,Services,774,Non Inventory
HR5C,Main Fuel Delivery System Renovation  \CRNo leak supply System Renovation\CRArea isolation control System Rejuvenation\CRBasic leak detection service\CRPe,,Services,1032,Non Inventory
HR5D,Complete Fuel Delivery System Renovation  \CRNo leak supply System Renovation\CRArea isolation control System Rejuvenation \CRMain component restoration,,Services,1290,Non Inventory
HR5E,Complete Fuel Delivery System Renovation  \CRNo leak supply System Renovation\CRArea isolation control System Rejuvenation \CRMain component restoration,,Services,1548,Non Inventory
HR6A,Fuel Delivery System Rejuvenation\CRPerformance and safety testing\CR30 day warranty,,Services,803,Non Inventory
HR6B,Basic Fuel Delivery System Renovation  \CRBasic isolation system installation \CRLeak and safety inspection\CRPerformance and safety testing\CR6 month war,,Services,1204,Non Inventory
HR6C,Main Fuel Delivery System Renovation  \CRNo leak supply System Renovation\CRArea isolation control System Rejuvenation\CRBasic leak detection service\CRPe,,Services,1606,Non Inventory
HR6D,Complete Fuel Delivery System Renovation  \CRNo leak supply System Renovation\CRArea isolation control System Rejuvenation \CRMain component restoration,,Services,2007,Non Inventory
HR6E,Complete Fuel Delivery System Renovation  \CRNo leak supply System Renovation\CRArea isolation control System Rejuvenation \CRMain component restoration,,Services,2408,Non Inventory
HR7A,Fuel Distribution System Rejuvenation \CRPerformance and safety testing              \CR30 day warranty,,Services,1585,Non Inventory
HR7B,Basic Fuel Distribution System Renovation\CRPerformance and safety testing              \CR6 month warranty,,Services,2378,Non Inventory
HR7C,Main Fuel Distribution System Renovation\CRAppliance combustion monitor\CRBubble detection\CRRepair obvious leak\CRPerformance and safety testing,,Services,3170,Non Inventory
HR7D,Complete Fuel Distribution System Renovation\CRSuper sensitive electronic gas detection\CRInstall triple safe leak sensing system\CRThorough pipe enhance,,Services,3963,Non Inventory
HR7E,Complete Fuel Distribution System Renovation\CRSuper sensitive electronic gas detection\CRInstall triple safe leak sensing system\CRThorough pipe enhance,,Services,4755,Non Inventory
HR8A,Fuel Distribution System Rejuvenation \CRPerformance and safety testing              \CR30 day warranty,,Services,1989,Non Inventory
HR8B,Basic Fuel Distribution System Renovation\CRPerformance and safety testing              \CR6 month warranty,,Services,2983,Non Inventory
HR8C,Main Fuel Distribution System Renovation\CRAppliance combustion monitor\CRBubble detection\CRRepair obvious leak\CRPerformance and safety testing,,Services,3978,Non Inventory
HR8D,Complete Fuel Distribution System Renovation\CRSuper sensitive electronic gas detection\CRInstall triple safe leak sensing system\CRThorough pipe enhance,,Services,4972,Non Inventory
HR8E,Complete Fuel Distribution System Renovation\CRSuper sensitive electronic gas detection\CRInstall triple safe leak sensing system\CRThorough pipe enhance,,Services,5967,Non Inventory
HR9A,Fuel Delivery System Rejuvenation\CRPerformance and safety testing\CR30 day warranty,,Services,1028,Non Inventory
HR9B,Basic Fuel Delivery System Renovation  \CRBasic isolation system installation \CRLeak and safety inspection\CRPerformance and safety testing\CR6 month war,,Services,1541,Non Inventory
HR9C,Main Fuel Delivery System Renovation  \CRNo leak supply System Renovation\CRArea isolation control System Rejuvenation\CRBasic leak detection service\CRPe,,Services,2055,Non Inventory
HR9D,Complete Fuel Delivery System Renovation  \CRNo leak supply System Renovation\CRArea isolation control System Rejuvenation \CRMain component restoration,,Services,2569,Non Inventory
HR9E,Complete Fuel Delivery System Renovation  \CRNo leak supply System Renovation\CRArea isolation control System Rejuvenation \CRMain component restoration,,Services,3083,Non Inventory
HT10A,Refrigerant Leak Protection Service System Rejuvenation   \CRPerformance and safety testing              \CR30 day warranty,,Services,538,Non Inventory
HT10B,Basic Refrigerant Leak Protection Service System Renovation   \CRInstall internal leak sealers\CRPerformance enhancement system renovation\CRPerformance,,Services,1076,Non Inventory
HT10C,Main Refrigerant Leak Protection Service System Renovation   \CRInstall internal leak sealers\CRPerformance enhancement system renovation\CRHeat transfer,,Services,1345,Non Inventory
HT10D,Complete Refrigerant Leak Protection Service System Renovation   \CRCalibrate system coolant and install refrigerant treatments \CRInstall internal leak,,Services,1613,Non Inventory
HT10E,Complete Refrigerant Leak Protection Service System Renovation   \CRCalibrate system coolant and install refrigerant treatments \CRInstall internal leak,,Services,1882,Non Inventory
HT11A,Triple Safe Water Protection System Rejuvenation\CRPerformance and safety testing              \CR30 day warranty,,Services,664,Non Inventory
HT11B,Basic Triple Safe Water Protection System Renovation \CRBasic treatment service\CRPerformance and safety testing              \CR6 month warranty,,Services,1328,Non Inventory
HT11C,Main Triple Safe Water Protection System Renovation\CRSanitary piping rejuvenation with visual inspection system\CRExtended drain treatment service\CRPer,,Services,1660,Non Inventory
HT11D,Complete Triple Safe Water Protection System Renovation\CRSanitary piping renovation with visual inspection system\CRExtended drain treatment service\CRF,,Services,1992,Non Inventory
HT11E,Complete Triple Safe Water Protection System Renovation\CRSanitary piping renovation with visual inspection system\CRExtended drain treatment service\CRF,,Services,2324,Non Inventory
HT12A,Power Protection System Rejuvenation\CRPerformance and safety testing              \CR30 day warranty,,Services,600,Non Inventory
HT12B,Basic Power Protection System Renovation\CRElectrical safety system service\CRPerformance and safety testing              \CR6 month warranty,,Services,1200,Non Inventory
HT12C,Main Power Protection System Renovation\CRVoltage distribution system renovation\CRVoltage Enhancement System renovation \CRElectrical safety system serv,,Services,1500,Non Inventory
HT12D,Complete Power Protection System Renovation\CRVoltage distribution system renovation\CRVoltage Enhancement System renovation \CRUpgrade voltage protectio,,Services,1800,Non Inventory
HT12E,Complete Power Protection System Renovation\CRVoltage distribution system renovation\CRVoltage Enhancement System renovation \CRUpgrade voltage protectio,,Services,2100,Non Inventory
HT13A,Medical Quality Air Purification System Rejuvenation\CRPerformance and safety testing              \CR30 day warranty,,Services,779,Non Inventory
HT13B,Basic Medical Quality Air Purification System Renovation  \CRStandard sanitization service\CRPerformance and safety testing              \CR6 month warra,,Services,2532,Non Inventory
HT13C,Main Medical Quality Air Purification System Renovation  \CRMicro-radiant odor control chamber\CRLow maintenance filtration system\CRMold/Mildew/Bacteria,,Services,3895,Non Inventory
HT13D,Complete Medical Quality Air Purification System Renovation  \CRUltra violet bacteria prevention system installation\CRMicro-radiant odor control chambe,,Services,5259,Non Inventory
HT13E,Complete Medical Quality Air Purification System Renovation  \CRUltra violet bacteria prevention system installation\CRMicro-radiant odor control chambe,,Services,6038,Non Inventory
HT14A,Medical Quality Air Purification System Rejuvenation\CRPerformance and safety testing              \CR30 day warranty,,Services,975,Non Inventory
HT14B,Basic Medical Quality Air Purification System Renovation  \CRStandard sanitization service\CRPerformance and safety testing              \CR6 month warra,,Services,3168,Non Inventory
HT14C,Main Medical Quality Air Purification System Renovation  \CRMicro-radiant odor control chamber\CRLow maintenance filtration system\CRMold/Mildew/Bacteria,,Services,4874,Non Inventory
HT14D,Complete Medical Quality Air Purification System Renovation  \CRUltra violet bacteria prevention system installation\CRMicro-radiant odor control chambe,,Services,6580,Non Inventory
HT14E,Complete Medical Quality Air Purification System Renovation  \CRUltra violet bacteria prevention system installation\CRMicro-radiant odor control chambe,,Services,7555,Non Inventory
HT15A,Medical Quality Air Purification System Rejuvenation\CRPerformance and safety testing              \CR30 day warranty,,Services,1204,Non Inventory
HT15B,Basic Medical Quality Air Purification System Renovation  \CRStandard sanitization service\CRPerformance and safety testing              \CR6 month warra,,Services,3914,Non Inventory
HT15C,Main Medical Quality Air Purification System Renovation  \CRMicro-radiant odor control chamber\CRLow maintenance filtration system\CRMold/Mildew/Bacteria,,Services,6022,Non Inventory
HT15D,Complete Medical Quality Air Purification System Renovation  \CRUltra violet bacteria prevention system installation\CRMicro-radiant odor control chambe,,Services,8129,Non Inventory
HT15E,Complete Medical Quality Air Purification System Renovation  \CRUltra violet bacteria prevention system installation\CRMicro-radiant odor control chambe,,Services,9333,Non Inventory
HT16A,Air Distribution System Rejuvenation  \CRPerformance and safety testing              \CR30 day warranty,,Services,1510,Non Inventory
HT16B,Basic Air Distribution System Renovation   \CRAir distribution system sanitization service\CRPerformance and safety testing              \CR6 month warra,,Services,3021,Non Inventory
HT16C,Main Air Distribution System Renovation   \CRRejuvenate cabinet and air circulation system to clean condition\CRMold and algae treatment service in wate,,Services,3776,Non Inventory
HT16D,Complete Air Distribution System Renovation   \CRRejuvenate cabinet and air circulation system to clean condition\CRMold and algae treatment service in,,Services,4531,Non Inventory
HT16E,Complete Air Distribution System Renovation   \CRRejuvenate cabinet and air circulation system to clean condition\CRMold and algae treatment service in,,Services,5286,Non Inventory
HT17A,Air Distribution System Rejuvenation  \CRPerformance and safety testing              \CR30 day warranty,,Services,1855,Non Inventory
HT17B,Basic Air Distribution System Renovation   \CRAir distribution system sanitization service\CRPerformance and safety testing              \CR6 month warra,,Services,3710,Non Inventory
HT17C,Main Air Distribution System Renovation   \CRRejuvenate cabinet and air circulation system to clean condition\CRMold and algae treatment service in wate,,Services,4638,Non Inventory
HT17D,Complete Air Distribution System Renovation   \CRRejuvenate cabinet and air circulation system to clean condition\CRMold and algae treatment service in,,Services,5566,Non Inventory
HT17E,Complete Air Distribution System Renovation   \CRRejuvenate cabinet and air circulation system to clean condition\CRMold and algae treatment service in,,Services,6493,Non Inventory
HT18A,Air Distribution System Rejuvenation  \CRPerformance and safety testing              \CR30 day warranty,,Services,2232,Non Inventory
HT18B,Basic Air Distribution System Renovation   \CRAir distribution system sanitization service\CRPerformance and safety testing              \CR6 month warra,,Services,4463,Non Inventory
HT18C,Main Air Distribution System Renovation   \CRRejuvenate cabinet and air circulation system to clean condition\CRMold and algae treatment service in wate,,Services,5579,Non Inventory
HT18D,Complete Air Distribution System Renovation   \CRRejuvenate cabinet and air circulation system to clean condition\CRMold and algae treatment service in,,Services,6695,Non Inventory
HT18E,Complete Air Distribution System Renovation   \CRRejuvenate cabinet and air circulation system to clean condition\CRMold and algae treatment service in,,Services,7810,Non Inventory
HT19A,Refrigerant Leak Protection Service System Rejuvenation   \CRPerformance and safety testing              \CR30 day warranty,,Services,661,Non Inventory
HT19B,Basic Refrigerant Leak Protection Service System Renovation   \CRInstall internal leak sealers\CRPerformance enhancement system renovation\CRPerformance,,Services,1322,Non Inventory
HT19C,Main Refrigerant Leak Protection Service System Renovation   \CRInstall internal leak sealers\CRPerformance enhancement system renovation\CRHeat transfer,,Services,1652,Non Inventory
HT19D,Complete Refrigerant Leak Protection Service System Renovation   \CRCalibrate system coolant and install refrigerant treatments \CRInstall internal leak,,Services,1982,Non Inventory
HT19E,Complete Refrigerant Leak Protection Service System Renovation   \CRCalibrate system coolant and install refrigerant treatments \CRInstall internal leak,,Services,2313,Non Inventory
HT1A,Triple Safe Water Protection System Rejuvenation\CRPerformance and safety testing              \CR30 day warranty,,Services,287,Non Inventory
HT1B,Basic Triple Safe Water Protection System Renovation \CRBasic treatment service\CRPerformance and safety testing              \CR6 month warranty,,Services,574,Non Inventory
HT1C,Main Triple Safe Water Protection System Renovation\CRSanitary piping rejuvenation with visual inspection system\CRExtended drain treatment service\CRPer,,Services,718,Non Inventory
HT1D,Complete Triple Safe Water Protection System Renovation\CRSanitary piping renovation with visual inspection system\CRExtended drain treatment service\CRF,,Services,861,Non Inventory
HT1E,Complete Triple Safe Water Protection System Renovation\CRSanitary piping renovation with visual inspection system\CRExtended drain treatment service\CRF,,Services,1005,Non Inventory
HT20A,Refrigerant Leak Protection Service System Rejuvenation   \CRPerformance and safety testing              \CR30 day warranty,,Services,815,Non Inventory
HT20B,Basic Refrigerant Leak Protection Service System Renovation   \CRInstall internal leak sealers\CRPerformance enhancement system renovation\CRPerformance,,Services,1631,Non Inventory
HT20C,Main Refrigerant Leak Protection Service System Renovation   \CRInstall internal leak sealers\CRPerformance enhancement system renovation\CRHeat transfer,,Services,2039,Non Inventory
HT20D,Complete Refrigerant Leak Protection Service System Renovation   \CRCalibrate system coolant and install refrigerant treatments \CRInstall internal leak,,Services,2446,Non Inventory
HT20E,Complete Refrigerant Leak Protection Service System Renovation   \CRCalibrate system coolant and install refrigerant treatments \CRInstall internal leak,,Services,2854,Non Inventory
HT21A,Refrigerant Leak Protection Service System Rejuvenation   \CRPerformance and safety testing              \CR30 day warranty,,Services,944,Non Inventory
HT21B,Basic Refrigerant Leak Protection Service System Renovation   \CRInstall internal leak sealers\CRPerformance enhancement system renovation\CRPerformance,,Services,1888,Non Inventory
HT21C,Main Refrigerant Leak Protection Service System Renovation   \CRInstall internal leak sealers\CRPerformance enhancement system renovation\CRHeat transfer,,Services,2360,Non Inventory
HT21D,Complete Refrigerant Leak Protection Service System Renovation   \CRCalibrate system coolant and install refrigerant treatments \CRInstall internal leak,,Services,2831,Non Inventory
HT21E,Complete Refrigerant Leak Protection Service System Renovation   \CRCalibrate system coolant and install refrigerant treatments \CRInstall internal leak,,Services,3303,Non Inventory
HT22A,Lint Exhaust Removal System Service\CRPerformance and safety testing\CR30 day warranty,,Services,353,Non Inventory
HT22B,Basic Lint Exhaust Removal System Restoration\CRAppliance crevice restoration service\CRVermin deterrent and exhaust point renovation\CRPerformance and s,,Services,476,Non Inventory
HT22C,Main Lint Exhaust Removal System Restoration\CRArea restoration service\CRExhaust pipe service\CRAppliance crevice restoration service\CRAudible detection,,Services,617,Non Inventory
HT22D,Complete Lint Exhaust Removal System Restoration\CRArea restoration service\CRExhaust pipe restoration service\CRAppliance crevice restoration service\CRI,,Services,776,Non Inventory
HT22E,Complete Lint Exhaust Removal System Restoration\CRArea restoration service\CRExhaust pipe restoration service\CRAppliance crevice restoration service\CRI,,Services,917,Non Inventory
HT23A,Lint Exhaust Removal System Service\CRPerformance and safety testing\CR30 day warranty,,Services,547,Non Inventory
HT23B,Basic Lint Exhaust Removal System Restoration\CRAppliance crevice restoration service\CRVermin deterrent and exhaust point renovation\CRPerformance and s,,Services,738,Non Inventory
HT23C,Main Lint Exhaust Removal System Restoration\CRArea restoration service\CRExhaust pipe service\CRAppliance crevice restoration service\CRAudible detection,,Services,956,Non Inventory
HT23D,Complete Lint Exhaust Removal System Restoration\CRArea restoration service\CRExhaust pipe restoration service\CRAppliance crevice restoration service\CRI,,Services,1202,Non Inventory
HT23E,Complete Lint Exhaust Removal System Restoration\CRArea restoration service\CRExhaust pipe restoration service\CRAppliance crevice restoration service\CRI,,Services,1421,Non Inventory
HT24A,Lint Exhaust Removal System Service\CRPerformance and safety testing\CR30 day warranty,,Services,730,Non Inventory
HT24B,Basic Lint Exhaust Removal System Restoration\CRAppliance crevice restoration service\CRVermin deterrent and exhaust point renovation\CRPerformance and s,,Services,986,Non Inventory
HT24C,Main Lint Exhaust Removal System Restoration\CRArea restoration service\CRExhaust pipe service\CRAppliance crevice restoration service\CRAudible detection,,Services,1278,Non Inventory
HT24D,Complete Lint Exhaust Removal System Restoration\CRArea restoration service\CRExhaust pipe restoration service\CRAppliance crevice restoration service\CRI,,Services,1607,Non Inventory
HT24E,Complete Lint Exhaust Removal System Restoration\CRArea restoration service\CRExhaust pipe restoration service\CRAppliance crevice restoration service\CRI,,Services,1899,Non Inventory
HT25A,Lint Exhaust Removal System Service\CRPerformance and safety testing\CR30 day warranty,,Services,925,Non Inventory
HT25B,Basic Lint Exhaust Removal System Restoration\CRAppliance crevice restoration service\CRVermin deterrent and exhaust point renovation\CRPerformance and s,,Services,1249,Non Inventory
HT25C,Main Lint Exhaust Removal System Restoration\CRArea restoration service\CRExhaust pipe service\CRAppliance crevice restoration service\CRAudible detection,,Services,1619,Non Inventory
HT25D,Complete Lint Exhaust Removal System Restoration\CRArea restoration service\CRExhaust pipe restoration service\CRAppliance crevice restoration service\CRI,,Services,2036,Non Inventory
HT25E,Complete Lint Exhaust Removal System Restoration\CRArea restoration service\CRExhaust pipe restoration service\CRAppliance crevice restoration service\CRI,,Services,2406,Non Inventory
HT26A,Lint Exhaust Removal System Service\CRPerformance and safety testing\CR30 day warranty,,Services,1094,Non Inventory
HT26B,Basic Lint Exhaust Removal System Restoration\CRAppliance crevice restoration service\CRVermin deterrent and exhaust point renovation\CRPerformance and s,,Services,1477,Non Inventory
HT26C,Main Lint Exhaust Removal System Restoration\CRArea restoration service\CRExhaust pipe service\CRAppliance crevice restoration service\CRAudible detection,,Services,1915,Non Inventory
HT26D,Complete Lint Exhaust Removal System Restoration\CRArea restoration service\CRExhaust pipe restoration service\CRAppliance crevice restoration service\CRI,,Services,2407,Non Inventory
HT26E,Complete Lint Exhaust Removal System Restoration\CRArea restoration service\CRExhaust pipe restoration service\CRAppliance crevice restoration service\CRI,,Services,2844,Non Inventory
HT2A,Triple Safe Water Protection System Rejuvenation\CRPerformance and safety testing              \CR30 day warranty,,Services,452,Non Inventory
HT2B,Basic Triple Safe Water Protection System Renovation \CRBasic treatment service\CRPerformance and safety testing              \CR6 month warranty,,Services,904,Non Inventory
HT2C,Main Triple Safe Water Protection System Renovation\CRSanitary piping rejuvenation with visual inspection system\CRExtended drain treatment service\CRPer,,Services,1130,Non Inventory
HT2D,Complete Triple Safe Water Protection System Renovation\CRSanitary piping renovation with visual inspection system\CRExtended drain treatment service\CRF,,Services,1357,Non Inventory
HT2E,Complete Triple Safe Water Protection System Renovation\CRSanitary piping renovation with visual inspection system\CRExtended drain treatment service\CRF,,Services,1583,Non Inventory
HT3A,Power Protection System Rejuvenation\CRPerformance and safety testing              \CR30 day warranty,,Services,355,Non Inventory
HT3B,Basic Power Protection System Renovation\CRElectrical safety system service\CRPerformance and safety testing              \CR6 month warranty,,Services,709,Non Inventory
HT3C,Main Power Protection System Renovation\CRVoltage distribution system renovation\CRVoltage Enhancement System renovation \CRElectrical safety system serv,,Services,886,Non Inventory
HT3D,Complete Power Protection System Renovation\CRVoltage distribution system renovation\CRVoltage Enhancement System renovation \CRUpgrade voltage protectio,,Services,1064,Non Inventory
HT3E,Complete Power Protection System Renovation\CRVoltage distribution system renovation\CRVoltage Enhancement System renovation \CRUpgrade voltage protectio,,Services,1241,Non Inventory
HT4A,Power Protection System Rejuvenation\CRPerformance and safety testing              \CR30 day warranty,,Services,490,Non Inventory
HT4B,Basic Power Protection System Renovation\CRElectrical safety system service\CRPerformance and safety testing              \CR6 month warranty,,Services,980,Non Inventory
HT4C,Main Power Protection System Renovation\CRVoltage distribution system renovation\CRVoltage Enhancement System renovation \CRElectrical safety system serv,,Services,1225,Non Inventory
HT4D,Complete Power Protection System Renovation\CRVoltage distribution system renovation\CRVoltage Enhancement System renovation \CRUpgrade voltage protectio,,Services,1470,Non Inventory
HT4E,Complete Power Protection System Renovation\CRVoltage distribution system renovation\CRVoltage Enhancement System renovation \CRUpgrade voltage protectio,,Services,1715,Non Inventory
HT5A,Medical Quality Air Purification System Rejuvenation\CRPerformance and safety testing              \CR30 day warranty,,Services,321,Non Inventory
HT5B,Basic Medical Quality Air Purification System Renovation  \CRStandard sanitization service\CRPerformance and safety testing              \CR6 month warra,,Services,1043,Non Inventory
HT5C,Main Medical Quality Air Purification System Renovation  \CRMicro-radiant odor control chamber\CRLow maintenance filtration system\CRMold/Mildew/Bacteria,,Services,1605,Non Inventory
HT5D,Complete Medical Quality Air Purification System Renovation  \CRUltra violet bacteria prevention system installation\CRMicro-radiant odor control chambe,,Services,2167,Non Inventory
HT5E,Complete Medical Quality Air Purification System Renovation  \CRUltra violet bacteria prevention system installation\CRMicro-radiant odor control chambe,,Services,2488,Non Inventory
HT6A,Medical Quality Air Purification System Rejuvenation\CRPerformance and safety testing              \CR30 day warranty,,Services,561,Non Inventory
HT6B,Basic Medical Quality Air Purification System Renovation  \CRStandard sanitization service\CRPerformance and safety testing              \CR6 month warra,,Services,1822,Non Inventory
HT6C,Main Medical Quality Air Purification System Renovation  \CRMicro-radiant odor control chamber\CRLow maintenance filtration system\CRMold/Mildew/Bacteria,,Services,2803,Non Inventory
HT6D,Complete Medical Quality Air Purification System Renovation  \CRUltra violet bacteria prevention system installation\CRMicro-radiant odor control chambe,,Services,3784,Non Inventory
HT6E,Complete Medical Quality Air Purification System Renovation  \CRUltra violet bacteria prevention system installation\CRMicro-radiant odor control chambe,,Services,4344,Non Inventory
HT7A,Air Distribution System Rejuvenation  \CRPerformance and safety testing              \CR30 day warranty,,Services,899,Non Inventory
HT7B,Basic Air Distribution System Renovation   \CRAir distribution system sanitization service\CRPerformance and safety testing              \CR6 month warra,,Services,1799,Non Inventory
HT7C,Main Air Distribution System Renovation   \CRRejuvenate cabinet and air circulation system to clean condition\CRMold and algae treatment service in wate,,Services,2248,Non Inventory
HT7D,Complete Air Distribution System Renovation   \CRRejuvenate cabinet and air circulation system to clean condition\CRMold and algae treatment service in,,Services,2698,Non Inventory
HT7E,Complete Air Distribution System Renovation   \CRRejuvenate cabinet and air circulation system to clean condition\CRMold and algae treatment service in,,Services,3148,Non Inventory
HT8A,Air Distribution System Rejuvenation  \CRPerformance and safety testing              \CR30 day warranty,,Services,1144,Non Inventory
HT8B,Basic Air Distribution System Renovation   \CRAir distribution system sanitization service\CRPerformance and safety testing              \CR6 month warra,,Services,2287,Non Inventory
HT8C,Main Air Distribution System Renovation   \CRRejuvenate cabinet and air circulation system to clean condition\CRMold and algae treatment service in wate,,Services,2859,Non Inventory
HT8D,Complete Air Distribution System Renovation   \CRRejuvenate cabinet and air circulation system to clean condition\CRMold and algae treatment service in,,Services,3431,Non Inventory
HT8E,Complete Air Distribution System Renovation   \CRRejuvenate cabinet and air circulation system to clean condition\CRMold and algae treatment service in,,Services,4003,Non Inventory
HT9A,Refrigerant Leak Protection Service System Rejuvenation   \CRPerformance and safety testing              \CR30 day warranty,,Services,427,Non Inventory
HT9B,Basic Refrigerant Leak Protection Service System Renovation   \CRInstall internal leak sealers\CRPerformance enhancement system renovation\CRPerformance,,Services,855,Non Inventory
HT9C,Main Refrigerant Leak Protection Service System Renovation   \CRInstall internal leak sealers\CRPerformance enhancement system renovation\CRHeat transfer,,Services,1068,Non Inventory
HT9D,Complete Refrigerant Leak Protection Service System Renovation   \CRCalibrate system coolant and install refrigerant treatments \CRInstall internal leak,,Services,1282,Non Inventory
HT9E,Complete Refrigerant Leak Protection Service System Renovation   \CRCalibrate system coolant and install refrigerant treatments \CRInstall internal leak,,Services,1496,Non Inventory
Humidifier Pad,Not sold separately \CRMonthly price $4.00\CRYearly price $48.00,,Services,48,Inventory
HZ10A,Area Comfort Control Circuit Installation System Rejuvenation\CRPerformance and safety testing              \CR30 day warranty,,Services,4572,Non Inventory
HZ10B,Basic Area Comfort Control Circuit Installation System Renovation\CRAdjust and calibrate airflow distribution system\CRPerformance and safety testing,,Services,6857,Non Inventory
HZ10C,Main Area Comfort Control Circuit Installation System Renovation\CRInstall airflow distribution systems\CRArea comfort control system installation\CRPerf,,Services,9143,Non Inventory
HZ10D,Complete Area Comfort Control Circuit Installation System Renovation\CRInstall airflow distribution systems\CRExtreme comfort control system installatio,,Services,11429,Non Inventory
HZ10E,Complete Area Comfort Control Circuit Installation System Renovation\CRInstall airflow distribution systems\CRExtreme comfort control system installatio,,Services,13715,Non Inventory
HZ1A,Area Comfort Control Circuit System Rejuvenation   \CRBasic Control Circuit Repair Only\CRPerformance and safety testing              \CR30 day warranty,,Services,808,Non Inventory
HZ1B,Basic Area Comfort Control Circuit System Renovation  \CRAdjust and calibrate airflow distribution system\CRPerformance and calibration service\CRElectro,,Services,1090,Non Inventory
HZ1C,Main Area Comfort Control Circuit System Renovation  \CRAdjust and calibrate airflow distribution system\CRPerformance and calibration service\CRElectron,,Services,1413,Non Inventory
HZ1D,Complete Area Comfort Control Circuit System Renovation  \CRAdjust and calibrate airflow distribution system\CRUpgrade equipment surge protection system,,Services,1777,Non Inventory
HZ1E,Complete Area Comfort Control Circuit System Renovation  \CRAdjust and calibrate airflow distribution system\CRUpgrade equipment surge protection system,,Services,2100,Non Inventory
HZ2A,Area Comfort Control Circuit System Rejuvenation   \CRBasic Control Circuit Repair Only\CRPerformance and safety testing              \CR30 day warranty,,Services,1152,Non Inventory
HZ2B,Basic Area Comfort Control Circuit System Renovation  \CRAdjust and calibrate airflow distribution system\CRPerformance and calibration service\CRElectro,,Services,1555,Non Inventory
HZ2C,Main Area Comfort Control Circuit System Renovation  \CRAdjust and calibrate airflow distribution system\CRPerformance and calibration service\CRElectron,,Services,2015,Non Inventory
HZ2D,Complete Area Comfort Control Circuit System Renovation  \CRAdjust and calibrate airflow distribution system\CRUpgrade equipment surge protection system,,Services,2534,Non Inventory
HZ2E,Complete Area Comfort Control Circuit System Renovation  \CRAdjust and calibrate airflow distribution system\CRUpgrade equipment surge protection system,,Services,2994,Non Inventory
HZ3A,Area Comfort Control Circuit System Rejuvenation   \CRBasic Control Circuit Repair Only\CRPerformance and safety testing              \CR30 day warranty,,Services,1548,Non Inventory
HZ3B,Basic Area Comfort Control Circuit System Renovation  \CRAdjust and calibrate airflow distribution system\CRPerformance and calibration service\CRElectro,,Services,2090,Non Inventory
HZ3C,Main Area Comfort Control Circuit System Renovation  \CRAdjust and calibrate airflow distribution system\CRPerformance and calibration service\CRElectron,,Services,2709,Non Inventory
HZ3D,Complete Area Comfort Control Circuit System Renovation  \CRAdjust and calibrate airflow distribution system\CRUpgrade equipment surge protection system,,Services,3406,Non Inventory
HZ3E,Complete Area Comfort Control Circuit System Renovation  \CRAdjust and calibrate airflow distribution system\CRUpgrade equipment surge protection system,,Services,4025,Non Inventory
HZ4A,Area Comfort Control Circuit Installation System Rejuvenation\CRPerformance and safety testing              \CR30 day warranty,,Services,1891,Non Inventory
HZ4B,Basic Area Comfort Control Circuit Installation System Renovation\CRAdjust and calibrate airflow distribution system\CRPerformance and safety testing,,Services,2836,Non Inventory
HZ4C,Main Area Comfort Control Circuit Installation System Renovation\CRInstall airflow distribution systems\CRArea comfort control system installation\CRPerf,,Services,3781,Non Inventory
HZ4D,Complete Area Comfort Control Circuit Installation System Renovation\CRInstall airflow distribution systems\CRExtreme comfort control system installatio,,Services,4727,Non Inventory
HZ4E,Complete Area Comfort Control Circuit Installation System Renovation\CRInstall airflow distribution systems\CRExtreme comfort control system installatio,,Services,5672,Non Inventory
HZ5A,Area Comfort Control Circuit Installation System Rejuvenation\CRPerformance and safety testing              \CR30 day warranty,,Services,2657,Non Inventory
HZ5B,Basic Area Comfort Control Circuit Installation System Renovation\CRAdjust and calibrate airflow distribution system\CRPerformance and safety testing,,Services,3985,Non Inventory
HZ5C,Main Area Comfort Control Circuit Installation System Renovation\CRInstall airflow distribution systems\CRArea comfort control system installation\CRPerf,,Services,5313,Non Inventory
HZ5D,Complete Area Comfort Control Circuit Installation System Renovation\CRInstall airflow distribution systems\CRExtreme comfort control system installatio,,Services,6641,Non Inventory
HZ5E,Complete Area Comfort Control Circuit Installation System Renovation\CRInstall airflow distribution systems\CRExtreme comfort control system installatio,,Services,7970,Non Inventory
HZ6A,Area Comfort Control Circuit Installation System Rejuvenation\CRPerformance and safety testing              \CR30 day warranty,,Services,3422,Non Inventory
HZ6B,Basic Area Comfort Control Circuit Installation System Renovation\CRAdjust and calibrate airflow distribution system\CRPerformance and safety testing,,Services,5134,Non Inventory
HZ6C,Main Area Comfort Control Circuit Installation System Renovation\CRInstall airflow distribution systems\CRArea comfort control system installation\CRPerf,,Services,6845,Non Inventory
HZ6D,Complete Area Comfort Control Circuit Installation System Renovation\CRInstall airflow distribution systems\CRExtreme comfort control system installatio,,Services,8556,Non Inventory
HZ6E,Complete Area Comfort Control Circuit Installation System Renovation\CRInstall airflow distribution systems\CRExtreme comfort control system installatio,,Services,10267,Non Inventory
HZ7A,Area Comfort Control Circuit System Rejuvenation   \CRBasic Control Circuit Repair Only\CRPerformance and safety testing              \CR30 day warranty,,Services,1812,Non Inventory
HZ7B,Basic Area Comfort Control Circuit System Renovation  \CRAdjust and calibrate airflow distribution system\CRPerformance and calibration service\CRElectro,,Services,2446,Non Inventory
HZ7C,Main Area Comfort Control Circuit System Renovation  \CRAdjust and calibrate airflow distribution system\CRPerformance and calibration service\CRElectron,,Services,3171,Non Inventory
HZ7D,Complete Area Comfort Control Circuit System Renovation  \CRAdjust and calibrate airflow distribution system\CRUpgrade equipment surge protection system,,Services,3987,Non Inventory
HZ7E,Complete Area Comfort Control Circuit System Renovation  \CRAdjust and calibrate airflow distribution system\CRUpgrade equipment surge protection system,,Services,4712,Non Inventory
HZ8A,Area Comfort Control Circuit System Rejuvenation   \CRBasic Control Circuit Repair Only\CRPerformance and safety testing              \CR30 day warranty,,Services,2226,Non Inventory
HZ8B,Basic Area Comfort Control Circuit System Renovation  \CRAdjust and calibrate airflow distribution system\CRPerformance and calibration service\CRElectro,,Services,3006,Non Inventory
HZ8C,Main Area Comfort Control Circuit System Renovation  \CRAdjust and calibrate airflow distribution system\CRPerformance and calibration service\CRElectron,,Services,3896,Non Inventory
HZ8D,Complete Area Comfort Control Circuit System Renovation  \CRAdjust and calibrate airflow distribution system\CRUpgrade equipment surge protection system,,Services,4898,Non Inventory
HZ8E,Complete Area Comfort Control Circuit System Renovation  \CRAdjust and calibrate airflow distribution system\CRUpgrade equipment surge protection system,,Services,5789,Non Inventory
HZ9A,Area Comfort Control Circuit Installation System Rejuvenation\CRPerformance and safety testing              \CR30 day warranty,,Services,3997,Non Inventory
HZ9B,Basic Area Comfort Control Circuit Installation System Renovation\CRAdjust and calibrate airflow distribution system\CRPerformance and safety testing,,Services,5995,Non Inventory
HZ9C,Main Area Comfort Control Circuit Installation System Renovation\CRInstall airflow distribution systems\CRArea comfort control system installation\CRPerf,,Services,7994,Non Inventory
HZ9D,Complete Area Comfort Control Circuit Installation System Renovation\CRInstall airflow distribution systems\CRExtreme comfort control system installatio,,Services,9992,Non Inventory
HZ9E,Complete Area Comfort Control Circuit Installation System Renovation\CRInstall airflow distribution systems\CRExtreme comfort control system installatio,,Services,11991,Non Inventory
Law Enforcement Discount,Thank you for your Service,,Services,5,Discount
Media Filter Replacement Pads,Not sold separately\CRMonthly price $7.00\CRYearly price $84.00,,Services,84,Inventory
Military Discount,Thank you for your Service,,Services,5,Discount
Mini-Split,One visit per year\CRMonthly price $10.00\CRYearly price $120.00,,Services,120,Inventory
Navien Flushing,,,Services,165,Inventory
Oil Furnace or Oil Boiler,One visit per year\CRMonthly price $19.00\CRYearly price $168.00,,Services,228,Inventory
Oil Heater,,,Services,256,Inventory
Oil Heating A/C System,Two visits per year\CRMonthly price $30.00\CRYearly price $360.00,,Services,360,Inventory
OIL SERVICE,,,Services,145,Inventory
Oil Water Heater,Not sold separately\CRMonthly price $10.00\CRYearly price $120.00,,Services,120,Inventory
Relay Panel w/ 850 Thermostat,Comfort Controls 24V Relay Panel for XL850 Thermostat,,Services,1080,Inventory
RRSH20APR,Install (1) Motor Protection System.  5 year part and labor warranty.,96428,Services,187,Inventory
Surge Protector 120 Volt,120 volt Equipment Surge Protector,,Services,295,Non Inventory
Surge Protector 240 volt,240 volt Surge Protector,,Services,340,Non Inventory
Tankless water heater flush,,,Services,202,Inventory
True Clean,Honeywell True Clean,,Services,145,Non Inventory
Wet Switch,moisture sensing safety switch,,Services,268,Inventory
1050 Trane Thermostat,Trane Wi-Fi  NEXIA-T XL1050 5H/2C PROG 7 DAY Thermostat,,,1525,Non Inventory
410-A,,,,95,Non Inventory
Air Scrubber,Residential 24V 1A Electric Air Scrubber,,,1200,Inventory
Air Scrubber Replacement Cell,2000 Repair Cell Air Purification System,,,432,Inventory
AprilAire 201,Air Filter,,,96,Non Inventory
AprilAire 501,Air Filter,,,96,Non Inventory
control board,,,,1656.6,Non Inventory
Diagnostic Fee,,,,59,Non Inventory
Elbow,Sheet metal Elbow,,,100,Non Inventory
EZ Trap,3/4 in. Condensate Drain Trap with overflow switch,,,249,Inventory
Fall Special,,,,89,Inventory
Friends and Family,,,,15,Discount
Gas Furnace Service,,,,120,Non Inventory
Heat Pump Service,,,,120,Non Inventory
Honeywell IAQ,"thermostat, installation of thermostat and all wiring.",,,549,Non Inventory
Honeywell Pro 6000,Installation of a Honeywell Pro 6000 thermostat,,,584,Non Inventory
Honeywell Pro 8000,Honeywell Pro 8000 Thermostat,,,667,Non Inventory
Inducer Assembly,,,,1656.6,Non Inventory
Laundry Pro,Laundry Pro  2.0 Cleaner,,,875,Inventory
Leak search,,,,500,Inventory
part,,,,2,Non Inventory
Personal Discount,,,,15,Discount
Preferred Pricing Discount,Discount for having an active maintenance agreement,,,15,Discount
Required Administration Fee,"Required permitting, licensing and administration fees.",,,350,Non Inventory
Return Box,Sheet metal return air box,,,50,Non Inventory
Senior Citizen Discount,Discount,,,5,Discount
Spring AC Special,Spring AC service and check,,,89,Inventory
