book,code,description,category,trade,hours,parts_allowance,list_price,labor_value,active,notes
plumbing,Artesian Discount,Multiple Jobs Discount,Plumbing,plumbing,0,0,10.00,10.00,false,Discount; Discount — not sold hours
plumbing,Commercial Backflow Preventer,Annual Commercial backflow certification test,Plumbing,plumbing,1.5,0,275.00,275.00,true,Non Inventory; hours est. from list @ $185/hr — edit if your typical hrs differ
plumbing,PA1A,PA1A,Drain-Cleaning,plumbing,1.5,0,273.00,273.00,true,Non Inventory; hours est. from list @ $185/hr — edit if your typical hrs differ
plumbing,PA1B,PA1B,Drain-Cleaning,plumbing,1.25,0,237.00,237.00,true,Non Inventory; hours est. from list @ $185/hr — edit if your typical hrs differ
plumbing,PA1C,Sanitary Waste System Renovation · Power clean area main lines · Flush out main fixture lines · Rejuvenate sanitary seals · 1 year warranty,Drain-Cleaning,plumbing,1.25,0,237.00,237.00,true,Non Inventory; hours est. from list @ $185/hr — edit if your typical hrs differ
plumbing,PA1D,Complete Sanitary Waste System Renovation · Power clean area main lines · Flush and purge area fixture lines · Inspection and treatment service · Rejuvena,Drain-Cleaning,plumbing,3.5,0,655.00,655.00,true,Non Inventory; hours est. from list @ $185/hr — edit if your typical hrs differ
plumbing,PA1E,Complete Sanitary Waste System Renovation · Power clean area main lines · Flush and purge area fixture lines · Inspection and treatment service · Rejuvena,Drain-Cleaning,plumbing,5,0,917.00,917.00,true,Non Inventory; hours est. from list @ $185/hr — edit if your typical hrs differ
plumbing,PA2A,Quick Fix · 30 day warranty,Drain-Cleaning,plumbing,2,0,352.00,352.00,true,Non Inventory; hours est. from list @ $185/hr — edit if your typical hrs differ
plumbing,PA2B,Main Waste System Renovations Only · Basic fixture flush · 6 month warranty,Drain-Cleaning,plumbing,2.75,0,528.00,528.00,true,Non Inventory; hours est. from list @ $185/hr — edit if your typical hrs differ
plumbing,PA2C,Sanitary Waste System Renovation · Power clean area main lines · Flush out main fixture lines · Rejuvenate sanitary seals · 1 year warranty,Drain-Cleaning,plumbing,3.75,0,704.00,704.00,true,Non Inventory; hours est. from list @ $185/hr — edit if your typical hrs differ
plumbing,PA2D,Complete Sanitary Waste System Renovation · Power clean area main lines · Flush and purge area fixture lines · Inspection and treatment service · Rejuvena,Drain-Cleaning,plumbing,4.75,0,880.00,880.00,true,Non Inventory; hours est. from list @ $185/hr — edit if your typical hrs differ
plumbing,PA2E,Complete Sanitary Waste System Renovation · Power clean area main lines · Flush and purge area fixture lines · Inspection and treatment service · Rejuvena,Drain-Cleaning,plumbing,6.75,0,1233.00,1233.00,true,Non Inventory; hours est. from list @ $185/hr — edit if your typical hrs differ
plumbing,PA3A,Quick Fix · 30 day warranty,Drain-Cleaning,plumbing,2.5,0,469.00,469.00,true,Non Inventory; hours est. from list @ $185/hr — edit if your typical hrs differ
plumbing,PA3B,Main Waste System Renovations Only · Basic fixture flush · 6 month warranty,Drain-Cleaning,plumbing,3.75,0,703.00,703.00,true,Non Inventory; hours est. from list @ $185/hr — edit if your typical hrs differ
plumbing,PA3C,Sanitary Waste System Renovation · Power clean area main lines · Flush out main fixture lines · Rejuvenate sanitary seals · 1 year warranty,Drain-Cleaning,plumbing,5,0,938.00,938.00,true,Non Inventory; hours est. from list @ $185/hr — edit if your typical hrs differ
plumbing,PA3D,Complete Sanitary Waste System Renovation · Power clean area main lines · Flush and purge area fixture lines · Inspection and treatment service · Rejuvena,Drain-Cleaning,plumbing,6.25,0,1172.00,1172.00,true,Non Inventory; hours est. from list @ $185/hr — edit if your typical hrs differ
plumbing,PA3E,Complete Sanitary Waste System Renovation · Power clean area main lines · Flush and purge area fixture lines · Inspection and treatment service · Rejuvena,Drain-Cleaning,plumbing,8.75,0,1641.00,1641.00,true,Non Inventory; hours est. from list @ $185/hr — edit if your typical hrs differ
plumbing,PA4A,Quick Fix with Cap · 30 day warranty,Drain-Cleaning,plumbing,2.25,0,431.00,431.00,true,Non Inventory; hours est. from list @ $185/hr — edit if your typical hrs differ
plumbing,PA4B,Main System Restoration and Access System Only · 6 month warranty,Drain-Cleaning,plumbing,3.5,0,647.00,647.00,true,Non Inventory; hours est. from list @ $185/hr — edit if your typical hrs differ
plumbing,PA4C,Complete Sanitary Waste Removal System Restoration · Install premium access system · Power clean main lines · Basic root inspection · 1 year warranty,Drain-Cleaning,plumbing,4.75,0,862.00,862.00,true,Non Inventory; hours est. from list @ $185/hr — edit if your typical hrs differ
plumbing,PA4D,Complete Sanitary Waste Removal System Restoration · Install premium access system · Power clean area main lines · Flush and purge fixture lines · System,Drain-Cleaning,plumbing,5.75,0,1078.00,1078.00,true,Non Inventory; hours est. from list @ $185/hr — edit if your typical hrs differ
plumbing,PA4E,Complete Sanitary Waste Removal System Restoration · Install premium access system · Power clean area main lines · Flush and purge fixture lines · System,Drain-Cleaning,plumbing,7,0,1293.00,1293.00,true,Non Inventory; hours est. from list @ $185/hr — edit if your typical hrs differ
plumbing,PA5A,PA5A,Drain-Cleaning,plumbing,3.75,0,685.00,685.00,true,Non Inventory; hours est. from list @ $185/hr — edit if your typical hrs differ
plumbing,PA5B,PA5B,Drain-Cleaning,plumbing,5.25,0,979.00,979.00,true,Non Inventory; hours est. from list @ $185/hr — edit if your typical hrs differ
plumbing,PA5C,Complete Sanitary Waste Removal System Restoration · Install premium access system · Power clean main lines · Basic root inspection · 1 year warranty,Drain-Cleaning,plumbing,6.25,0,1159.00,1159.00,true,Non Inventory; hours est. from list @ $185/hr — edit if your typical hrs differ
plumbing,PA5D,Complete Sanitary Waste Removal System Restoration · Install premium access system · Power clean area main lines · Flush and purge fixture lines · System,Drain-Cleaning,plumbing,7.75,0,1449.00,1449.00,true,Non Inventory; hours est. from list @ $185/hr — edit if your typical hrs differ
plumbing,PA5E,Complete Sanitary Waste Removal System Restoration · Install premium access system · Power clean area main lines · Flush and purge fixture lines · System,Drain-Cleaning,plumbing,9.5,0,1739.00,1739.00,true,Non Inventory; hours est. from list @ $185/hr — edit if your typical hrs differ
plumbing,PA6A,Additional Drain Machine Time,Drain-Cleaning,plumbing,0.75,0,120.00,120.00,true,Non Inventory; hours est. from list @ $185/hr — edit if your typical hrs differ
plumbing,PA6B,Main System Restoration and Access System Only · 6 month warranty,Drain-Cleaning,plumbing,5.75,0,1081.00,1081.00,true,Non Inventory; hours est. from list @ $185/hr — edit if your typical hrs differ
plumbing,PA6C,Complete Sanitary Waste Removal System Restoration · Install premium access system · Power clean main lines · Basic root inspection · 1 year warranty,Drain-Cleaning,plumbing,7.75,0,1442.00,1442.00,true,Non Inventory; hours est. from list @ $185/hr — edit if your typical hrs differ
plumbing,PA6D,Complete Sanitary Waste Removal System Restoration · Install premium access system · Power clean area main lines · Flush and purge fixture lines · System,Drain-Cleaning,plumbing,9.75,0,1802.00,1802.00,true,Non Inventory; hours est. from list @ $185/hr — edit if your typical hrs differ
plumbing,PA6E,Complete Sanitary Waste Removal System Restoration · Install premium access system · Power clean area main lines · Flush and purge fixture lines · System,Drain-Cleaning,plumbing,11.75,0,2162.00,2162.00,true,Non Inventory; hours est. from list @ $185/hr — edit if your typical hrs differ
plumbing,PA7A,Additional Sewer Camera Time,Drain-Cleaning,plumbing,1,0,180.00,180.00,true,Non Inventory; hours est. from list @ $185/hr — edit if your typical hrs differ
plumbing,PA7B,Main System Restorations Only · With basic treatment service · 6 month warranty,Drain-Cleaning,plumbing,2.5,0,483.00,483.00,true,Non Inventory; hours est. from list @ $185/hr — edit if your typical hrs differ
plumbing,PA7C,PA7C,Drain-Cleaning,plumbing,3,0,549.00,549.00,true,Non Inventory; hours est. from list @ $185/hr — edit if your typical hrs differ
plumbing,PA7D,Complete Sanitary Waste System Restoration · Power clean main drainage lines · System inspection service and treatment · Flush and purge entire waste sys,Drain-Cleaning,plumbing,4.25,0,805.00,805.00,true,Non Inventory; hours est. from list @ $185/hr — edit if your typical hrs differ
plumbing,PA7E,Complete Sanitary Waste System Restoration · Power clean main drainage lines · System inspection service and treatment · Flush and purge entire waste sys,Drain-Cleaning,plumbing,5.25,0,966.00,966.00,true,Non Inventory; hours est. from list @ $185/hr — edit if your typical hrs differ
plumbing,PA8A,Quick Fix · 30 day warranty,Drain-Cleaning,plumbing,2.75,0,486.00,486.00,true,Non Inventory; hours est. from list @ $185/hr — edit if your typical hrs differ
plumbing,PA8B,Main System Restorations Only · With basic treatment service · 6 month warranty,Drain-Cleaning,plumbing,4,0,729.00,729.00,true,Non Inventory; hours est. from list @ $185/hr — edit if your typical hrs differ
plumbing,PA8C,Complete Sanitary Waste System Restoration · Power clean main drainage lines · System inspection and treatment service · Locate connections · 1 year warra,Drain-Cleaning,plumbing,5.25,0,972.00,972.00,true,Non Inventory; hours est. from list @ $185/hr — edit if your typical hrs differ
plumbing,PA8D,Complete Sanitary Waste System Restoration · Power clean main drainage lines · System inspection service and treatment · Flush and purge entire waste sys,Drain-Cleaning,plumbing,6.5,0,1214.00,1214.00,true,Non Inventory; hours est. from list @ $185/hr — edit if your typical hrs differ
plumbing,PA8E,Complete Sanitary Waste System Restoration · Power clean main drainage lines · System inspection service and treatment · Flush and purge entire waste sys,Drain-Cleaning,plumbing,8,0,1457.00,1457.00,true,Non Inventory; hours est. from list @ $185/hr — edit if your typical hrs differ
plumbing,PA9A,Quick Fix · 30 day warranty,Drain-Cleaning,plumbing,3.5,0,661.00,661.00,true,Non Inventory; hours est. from list @ $185/hr — edit if your typical hrs differ
plumbing,PA9B,Main System Restorations Only · With basic treatment service · 6 month warranty,Drain-Cleaning,plumbing,5.25,0,991.00,991.00,true,Non Inventory; hours est. from list @ $185/hr — edit if your typical hrs differ
plumbing,PA9C,Complete Sanitary Waste System Restoration · Power clean main drainage lines · System inspection and treatment service · Locate connections · 1 year warra,Drain-Cleaning,plumbing,7.25,0,1322.00,1322.00,true,Non Inventory; hours est. from list @ $185/hr — edit if your typical hrs differ
plumbing,PA9D,Complete Sanitary Waste System Restoration · Power clean main drainage lines · System inspection service and treatment · Flush and purge entire waste sys,Drain-Cleaning,plumbing,9,0,1652.00,1652.00,true,Non Inventory; hours est. from list @ $185/hr — edit if your typical hrs differ
plumbing,PA9E,Complete Sanitary Waste System Restoration · Power clean main drainage lines · System inspection service and treatment · Flush and purge entire waste sys,Drain-Cleaning,plumbing,10.75,0,1982.00,1982.00,true,Non Inventory; hours est. from list @ $185/hr — edit if your typical hrs differ
plumbing,PB1A,Quick Fix · 6 month warranty,Pressure,plumbing,3.25,0,600.00,600.00,true,Non Inventory; hours est. from list @ $185/hr — edit if your typical hrs differ
plumbing,PB1B,PB1B,Pressure,plumbing,3.75,0,714.00,714.00,true,Non Inventory; hours est. from list @ $185/hr — edit if your typical hrs differ
plumbing,PB1C,PB1C,Pressure,plumbing,3.75,0,714.00,714.00,true,Non Inventory; hours est. from list @ $185/hr — edit if your typical hrs differ
plumbing,PB1D,Whole House Pressure Control System Renovation · Flush and purge complete supply system · Visual pressure monitor renovation · Complete safety enclosure,Pressure,plumbing,8,0,1501.00,1501.00,true,Non Inventory; hours est. from list @ $185/hr — edit if your typical hrs differ
plumbing,PB1E,Whole House Pressure Control System Renovation · Flush and purge complete supply system · Visual pressure monitor renovation · Complete safety enclosure,Pressure,plumbing,9.75,0,1801.00,1801.00,true,Non Inventory; hours est. from list @ $185/hr — edit if your typical hrs differ
plumbing,PB2A,Quick Fix · 6 month warranty,Pressure,plumbing,4,0,757.00,757.00,true,Non Inventory; hours est. from list @ $185/hr — edit if your typical hrs differ
plumbing,PB2B,Main Components Only · Single isolation system · 9 month warranty,Pressure,plumbing,6.25,0,1135.00,1135.00,true,Non Inventory; hours est. from list @ $185/hr — edit if your typical hrs differ
plumbing,PB2C,Complete Pressure Control System Renovation · Flush supply system · Piping and fixture inspection service · Component isolation system · 1 year warranty,Pressure,plumbing,8.25,0,1514.00,1514.00,true,Non Inventory; hours est. from list @ $185/hr — edit if your typical hrs differ
plumbing,PB2D,Whole House Pressure Control System Renovation · Flush and purge complete supply system · Visual pressure monitor renovation · Complete safety enclosure,Pressure,plumbing,10.25,0,1892.00,1892.00,true,Non Inventory; hours est. from list @ $185/hr — edit if your typical hrs differ
plumbing,PB2E,Whole House Pressure Control System Renovation · Flush and purge complete supply system · Visual pressure monitor renovation · Complete safety enclosure,Pressure,plumbing,12.25,0,2270.00,2270.00,true,Non Inventory; hours est. from list @ $185/hr — edit if your typical hrs differ
plumbing,PB3A,Quick Fix · 6 month warranty,Pressure,plumbing,5,0,935.00,935.00,true,Non Inventory; hours est. from list @ $185/hr — edit if your typical hrs differ
plumbing,PB3B,Main Components Only · Single isolation system · 9 month warranty,Pressure,plumbing,7.5,0,1403.00,1403.00,true,Non Inventory; hours est. from list @ $185/hr — edit if your typical hrs differ
plumbing,PB3C,Complete Pressure Control System Renovation · Flush supply system · Piping and fixture inspection service · Component isolation system · 1 year warranty,Pressure,plumbing,10,0,1870.00,1870.00,true,Non Inventory; hours est. from list @ $185/hr — edit if your typical hrs differ
plumbing,PB3D,Whole House Pressure Control System Renovation · Flush and purge complete supply system · Visual pressure monitor renovation · Complete safety enclosure,Pressure,plumbing,12.75,0,2338.00,2338.00,true,Non Inventory; hours est. from list @ $185/hr — edit if your typical hrs differ
plumbing,PB3E,Whole House Pressure Control System Renovation · Flush and purge complete supply system · Visual pressure monitor renovation · Complete safety enclosure,Pressure,plumbing,15.25,0,2806.00,2806.00,true,Non Inventory; hours est. from list @ $185/hr — edit if your typical hrs differ
plumbing,PB4A,PB4A,Pressure,plumbing,2.5,0,447.00,447.00,true,Non Inventory; hours est. from list @ $185/hr — edit if your typical hrs differ
plumbing,PB4B,Expansion Safety System Renovation · Single isolation system · Performance and safety testing · 9 month warranty,Pressure,plumbing,3.25,0,606.00,606.00,true,Non Inventory; hours est. from list @ $185/hr — edit if your typical hrs differ
plumbing,PB4C,High Pressure Expansion Safety System Renovation · Isolation control system renovation · Emergency temperature and pressure monitor rejuvenation · Perfor,Pressure,plumbing,4.25,0,808.00,808.00,true,Non Inventory; hours est. from list @ $185/hr — edit if your typical hrs differ
plumbing,PB4D,Complete High Pressure Expansion Safety System Renovation · Isolation control system renovation · Renovate emergency temperature and pressure monitor · V,Pressure,plumbing,5.5,0,1010.00,1010.00,true,Non Inventory; hours est. from list @ $185/hr — edit if your typical hrs differ
plumbing,PB4E,Complete High Pressure Expansion Safety System Renovation · Isolation control system renovation · Renovate emergency temperature and pressure monitor · V,Pressure,plumbing,6.5,0,1211.00,1211.00,true,Non Inventory; hours est. from list @ $185/hr — edit if your typical hrs differ
plumbing,PB5A,Quick Fix · Performance and safety testing · 6 month warranty,Pressure,plumbing,3.25,0,592.00,592.00,true,Non Inventory; hours est. from list @ $185/hr — edit if your typical hrs differ
plumbing,PB5B,Expansion Safety System Renovation · Single isolation system · Performance and safety testing · 9 month warranty,Pressure,plumbing,4.75,0,888.00,888.00,true,Non Inventory; hours est. from list @ $185/hr — edit if your typical hrs differ
plumbing,PB5C,High Pressure Expansion Safety System Renovation · Isolation control system renovation · Emergency temperature and pressure monitor rejuvenation · Perfor,Pressure,plumbing,6.5,0,1184.00,1184.00,true,Non Inventory; hours est. from list @ $185/hr — edit if your typical hrs differ
plumbing,PB5D,Complete High Pressure Expansion Safety System Renovation · Isolation control system renovation · Renovate emergency temperature and pressure monitor · V,Pressure,plumbing,8,0,1480.00,1480.00,true,Non Inventory; hours est. from list @ $185/hr — edit if your typical hrs differ
plumbing,PB5E,Complete High Pressure Expansion Safety System Renovation · Isolation control system renovation · Renovate emergency temperature and pressure monitor · V,Pressure,plumbing,9.5,0,1776.00,1776.00,true,Non Inventory; hours est. from list @ $185/hr — edit if your typical hrs differ
plumbing,PB6A,Quick Fix · Performance and safety testing · 6 month warranty,Pressure,plumbing,4,0,744.00,744.00,true,Non Inventory; hours est. from list @ $185/hr — edit if your typical hrs differ
plumbing,PB6B,Expansion Safety System Renovation · Single isolation system · Performance and safety testing · 9 month warranty,Pressure,plumbing,6,0,1115.00,1115.00,true,Non Inventory; hours est. from list @ $185/hr — edit if your typical hrs differ
plumbing,PB6C,High Pressure Expansion Safety System Renovation · Isolation control system renovation · Emergency temperature and pressure monitor rejuvenation · Perfor,Pressure,plumbing,8,0,1487.00,1487.00,true,Non Inventory; hours est. from list @ $185/hr — edit if your typical hrs differ
plumbing,PB6D,Complete High Pressure Expansion Safety System Renovation · Isolation control system renovation · Renovate emergency temperature and pressure monitor · V,Pressure,plumbing,10,0,1859.00,1859.00,true,Non Inventory; hours est. from list @ $185/hr — edit if your typical hrs differ
plumbing,PB6E,Complete High Pressure Expansion Safety System Renovation · Isolation control system renovation · Renovate emergency temperature and pressure monitor · V,Pressure,plumbing,12,0,2231.00,2231.00,true,Non Inventory; hours est. from list @ $185/hr — edit if your typical hrs differ
plumbing,PC10A,Basic Replacement Only · 6 month warranty,Fixtures,plumbing,5.25,0,963.00,963.00,true,Non Inventory; hours est. from list @ $185/hr — edit if your typical hrs differ
plumbing,PC10B,·,Fixtures,plumbing,4,0,750.00,750.00,true,Non Inventory; hours est. from list @ $185/hr — edit if your typical hrs differ
plumbing,PC10C,Water Saver Single Stage Fixture Renovation · Complete isolation and supply system restoration · Sanitary connection seal rejuvenation · 18 month warrant,Fixtures,plumbing,10.5,0,1927.00,1927.00,true,Non Inventory; hours est. from list @ $185/hr — edit if your typical hrs differ
plumbing,PC10D,Premium Water Saver Fixture Renovation · 2 stage water delivery system · Isolation system rejuvenation · No drip supply system restoration · Complete supp,Fixtures,plumbing,13,0,2409.00,2409.00,true,Non Inventory; hours est. from list @ $185/hr — edit if your typical hrs differ
plumbing,PC10E,Premium Water Saver Fixture Renovation · 2 stage water delivery system · Isolation system rejuvenation · No drip supply system restoration · Complete supp,Fixtures,plumbing,15.5,0,2890.00,2890.00,true,Non Inventory; hours est. from list @ $185/hr — edit if your typical hrs differ
plumbing,PC11A,Basic Replacement Only · 6 month warranty,Fixtures,plumbing,7.25,0,1326.00,1326.00,true,Non Inventory; hours est. from list @ $185/hr — edit if your typical hrs differ
plumbing,PC11B,Standard Fixture Renovation · Main components only · 1 year warranty,Fixtures,plumbing,10.75,0,1988.00,1988.00,true,Non Inventory; hours est. from list @ $185/hr — edit if your typical hrs differ
plumbing,PC11C,Water Saver Single Stage Fixture Renovation · Complete isolation and supply system restoration · Sanitary connection seal rejuvenation · 18 month warrant,Fixtures,plumbing,14.25,0,2651.00,2651.00,true,Non Inventory; hours est. from list @ $185/hr — edit if your typical hrs differ
plumbing,PC11D,Premium Water Saver Fixture Renovation · 2 stage water delivery system · Isolation system rejuvenation · No drip supply system restoration · Complete supp,Fixtures,plumbing,18,0,3314.00,3314.00,true,Non Inventory; hours est. from list @ $185/hr — edit if your typical hrs differ
plumbing,PC11E,Premium Water Saver Fixture Renovation · 2 stage water delivery system · Isolation system rejuvenation · No drip supply system restoration · Complete supp,Fixtures,plumbing,21.5,0,3977.00,3977.00,true,Non Inventory; hours est. from list @ $185/hr — edit if your typical hrs differ
plumbing,PC12A,PC12A,Fixtures,plumbing,3,0,568.00,568.00,true,Non Inventory; hours est. from list @ $185/hr — edit if your typical hrs differ
plumbing,PC12B,Main Component Renovation · 6 month warranty,Fixtures,plumbing,4.25,0,765.00,765.00,true,Non Inventory; hours est. from list @ $185/hr — edit if your typical hrs differ
plumbing,PC12C,Water Delivery System Renovation · Isolation and supply system rejuvenation · 1 year warranty,Fixtures,plumbing,5.5,0,1021.00,1021.00,true,Non Inventory; hours est. from list @ $185/hr — edit if your typical hrs differ
plumbing,PC12D,Complete Water Delivery System Renovation · Component isolation system rejuvenation · Upgrade to no drip supply system · Sanitary connection seal renovat,Fixtures,plumbing,7,0,1276.00,1276.00,true,Non Inventory; hours est. from list @ $185/hr — edit if your typical hrs differ
plumbing,PC12E,Complete Water Delivery System Renovation · Component isolation system rejuvenation · Upgrade to no drip supply system · Sanitary connection seal renovat,Fixtures,plumbing,8.25,0,1531.00,1531.00,true,Non Inventory; hours est. from list @ $185/hr — edit if your typical hrs differ
plumbing,PC13A,Quick Fix · 30 day warranty,Fixtures,plumbing,3.5,0,631.00,631.00,true,Non Inventory; hours est. from list @ $185/hr — edit if your typical hrs differ
plumbing,PC13B,Main Component Renovation · 6 month warranty,Fixtures,plumbing,5,0,946.00,946.00,true,Non Inventory; hours est. from list @ $185/hr — edit if your typical hrs differ
plumbing,PC13C,Water Delivery System Renovation · Isolation and supply system rejuvenation · 1 year warranty,Fixtures,plumbing,6.75,0,1261.00,1261.00,true,Non Inventory; hours est. from list @ $185/hr — edit if your typical hrs differ
plumbing,PC13D,Complete Water Delivery System Renovation · Component isolation system rejuvenation · Upgrade to no drip supply system · Sanitary connection seal renovat,Fixtures,plumbing,8.5,0,1577.00,1577.00,true,Non Inventory; hours est. from list @ $185/hr — edit if your typical hrs differ
plumbing,PC13E,Complete Water Delivery System Renovation · Component isolation system rejuvenation · Upgrade to no drip supply system · Sanitary connection seal renovat,Fixtures,plumbing,10.25,0,1892.00,1892.00,true,Non Inventory; hours est. from list @ $185/hr — edit if your typical hrs differ
plumbing,PC14A,Quick Fix · 30 day warranty,Fixtures,plumbing,4,0,736.00,736.00,true,Non Inventory; hours est. from list @ $185/hr — edit if your typical hrs differ
plumbing,PC14B,Main Component Renovation · 6 month warranty,Fixtures,plumbing,6,0,1104.00,1104.00,true,Non Inventory; hours est. from list @ $185/hr — edit if your typical hrs differ
plumbing,PC14C,Water Delivery System Renovation · Isolation and supply system rejuvenation · 1 year warranty,Fixtures,plumbing,8,0,1472.00,1472.00,true,Non Inventory; hours est. from list @ $185/hr — edit if your typical hrs differ
plumbing,PC14D,Complete Water Delivery System Renovation · Component isolation system rejuvenation · Upgrade to no drip supply system · Sanitary connection seal renovat,Fixtures,plumbing,10,0,1840.00,1840.00,true,Non Inventory; hours est. from list @ $185/hr — edit if your typical hrs differ
plumbing,PC14E,Complete Water Delivery System Renovation · Component isolation system rejuvenation · Upgrade to no drip supply system · Sanitary connection seal renovat,Fixtures,plumbing,12,0,2208.00,2208.00,true,Non Inventory; hours est. from list @ $185/hr — edit if your typical hrs differ
plumbing,PC15A,Quick Fix · 30 day warranty,Fixtures,plumbing,4.75,0,882.00,882.00,true,Non Inventory; hours est. from list @ $185/hr — edit if your typical hrs differ
plumbing,PC15B,Main Component Renovation · 6 month warranty,Fixtures,plumbing,7.25,0,1324.00,1324.00,true,Non Inventory; hours est. from list @ $185/hr — edit if your typical hrs differ
plumbing,PC15C,Water Delivery System Renovation · Isolation and supply system rejuvenation · 1 year warranty,Fixtures,plumbing,9.5,0,1765.00,1765.00,true,Non Inventory; hours est. from list @ $185/hr — edit if your typical hrs differ
plumbing,PC15D,Complete Water Delivery System Renovation · Component isolation system rejuvenation · Upgrade to no drip supply system · Sanitary connection seal renovat,Fixtures,plumbing,12,0,2206.00,2206.00,true,Non Inventory; hours est. from list @ $185/hr — edit if your typical hrs differ
plumbing,PC15E,Complete Water Delivery System Renovation · Component isolation system rejuvenation · Upgrade to no drip supply system · Sanitary connection seal renovat,Fixtures,plumbing,14.25,0,2647.00,2647.00,true,Non Inventory; hours est. from list @ $185/hr — edit if your typical hrs differ
plumbing,PC16A,Basic Replacement Only · 6 month warranty,Fixtures,plumbing,9.5,0,1748.00,1748.00,true,Non Inventory; hours est. from list @ $185/hr — edit if your typical hrs differ
plumbing,PC16B,Standard Fixture Renovation · Main components only · 1 year warranty,Fixtures,plumbing,14.25,0,2622.00,2622.00,true,Non Inventory; hours est. from list @ $185/hr — edit if your typical hrs differ
plumbing,PC16C,Supreme Water Saver Fixture Renovation · Complete isolation and supply system restoration · Sanitary connection seal rejuvenation · 18 month warranty,Fixtures,plumbing,19,0,3496.00,3496.00,true,Non Inventory; hours est. from list @ $185/hr — edit if your typical hrs differ
plumbing,PC16D,Premium Water Saver Fixture Renovation · 2 stage water delivery system · Isolation system rejuvenation · No drip supply system restoration · Complete supp,Fixtures,plumbing,23.75,0,4371.00,4371.00,true,Non Inventory; hours est. from list @ $185/hr — edit if your typical hrs differ
plumbing,PC16E,Premium Water Saver Fixture Renovation · Extreme pressure delivery system · Isolation system rejuvenation · No drip supply system restoration · Complete s,Fixtures,plumbing,28.25,0,5245.00,5245.00,true,Non Inventory; hours est. from list @ $185/hr — edit if your typical hrs differ
plumbing,PC17A,Basic Replacement Only · 6 month warranty,Fixtures,plumbing,11.5,0,2110.00,2110.00,true,Non Inventory; hours est. from list @ $185/hr — edit if your typical hrs differ
plumbing,PC17B,Standard Fixture Renovation · Main components only · 1 year warranty,Fixtures,plumbing,17,0,3166.00,3166.00,true,Non Inventory; hours est. from list @ $185/hr — edit if your typical hrs differ
plumbing,PC17C,Supreme Water Saver Fixture Renovation · Complete isolation and supply system restoration · Sanitary connection seal rejuvenation · 18 month warranty,Fixtures,plumbing,22.75,0,4221.00,4221.00,true,Non Inventory; hours est. from list @ $185/hr — edit if your typical hrs differ
plumbing,PC17D,Premium Water Saver Fixture Renovation · 2 stage water delivery system · Isolation system rejuvenation · No drip supply system restoration · Complete supp,Fixtures,plumbing,28.5,0,5276.00,5276.00,true,Non Inventory; hours est. from list @ $185/hr — edit if your typical hrs differ
plumbing,PC17E,Premium Water Saver Fixture Renovation · Extreme pressure delivery system · Isolation system rejuvenation · No drip supply system restoration · Complete s,Fixtures,plumbing,34.25,0,6331.00,6331.00,true,Non Inventory; hours est. from list @ $185/hr — edit if your typical hrs differ
plumbing,PC18A,Basic Replacement Only · 6 month warranty,Fixtures,plumbing,13.25,0,2473.00,2473.00,true,Non Inventory; hours est. from list @ $185/hr — edit if your typical hrs differ
plumbing,PC18B,Standard Fixture Renovation · Main components only · 1 year warranty,Fixtures,plumbing,20,0,3709.00,3709.00,true,Non Inventory; hours est. from list @ $185/hr — edit if your typical hrs differ
plumbing,PC18C,Supreme Water Saver Fixture Renovation · Complete isolation and supply system restoration · Sanitary connection seal rejuvenation · 18 month warranty,Fixtures,plumbing,26.75,0,4945.00,4945.00,true,Non Inventory; hours est. from list @ $185/hr — edit if your typical hrs differ
plumbing,PC18D,Premium Water Saver Fixture Renovation · 2 stage water delivery system · Isolation system rejuvenation · No drip supply system restoration · Complete supp,Fixtures,plumbing,33.5,0,6182.00,6182.00,true,Non Inventory; hours est. from list @ $185/hr — edit if your typical hrs differ
plumbing,PC18E,Premium Water Saver Fixture Renovation · Extreme pressure delivery system · Isolation system rejuvenation · No drip supply system restoration · Complete s,Fixtures,plumbing,40,0,7418.00,7418.00,true,Non Inventory; hours est. from list @ $185/hr — edit if your typical hrs differ
plumbing,PC19A,Basic Replacement Only · 6 month warranty,Fixtures,plumbing,14,0,2593.00,2593.00,true,Non Inventory; hours est. from list @ $185/hr — edit if your typical hrs differ
plumbing,PC19B,Standard Fixture Renovation · Main components only · 1 year warranty,Fixtures,plumbing,21,0,3890.00,3890.00,true,Non Inventory; hours est. from list @ $185/hr — edit if your typical hrs differ
plumbing,PC19C,Supreme Water Saver Fixture Renovation · Complete isolation and supply system restoration · Sanitary connection seal rejuvenation · 18 month warranty,Fixtures,plumbing,28,0,5186.00,5186.00,true,Non Inventory; hours est. from list @ $185/hr — edit if your typical hrs differ
plumbing,PC19D,Premium Water Saver Fixture Renovation · 2 stage water delivery system · Isolation system rejuvenation · No drip supply system restoration · Complete supp,Fixtures,plumbing,35,0,6483.00,6483.00,true,Non Inventory; hours est. from list @ $185/hr — edit if your typical hrs differ
plumbing,PC19E,Premium Water Saver Fixture Renovation · Isolation system rejuvenation · No drip supply system restoration · Complete support system rejuvenation · Sanita,Fixtures,plumbing,42,0,7779.00,7779.00,true,Non Inventory; hours est. from list @ $185/hr — edit if your typical hrs differ
plumbing,PC1A,PC1A,Fixtures,plumbing,1.75,0,308.00,308.00,true,Non Inventory; hours est. from list @ $185/hr — edit if your typical hrs differ
plumbing,PC1B,Main Component Renovation · 6 month warranty,Fixtures,plumbing,2,0,348.00,348.00,true,Non Inventory; hours est. from list @ $185/hr — edit if your typical hrs differ
plumbing,PC1C,Water Delivery System Renovation · Isolation and supply system rejuvenation · 1 year warranty,Fixtures,plumbing,2.5,0,464.00,464.00,true,Non Inventory; hours est. from list @ $185/hr — edit if your typical hrs differ
plumbing,PC1D,Complete Water Delivery System Renovation · Component isolation system rejuvenation · Upgrade to no drip supply system · Sanitary connection seal renovat,Fixtures,plumbing,3.25,0,580.00,580.00,true,Non Inventory; hours est. from list @ $185/hr — edit if your typical hrs differ
plumbing,PC1E,Complete Water Delivery System Renovation · Component isolation system rejuvenation · Upgrade to no drip supply system · Sanitary connection seal renovat,Fixtures,plumbing,4.5,0,813.00,813.00,true,Non Inventory; hours est. from list @ $185/hr — edit if your typical hrs differ
plumbing,PC20A,Basic Replacement Only · 6 month warranty,Fixtures,plumbing,17,0,3137.00,3137.00,true,Non Inventory; hours est. from list @ $185/hr — edit if your typical hrs differ
plumbing,PC20B,Standard Fixture Renovation · Main components only · 1 year warranty,Fixtures,plumbing,25.5,0,4705.00,4705.00,true,Non Inventory; hours est. from list @ $185/hr — edit if your typical hrs differ
plumbing,PC20C,Supreme Water Saver Fixture Renovation · Complete isolation and supply system restoration · Sanitary connection seal rejuvenation · 18 month warranty,Fixtures,plumbing,34,0,6273.00,6273.00,true,Non Inventory; hours est. from list @ $185/hr — edit if your typical hrs differ
plumbing,PC20D,Premium Water Saver Fixture Renovation · 2 stage water delivery system · Isolation system rejuvenation · No drip supply system restoration · Complete supp,Fixtures,plumbing,42.5,0,7841.00,7841.00,true,Non Inventory; hours est. from list @ $185/hr — edit if your typical hrs differ
plumbing,PC20E,Premium Water Saver Fixture Renovation · Isolation system rejuvenation · No drip supply system restoration · Complete support system rejuvenation · Sanita,Fixtures,plumbing,50.75,0,9410.00,9410.00,true,Non Inventory; hours est. from list @ $185/hr — edit if your typical hrs differ
plumbing,PC2A,Quick Fix · 30 day warranty,Fixtures,plumbing,2,0,349.00,349.00,true,Non Inventory; hours est. from list @ $185/hr — edit if your typical hrs differ
plumbing,PC2B,Main Component Renovation · 6 month warranty,Fixtures,plumbing,2.75,0,523.00,523.00,true,Non Inventory; hours est. from list @ $185/hr — edit if your typical hrs differ
plumbing,PC2C,Water Delivery System Renovation · Isolation and supply system rejuvenation · 1 year warranty,Fixtures,plumbing,3.75,0,698.00,698.00,true,Non Inventory; hours est. from list @ $185/hr — edit if your typical hrs differ
plumbing,PC2D,Complete Water Delivery System Renovation · Component isolation system rejuvenation · Upgrade to no drip supply system · Sanitary connection seal renovat,Fixtures,plumbing,4.75,0,872.00,872.00,true,Non Inventory; hours est. from list @ $185/hr — edit if your typical hrs differ
plumbing,PC2E,Complete Water Delivery System Renovation · Component isolation system rejuvenation · Upgrade to no drip supply system · Sanitary connection seal renovat,Fixtures,plumbing,5.75,0,1046.00,1046.00,true,Non Inventory; hours est. from list @ $185/hr — edit if your typical hrs differ
plumbing,PC9A,Basic Replacement Only · 6 month warranty,Fixtures,plumbing,3.25,0,620.00,620.00,true,Non Inventory; hours est. from list @ $185/hr — edit if your typical hrs differ
plumbing,PC9B,PC9B,Fixtures,plumbing,2,0,350.00,350.00,true,Non Inventory; hours est. from list @ $185/hr — edit if your typical hrs differ
plumbing,PC9C,Water Saver Single Stage Fixture Renovation · Complete isolation and supply system restoration · Sanitary connection seal rejuvenation · 18 month warrant,Fixtures,plumbing,6.75,0,1239.00,1239.00,true,Non Inventory; hours est. from list @ $185/hr — edit if your typical hrs differ
plumbing,PC9D,Premium Water Saver Fixture Renovation · 2 stage water delivery system · Isolation system rejuvenation · No drip supply system restoration · Complete supp,Fixtures,plumbing,8.25,0,1549.00,1549.00,true,Non Inventory; hours est. from list @ $185/hr — edit if your typical hrs differ
plumbing,PC9E,Premium Water Saver Fixture Renovation · 2 stage water delivery system · Isolation system rejuvenation · No drip supply system restoration · Complete supp,Fixtures,plumbing,10,0,1859.00,1859.00,true,Non Inventory; hours est. from list @ $185/hr — edit if your typical hrs differ
plumbing,PD11A,Economy Water Removal System · Basic replacement only · 6 month warranty,Water Removal / Circulation,plumbing,7.75,0,1445.00,1445.00,true,Non Inventory; hours est. from list @ $185/hr — edit if your typical hrs differ
plumbing,PD11B,"Economy Water Removal System · Performance, safety and service calibrations · 9 month warranty",Water Removal / Circulation,plumbing,11.75,0,2167.00,2167.00,true,Non Inventory; hours est. from list @ $185/hr — edit if your typical hrs differ
plumbing,PD11C,"Premium Water Removal System · Performance, safety and service calibrations · Dual water sensing system · 1 year warranty",Water Removal / Circulation,plumbing,15.5,0,2890.00,2890.00,true,Non Inventory; hours est. from list @ $185/hr — edit if your typical hrs differ
plumbing,PD11D,Ultra Elite Water Removal System · Premium electronic water sensing system · Peace-of-mind back-up pump system · High performance battery solution · Water,Water Removal / Circulation,plumbing,19.5,0,3612.00,3612.00,true,Non Inventory; hours est. from list @ $185/hr — edit if your typical hrs differ
plumbing,PD11E,Ultra Elite Water Removal System · Premium electronic water sensing system · Peace-of-mind back-up pump system · High performance battery solution · Water,Water Removal / Circulation,plumbing,23.5,0,4335.00,4335.00,true,Non Inventory; hours est. from list @ $185/hr — edit if your typical hrs differ
plumbing,PD12A,Economy Water Removal System · Basic replacement only · 6 month warranty,Water Removal / Circulation,plumbing,10,0,1859.00,1859.00,true,Non Inventory; hours est. from list @ $185/hr — edit if your typical hrs differ
plumbing,PD12B,"Economy Water Removal System · Performance, safety and service calibrations · 9 month warranty",Water Removal / Circulation,plumbing,15,0,2788.00,2788.00,true,Non Inventory; hours est. from list @ $185/hr — edit if your typical hrs differ
plumbing,PD12C,"Premium Water Removal System · Performance, safety and service calibrations · Dual water sensing system · 1 year warranty",Water Removal / Circulation,plumbing,20,0,3717.00,3717.00,true,Non Inventory; hours est. from list @ $185/hr — edit if your typical hrs differ
plumbing,PD12D,Ultra Elite Water Removal System · Premium electronic water sensing system · Peace-of-mind back-up pump system · High performance battery solution · Water,Water Removal / Circulation,plumbing,25,0,4647.00,4647.00,true,Non Inventory; hours est. from list @ $185/hr — edit if your typical hrs differ
plumbing,PD12E,Ultra Elite Water Removal System · Premium electronic water sensing system · Peace-of-mind back-up pump system · High performance battery solution · Water,Water Removal / Circulation,plumbing,30.25,0,5576.00,5576.00,true,Non Inventory; hours est. from list @ $185/hr — edit if your typical hrs differ
plumbing,PD13A,Quick Fix - Prime and Test · 90 day warranty,Water Removal / Circulation,plumbing,2,0,371.00,371.00,true,Non Inventory; hours est. from list @ $185/hr — edit if your typical hrs differ
plumbing,PD13B,Main Water Circulation Components Only · Restoration and safety service · 6 month warranty,Water Removal / Circulation,plumbing,3,0,557.00,557.00,true,Non Inventory; hours est. from list @ $185/hr — edit if your typical hrs differ
plumbing,PD13C,Hot Water Circulation System Renovation · Tank contamination service · Rejuvenate electrical control system · High pressure expansion safety system renov,Water Removal / Circulation,plumbing,4,0,742.00,742.00,true,Non Inventory; hours est. from list @ $185/hr — edit if your typical hrs differ
plumbing,PD13D,Complete Hot Water Circulation System Rejuvenation · High pressure expansion safety system renovation · Electrical termination service · Tank contaminati,Water Removal / Circulation,plumbing,5,0,928.00,928.00,true,Non Inventory; hours est. from list @ $185/hr — edit if your typical hrs differ
plumbing,PD13E,Complete Hot Water Circulation System Rejuvenation · High pressure expansion safety system renovation · Electrical termination service · Tank contaminati,Water Removal / Circulation,plumbing,6,0,1113.00,1113.00,true,Non Inventory; hours est. from list @ $185/hr — edit if your typical hrs differ
plumbing,PD14A,Quick Fix - Prime and Test · 90 day warranty,Water Removal / Circulation,plumbing,2.75,0,520.00,520.00,true,Non Inventory; hours est. from list @ $185/hr — edit if your typical hrs differ
plumbing,PD14B,Main Water Circulation Components Only · Restoration and safety service · 6 month warranty,Water Removal / Circulation,plumbing,4.25,0,780.00,780.00,true,Non Inventory; hours est. from list @ $185/hr — edit if your typical hrs differ
plumbing,PD14C,Hot Water Circulation System Renovation · Tank contamination service · Rejuvenate electrical control system · High pressure expansion safety system renov,Water Removal / Circulation,plumbing,5.5,0,1039.00,1039.00,true,Non Inventory; hours est. from list @ $185/hr — edit if your typical hrs differ
plumbing,PD14D,Complete Hot Water Circulation System Rejuvenation · High pressure expansion safety system renovation · Electrical termination service · Tank contaminati,Water Removal / Circulation,plumbing,7,0,1299.00,1299.00,true,Non Inventory; hours est. from list @ $185/hr — edit if your typical hrs differ
plumbing,PD14E,Complete Hot Water Circulation System Rejuvenation · High pressure expansion safety system renovation · Electrical termination service · Tank contaminati,Water Removal / Circulation,plumbing,8.5,0,1559.00,1559.00,true,Non Inventory; hours est. from list @ $185/hr — edit if your typical hrs differ
plumbing,PD15A,Quick Fix - Prime and Test · 90 day warranty,Water Removal / Circulation,plumbing,4,0,721.00,721.00,true,Non Inventory; hours est. from list @ $185/hr — edit if your typical hrs differ
plumbing,PD15B,Main Water Circulation Components Only · Restoration and safety service · 6 month warranty,Water Removal / Circulation,plumbing,5.75,0,1081.00,1081.00,true,Non Inventory; hours est. from list @ $185/hr — edit if your typical hrs differ
plumbing,PD15C,Hot Water Circulation System Renovation · Tank contamination service · Rejuvenate electrical control system · High pressure expansion safety system renov,Water Removal / Circulation,plumbing,7.75,0,1442.00,1442.00,true,Non Inventory; hours est. from list @ $185/hr — edit if your typical hrs differ
plumbing,PD15D,Complete Hot Water Circulation System Rejuvenation · High pressure expansion safety system renovation · Electrical termination service · Tank contaminati,Water Removal / Circulation,plumbing,9.75,0,1802.00,1802.00,true,Non Inventory; hours est. from list @ $185/hr — edit if your typical hrs differ
plumbing,PD15E,Complete Hot Water Circulation System Rejuvenation · High pressure expansion safety system renovation · Electrical termination service · Tank contaminati,Water Removal / Circulation,plumbing,11.75,0,2162.00,2162.00,true,Non Inventory; hours est. from list @ $185/hr — edit if your typical hrs differ
plumbing,PD16A,Basic Circulation System Only · 90 day warranty,Water Removal / Circulation,plumbing,8.25,0,1528.00,1528.00,true,Non Inventory; hours est. from list @ $185/hr — edit if your typical hrs differ
plumbing,PD16B,Main Water Circulation System Only · Performance and treatment service · 6 month warranty,Water Removal / Circulation,plumbing,12.5,0,2291.00,2291.00,true,Non Inventory; hours est. from list @ $185/hr — edit if your typical hrs differ
plumbing,PD16C,Hot Water Circulation System Renovation · Isolation control system renovation · Performance safety and service calibrations · High pressure expansion saf,Water Removal / Circulation,plumbing,16.5,0,3055.00,3055.00,true,Non Inventory; hours est. from list @ $185/hr — edit if your typical hrs differ
plumbing,PD16D,Premium Hot Water Circulation System Installation · Automatic schedule control system · High pressure expansion safety system renovation · Tank contamina,Water Removal / Circulation,plumbing,20.75,0,3819.00,3819.00,true,Non Inventory; hours est. from list @ $185/hr — edit if your typical hrs differ
plumbing,PD16E,Premium Hot Water Circulation System Installation · Automatic schedule control system · High pressure expansion safety system renovation · Tank contamina,Water Removal / Circulation,plumbing,24.75,0,4583.00,4583.00,true,Non Inventory; hours est. from list @ $185/hr — edit if your typical hrs differ
plumbing,PD17A,Basic Circulation System Only · 90 day warranty,Water Removal / Circulation,plumbing,12,0,2210.00,2210.00,true,Non Inventory; hours est. from list @ $185/hr — edit if your typical hrs differ
plumbing,PD17B,Main Water Circulation System Only · Performance and treatment service · 6 month warranty,Water Removal / Circulation,plumbing,18,0,3315.00,3315.00,true,Non Inventory; hours est. from list @ $185/hr — edit if your typical hrs differ
plumbing,PD17C,Hot Water Circulation System Renovation · Isolation control system renovation · Performance safety and service calibrations · High pressure expansion saf,Water Removal / Circulation,plumbing,24,0,4421.00,4421.00,true,Non Inventory; hours est. from list @ $185/hr — edit if your typical hrs differ
plumbing,PD17D,Premium Hot Water Circulation System Installation · Automatic schedule control system · High pressure expansion safety system renovation · Tank contamina,Water Removal / Circulation,plumbing,29.75,0,5526.00,5526.00,true,Non Inventory; hours est. from list @ $185/hr — edit if your typical hrs differ
plumbing,PD17E,Premium Hot Water Circulation System Installation · Automatic schedule control system · High pressure expansion safety system renovation · Tank contamina,Water Removal / Circulation,plumbing,35.75,0,6631.00,6631.00,true,Non Inventory; hours est. from list @ $185/hr — edit if your typical hrs differ
plumbing,PD18A,Basic Circulation System Only · 90 day warranty,Water Removal / Circulation,plumbing,16,0,2968.00,2968.00,true,Non Inventory; hours est. from list @ $185/hr — edit if your typical hrs differ
plumbing,PD18B,Main Water Circulation System Only · Performance and treatment service · 6 month warranty,Water Removal / Circulation,plumbing,24,0,4452.00,4452.00,true,Non Inventory; hours est. from list @ $185/hr — edit if your typical hrs differ
plumbing,PD18C,Hot Water Circulation System Renovation · Isolation control system renovation · Performance safety and service calibrations · High pressure expansion saf,Water Removal / Circulation,plumbing,32,0,5936.00,5936.00,true,Non Inventory; hours est. from list @ $185/hr — edit if your typical hrs differ
plumbing,PD18D,Premium Hot Water Circulation System Installation · Automatic schedule control system · High pressure expansion safety system renovation · Tank contamina,Water Removal / Circulation,plumbing,40,0,7419.00,7419.00,true,Non Inventory; hours est. from list @ $185/hr — edit if your typical hrs differ
plumbing,PD18E,Premium Hot Water Circulation System Installation · Automatic schedule control system · High pressure expansion safety system renovation · Tank contamina,Water Removal / Circulation,plumbing,48,0,8903.00,8903.00,true,Non Inventory; hours est. from list @ $185/hr — edit if your typical hrs differ
plumbing,PD1A,Quick Fix - Economy Pump · Basic replacement · 30 day warranty,Water Removal / Circulation,plumbing,6.25,0,1166.00,1166.00,true,Non Inventory; hours est. from list @ $185/hr — edit if your typical hrs differ
plumbing,PD1B,Main Components Only · 6 month warranty,Water Removal / Circulation,plumbing,9.5,0,1749.00,1749.00,true,Non Inventory; hours est. from list @ $185/hr — edit if your typical hrs differ
plumbing,PD1C,Pressurized Waste Removal System Renovation · Full system drain treatment service · Premium backflow prevention system · 1 year warranty,Water Removal / Circulation,plumbing,12.5,0,2332.00,2332.00,true,Non Inventory; hours est. from list @ $185/hr — edit if your typical hrs differ
plumbing,PD1D,Premium Pressurized Waste Removal System Renovation · Full drain system flush and treatment service · Audible alarm renovation · Premium backflow prevent,Water Removal / Circulation,plumbing,15.75,0,2915.00,2915.00,true,Non Inventory; hours est. from list @ $185/hr — edit if your typical hrs differ
plumbing,PD1E,Premium Pressurized Waste Removal System Renovation · Full drain system flush and treatment service · Audible alarm renovation · Premium backflow prevent,Water Removal / Circulation,plumbing,19,0,3498.00,3498.00,true,Non Inventory; hours est. from list @ $185/hr — edit if your typical hrs differ
plumbing,PD2A,Quick Fix - Economy Pump · Basic replacement · 30 day warranty,Water Removal / Circulation,plumbing,7.75,0,1411.00,1411.00,true,Non Inventory; hours est. from list @ $185/hr — edit if your typical hrs differ
plumbing,PD2B,Main Components Only · 6 month warranty,Water Removal / Circulation,plumbing,11.5,0,2116.00,2116.00,true,Non Inventory; hours est. from list @ $185/hr — edit if your typical hrs differ
plumbing,PD2C,Pressurized Waste Removal System Renovation · Full system drain treatment service · Premium backflow prevention system · 1 year warranty,Water Removal / Circulation,plumbing,15.25,0,2821.00,2821.00,true,Non Inventory; hours est. from list @ $185/hr — edit if your typical hrs differ
plumbing,PD2D,Premium Pressurized Waste Removal System Renovation · Full drain system flush and treatment service · Audible alarm renovation · Premium backflow prevent,Water Removal / Circulation,plumbing,19,0,3526.00,3526.00,true,Non Inventory; hours est. from list @ $185/hr — edit if your typical hrs differ
plumbing,PD2E,Premium Pressurized Waste Removal System Renovation · Full drain system flush and treatment service · Audible alarm renovation · Premium backflow prevent,Water Removal / Circulation,plumbing,23,0,4232.00,4232.00,true,Non Inventory; hours est. from list @ $185/hr — edit if your typical hrs differ
plumbing,PD3A,Quick Fix - Economy Pump · Basic replacement · 30 day warranty,Water Removal / Circulation,plumbing,4,0,743.00,743.00,true,Non Inventory; hours est. from list @ $185/hr — edit if your typical hrs differ
plumbing,PD3B,PD3B,Water Removal / Circulation,plumbing,4.25,0,765.00,765.00,true,Non Inventory; hours est. from list @ $185/hr — edit if your typical hrs differ
plumbing,PD3C,Pressurized Water Removal System Renovation · Full system containment treatment service · Premium backflow prevention system · 1 year warranty,Water Removal / Circulation,plumbing,8,0,1486.00,1486.00,true,Non Inventory; hours est. from list @ $185/hr — edit if your typical hrs differ
plumbing,PD3D,Premium Pressurized Water Removal System Renovation · Full containment system flush and treatment service · Audible alarm renovation · Premium backflow p,Water Removal / Circulation,plumbing,10,0,1858.00,1858.00,true,Non Inventory; hours est. from list @ $185/hr — edit if your typical hrs differ
plumbing,PD3E,Premium Pressurized Water Removal System Renovation · Full containment system flush and treatment service · Audible alarm renovation · Premium backflow p,Water Removal / Circulation,plumbing,12,0,2230.00,2230.00,true,Non Inventory; hours est. from list @ $185/hr — edit if your typical hrs differ
plumbing,PD4A,Quick Fix - Economy Pump · Basic replacement · 30 day warranty,Water Removal / Circulation,plumbing,5.5,0,1037.00,1037.00,true,Non Inventory; hours est. from list @ $185/hr — edit if your typical hrs differ
plumbing,PD4B,Main Components Only · 6 month warranty,Water Removal / Circulation,plumbing,8.5,0,1556.00,1556.00,true,Non Inventory; hours est. from list @ $185/hr — edit if your typical hrs differ
plumbing,PD4C,Pressurized Water Removal System Renovation · Full system containment treatment service · Premium backflow prevention system · 1 year warranty,Water Removal / Circulation,plumbing,11.25,0,2074.00,2074.00,true,Non Inventory; hours est. from list @ $185/hr — edit if your typical hrs differ
plumbing,PD4D,Premium Pressurized Water Removal System Renovation · Full containment system flush and treatment service · Audible alarm renovation · Premium backflow p,Water Removal / Circulation,plumbing,14,0,2593.00,2593.00,true,Non Inventory; hours est. from list @ $185/hr — edit if your typical hrs differ
plumbing,PD4E,Premium Pressurized Water Removal System Renovation · Full containment system flush and treatment service · Audible alarm renovation · Premium backflow p,Water Removal / Circulation,plumbing,16.75,0,3111.00,3111.00,true,Non Inventory; hours est. from list @ $185/hr — edit if your typical hrs differ
plumbing,PD5A,Quick Fix · Basic replacement · 30 day warranty,Water Removal / Circulation,plumbing,2.5,0,469.00,469.00,true,Non Inventory; hours est. from list @ $185/hr — edit if your typical hrs differ
plumbing,PD5B,Main Economy Pumping System Only · Performance and safety service · 6 month warranty,Water Removal / Circulation,plumbing,3.75,0,703.00,703.00,true,Non Inventory; hours est. from list @ $185/hr — edit if your typical hrs differ
plumbing,PD5C,Water Removal System Renovation · Install vibration reduction system · Full system containment treatment service · Premium backflow prevention system · 1,Water Removal / Circulation,plumbing,5,0,938.00,938.00,true,Non Inventory; hours est. from list @ $185/hr — edit if your typical hrs differ
plumbing,PD5D,Premium Water Removal System Renovation · Install vibration reduction system · Full containment system flush and treatment service · Audible alarm renova,Water Removal / Circulation,plumbing,6.25,0,1172.00,1172.00,true,Non Inventory; hours est. from list @ $185/hr — edit if your typical hrs differ
plumbing,PD5E,Premium Water Removal System Renovation · Install vibration reduction system · Full containment system flush and treatment service · Audible alarm renova,Water Removal / Circulation,plumbing,7.5,0,1406.00,1406.00,true,Non Inventory; hours est. from list @ $185/hr — edit if your typical hrs differ
plumbing,PD6A,Quick Fix · Basic replacement · 30 day warranty,Water Removal / Circulation,plumbing,3.75,0,676.00,676.00,true,Non Inventory; hours est. from list @ $185/hr — edit if your typical hrs differ
plumbing,PD6B,Main Economy Pumping System Only · Performance and safety service · 6 month warranty,Water Removal / Circulation,plumbing,5.5,0,1013.00,1013.00,true,Non Inventory; hours est. from list @ $185/hr — edit if your typical hrs differ
plumbing,PD6C,Water Removal System Renovation · Install vibration reduction system · Full system containment treatment service · Premium backflow prevention system · 1,Water Removal / Circulation,plumbing,7.25,0,1351.00,1351.00,true,Non Inventory; hours est. from list @ $185/hr — edit if your typical hrs differ
plumbing,PD6D,Premium Water Removal System Renovation · Install vibration reduction system · Full containment system flush and treatment service · Audible alarm renova,Water Removal / Circulation,plumbing,9.25,0,1689.00,1689.00,true,Non Inventory; hours est. from list @ $185/hr — edit if your typical hrs differ
plumbing,PD6E,Premium Water Removal System Renovation · Install vibration reduction system · Full containment system flush and treatment service · Audible alarm renova,Water Removal / Circulation,plumbing,11,0,2027.00,2027.00,true,Non Inventory; hours est. from list @ $185/hr — edit if your typical hrs differ
plumbing,PD7A,Economy Water Removal System · Basic replacement only · 6 month warranty,Water Removal / Circulation,plumbing,5.25,0,994.00,994.00,true,Non Inventory; hours est. from list @ $185/hr — edit if your typical hrs differ
plumbing,PD7B,PD7B,Water Removal / Circulation,plumbing,8,0,1492.00,1492.00,true,Non Inventory; hours est. from list @ $185/hr — edit if your typical hrs differ
plumbing,PD7C,"Premium Water Removal System · Performance, safety and service calibrations · Dual water sensing system · 1 year warranty",Water Removal / Circulation,plumbing,10.75,0,1989.00,1989.00,true,Non Inventory; hours est. from list @ $185/hr — edit if your typical hrs differ
plumbing,PD7D,Ultra Elite Water Removal System · Premium electronic water sensing system · Peace-of-mind back-up pump system · High performance battery solution · Water,Water Removal / Circulation,plumbing,13.5,0,2486.00,2486.00,true,Non Inventory; hours est. from list @ $185/hr — edit if your typical hrs differ
plumbing,PD7E,PD7E,Water Removal / Circulation,plumbing,10.25,0,1884.00,1884.00,true,Non Inventory; hours est. from list @ $185/hr — edit if your typical hrs differ
plumbing,PD8A,Economy Water Removal System · Basic replacement only · 6 month warranty,Water Removal / Circulation,plumbing,8.25,0,1533.00,1533.00,true,Non Inventory; hours est. from list @ $185/hr — edit if your typical hrs differ
plumbing,PD8B,"Economy Water Removal System · Performance, safety and service calibrations · 9 month warranty",Water Removal / Circulation,plumbing,12.5,0,2299.00,2299.00,true,Non Inventory; hours est. from list @ $185/hr — edit if your typical hrs differ
plumbing,PD8C,"Premium Water Removal System · Performance, safety and service calibrations · Dual water sensing system · 1 year warranty",Water Removal / Circulation,plumbing,16.5,0,3065.00,3065.00,true,Non Inventory; hours est. from list @ $185/hr — edit if your typical hrs differ
plumbing,PD8D,Ultra Elite Water Removal System · Premium electronic water sensing system · Peace-of-mind back-up pump system · High performance battery solution · Water,Water Removal / Circulation,plumbing,20.75,0,3831.00,3831.00,true,Non Inventory; hours est. from list @ $185/hr — edit if your typical hrs differ
plumbing,PD8E,PD8E,Water Removal / Circulation,plumbing,13.5,0,2498.00,2498.00,true,Non Inventory; hours est. from list @ $185/hr — edit if your typical hrs differ
plumbing,PE10A,Basic Replacement Water Heating System Only · 6 month warranty,Water Heaters,plumbing,15,0,2755.00,2755.00,true,Non Inventory; hours est. from list @ $185/hr — edit if your typical hrs differ
plumbing,PE10B,PE10B,Water Heaters,plumbing,22.25,0,4133.00,4133.00,true,Non Inventory; hours est. from list @ $185/hr — edit if your typical hrs differ
plumbing,PE10C,Premium Water Heating System Renovation · High pressure expansion safety system · Isolation control system rejuvenation · No drip supply system renovatio,Water Heaters,plumbing,29.75,0,5511.00,5511.00,true,Non Inventory; hours est. from list @ $185/hr — edit if your typical hrs differ
plumbing,PE10D,Ultra Elite Water Heating System Renovation · High pressure expansion safety system · Isolation control system rejuvenation · Leak protection safety pan ·,Water Heaters,plumbing,37.25,0,6888.00,6888.00,true,Non Inventory; hours est. from list @ $185/hr — edit if your typical hrs differ
plumbing,PE10E,Ultra Elite Water Heating System Renovation · High pressure expansion safety system · Isolation control system rejuvenation · Leak protection safety pan ·,Water Heaters,plumbing,41,0,7577.00,7577.00,true,Non Inventory; hours est. from list @ $185/hr — edit if your typical hrs differ
plumbing,PE11A,PE11A,Water Heaters,plumbing,29.25,0,5405.00,5405.00,true,Non Inventory; hours est. from list @ $185/hr — edit if your typical hrs differ
plumbing,PE11B,Standard Instant Water Heating System Renovation · Reconnect and repair fuel delivery / C.O. removal systems · 9 month warranty,Water Heaters,plumbing,38,0,7026.00,7026.00,true,Non Inventory; hours est. from list @ $185/hr — edit if your typical hrs differ
plumbing,PE11C,Premium Instant Water Heating System Renovation · High pressure expansion safety system · Fuel delivery system rejuvenation · Renovate C.O. removal syste,Water Heaters,plumbing,45,0,8324.00,8324.00,true,Non Inventory; hours est. from list @ $185/hr — edit if your typical hrs differ
plumbing,PE11D,Ultra Elite Instant Water Heating System Renovation · Auto ignition system · Leak protection system · High pressure expansion safety system · Isolation co,Water Heaters,plumbing,49.75,0,9188.00,9188.00,true,Non Inventory; hours est. from list @ $185/hr — edit if your typical hrs differ
plumbing,PE11E,Ultra Elite Instant Water Heating System Renovation · Auto ignition system · Leak protection system · High pressure expansion safety system · Isolation co,Water Heaters,plumbing,58.5,0,10810.00,10810.00,true,Non Inventory; hours est. from list @ $185/hr — edit if your typical hrs differ
plumbing,PE12A,Basic Renovation Service · 30 day warranty,Water Heaters,plumbing,2.25,0,437.00,437.00,true,Non Inventory; hours est. from list @ $185/hr — edit if your typical hrs differ
plumbing,PE12B,Main Component Renovation Service · Mechanical safety system rejuvenation · Tank contamination service · 6 month warranty,Water Heaters,plumbing,3.5,0,656.00,656.00,true,Non Inventory; hours est. from list @ $185/hr — edit if your typical hrs differ
plumbing,PE12C,Ignition System Renovation · Mechanical safety system rejuvenation · Tank contamination service · Flame sensing system service · Exhaust venting restorati,Water Heaters,plumbing,4.75,0,874.00,874.00,true,Non Inventory; hours est. from list @ $185/hr — edit if your typical hrs differ
plumbing,PE12D,Complete Ignition System Renovation · Mechanical safety system rejuvenation · Complete isolation control system restoration · Tank contamination service ·,Water Heaters,plumbing,6,0,1093.00,1093.00,true,Non Inventory; hours est. from list @ $185/hr — edit if your typical hrs differ
plumbing,PE12E,Complete Ignition System Renovation · Mechanical safety system rejuvenation · Complete isolation control system restoration · Tank contamination service ·,Water Heaters,plumbing,7,0,1311.00,1311.00,true,Non Inventory; hours est. from list @ $185/hr — edit if your typical hrs differ
plumbing,PE13A,Basic Renovation Service · 30 day warranty,Water Heaters,plumbing,3.75,0,685.00,685.00,true,Non Inventory; hours est. from list @ $185/hr — edit if your typical hrs differ
plumbing,PE13B,Main Component Renovation Service · Mechanical safety system rejuvenation · Tank contamination service · 6 month warranty,Water Heaters,plumbing,5.5,0,1027.00,1027.00,true,Non Inventory; hours est. from list @ $185/hr — edit if your typical hrs differ
plumbing,PE13C,Ignition System Renovation · Mechanical safety system rejuvenation · Tank contamination service · Flame sensing system service · Exhaust venting restorati,Water Heaters,plumbing,7.5,0,1370.00,1370.00,true,Non Inventory; hours est. from list @ $185/hr — edit if your typical hrs differ
plumbing,PE13D,Complete Ignition System Renovation · Mechanical safety system rejuvenation · Complete isolation control system restoration · Tank contamination service ·,Water Heaters,plumbing,9.25,0,1712.00,1712.00,true,Non Inventory; hours est. from list @ $185/hr — edit if your typical hrs differ
plumbing,PE13E,Complete Ignition System Renovation · Mechanical safety system rejuvenation · Complete isolation control system restoration · Tank contamination service ·,Water Heaters,plumbing,11,0,2054.00,2054.00,true,Non Inventory; hours est. from list @ $185/hr — edit if your typical hrs differ
plumbing,PE14A,Basic Renovation Service · 30 day warranty,Water Heaters,plumbing,2.5,0,460.00,460.00,true,Non Inventory; hours est. from list @ $185/hr — edit if your typical hrs differ
plumbing,PE14B,Main Control Renovation Service · Element restoration service · 6 month warranty,Water Heaters,plumbing,3.75,0,690.00,690.00,true,Non Inventory; hours est. from list @ $185/hr — edit if your typical hrs differ
plumbing,PE14C,Temperature Control System Renovation · Mechanical safety system rejuvenation · Tank contamination service · Upgrade to no drip supply system · Element re,Water Heaters,plumbing,5,0,920.00,920.00,true,Non Inventory; hours est. from list @ $185/hr — edit if your typical hrs differ
plumbing,PE14D,Complete Temperature Control System Renovation · Mechanical safety system rejuvenation · Isolation control system restoration · Upgrade to no drip supply,Water Heaters,plumbing,6.25,0,1150.00,1150.00,true,Non Inventory; hours est. from list @ $185/hr — edit if your typical hrs differ
plumbing,PE14E,Complete Temperature Control System Renovation · Mechanical safety system rejuvenation · Isolation control system restoration · Upgrade to no drip supply,Water Heaters,plumbing,7.5,0,1380.00,1380.00,true,Non Inventory; hours est. from list @ $185/hr — edit if your typical hrs differ
plumbing,PE15A,Basic Renovation Service · 30 day warranty,Water Heaters,plumbing,3.5,0,644.00,644.00,true,Non Inventory; hours est. from list @ $185/hr — edit if your typical hrs differ
plumbing,PE15B,Main Control Renovation Service · Element restoration service · 6 month warranty,Water Heaters,plumbing,5.25,0,966.00,966.00,true,Non Inventory; hours est. from list @ $185/hr — edit if your typical hrs differ
plumbing,PE15C,Temperature Control System Renovation · Mechanical safety system rejuvenation · Tank contamination service · Upgrade to no drip supply system · Element re,Water Heaters,plumbing,7,0,1288.00,1288.00,true,Non Inventory; hours est. from list @ $185/hr — edit if your typical hrs differ
plumbing,PE15D,Complete Temperature Control System Renovation · Mechanical safety system rejuvenation · Isolation control system restoration · Upgrade to no drip supply,Water Heaters,plumbing,8.75,0,1610.00,1610.00,true,Non Inventory; hours est. from list @ $185/hr — edit if your typical hrs differ
plumbing,PE15E,Complete Temperature Control System Renovation · Mechanical safety system rejuvenation · Isolation control system restoration · Upgrade to no drip supply,Water Heaters,plumbing,10.5,0,1932.00,1932.00,true,Non Inventory; hours est. from list @ $185/hr — edit if your typical hrs differ
plumbing,PE16A,Standard Water Heating System Installation · Required minimum code upgrades · Performance and safety start up · 6 month warranty,Water Heaters,plumbing,18.5,0,3407.00,3407.00,true,Non Inventory; hours est. from list @ $185/hr — edit if your typical hrs differ
plumbing,PE16B,PE16B,Water Heaters,plumbing,20,0,3699.00,3699.00,true,Non Inventory; hours est. from list @ $185/hr — edit if your typical hrs differ
plumbing,PE16C,Install Premium Water Heating System · Isolation control system renovation · High pressure expansion safety system installation · Upgrade to leak protec,Water Heaters,plumbing,36.75,0,6813.00,6813.00,true,Non Inventory; hours est. from list @ $185/hr — edit if your typical hrs differ
plumbing,PE16D,Install Ultra Elite Water Heating System · Upgrade to anti scald safety system · Isolation control system renovation · High pressure expansion safety sy,Water Heaters,plumbing,46,0,8517.00,8517.00,true,Non Inventory; hours est. from list @ $185/hr — edit if your typical hrs differ
plumbing,PE16E,Install Ultra Elite Water Heating System · Upgrade to anti scald safety system · Isolation control system renovation · High pressure expansion safety sy,Water Heaters,plumbing,50.75,0,9368.00,9368.00,true,Non Inventory; hours est. from list @ $185/hr — edit if your typical hrs differ
plumbing,PE17A,PE17A,Water Heaters,plumbing,21.5,0,3965.00,3965.00,true,Non Inventory; hours est. from list @ $185/hr — edit if your typical hrs differ
plumbing,PE17B,Install Preferred Water Heating System · High pressure expansion safety system installation · Upgrade to leak protection safety pan · Water connection s,Water Heaters,plumbing,41,0,7567.00,7567.00,true,Non Inventory; hours est. from list @ $185/hr — edit if your typical hrs differ
plumbing,PE17C,Install Premium Water Heating System · Isolation control system renovation · High pressure expansion safety system installation · Upgrade to leak protec,Water Heaters,plumbing,54.5,0,10090.00,10090.00,true,Non Inventory; hours est. from list @ $185/hr — edit if your typical hrs differ
plumbing,PE17D,Install Ultra Elite Water Heating System · Upgrade to anti scald safety system · Isolation control system renovation · High pressure expansion safety sy,Water Heaters,plumbing,68.25,0,12612.00,12612.00,true,Non Inventory; hours est. from list @ $185/hr — edit if your typical hrs differ
plumbing,PE17E,Install Ultra Elite Water Heating System · Upgrade to anti scald safety system · Isolation control system renovation · High pressure expansion safety sy,Water Heaters,plumbing,75,0,13873.00,13873.00,true,Non Inventory; hours est. from list @ $185/hr — edit if your typical hrs differ
plumbing,PE18A,PE18A,Water Heaters,plumbing,32.5,0,5992.00,5992.00,true,Non Inventory; hours est. from list @ $185/hr — edit if your typical hrs differ
plumbing,PE18B,Install Preferred Water Heating System · High pressure expansion safety system installation · Upgrade to leak protection safety pan · Water connection s,Water Heaters,plumbing,48.25,0,8907.00,8907.00,true,Non Inventory; hours est. from list @ $185/hr — edit if your typical hrs differ
plumbing,PE18C,Install Premium Water Heating System · Isolation control system renovation · High pressure expansion safety system installation · Upgrade to leak protec,Water Heaters,plumbing,57,0,10552.00,10552.00,true,Non Inventory; hours est. from list @ $185/hr — edit if your typical hrs differ
plumbing,PE18D,Install Ultra Elite Water Heating System · Upgrade to anti scald safety system · Isolation control system renovation · High pressure expansion safety sy,Water Heaters,plumbing,63,0,11648.00,11648.00,true,Non Inventory; hours est. from list @ $185/hr — edit if your typical hrs differ
plumbing,PE18E,Install Ultra Elite Water Heating System · Upgrade to anti scald safety system · Isolation control system renovation · High pressure expansion safety sy,Water Heaters,plumbing,74,0,13704.00,13704.00,true,Non Inventory; hours est. from list @ $185/hr — edit if your typical hrs differ
plumbing,PE19A,Economy Water Heating System · Basic replacement only · 6 month warranty,Water Heaters,plumbing,45.75,0,8441.00,8441.00,true,Non Inventory; hours est. from list @ $185/hr — edit if your typical hrs differ
plumbing,PE19B,Standard Instant Water Heating System Renovation · Reconnect and repair fuel delivery / C.O. removal systems · 9 month warranty,Water Heaters,plumbing,59.25,0,10974.00,10974.00,true,Non Inventory; hours est. from list @ $185/hr — edit if your typical hrs differ
plumbing,PE19C,Premium Instant Water Heating System Renovation · High pressure expansion safety system · Fuel delivery system rejuvenation · Renovate C.O. removal syste,Water Heaters,plumbing,70.25,0,13000.00,13000.00,true,Non Inventory; hours est. from list @ $185/hr — edit if your typical hrs differ
plumbing,PE19D,Ultra Elite Instant Water Heating System Renovation · Auto ignition system · Leak protection system · High pressure expansion safety system · Isolation co,Water Heaters,plumbing,77.5,0,14350.00,14350.00,true,Non Inventory; hours est. from list @ $185/hr — edit if your typical hrs differ
plumbing,PE19E,Ultra Elite Instant Water Heating System Renovation · Auto ignition system · Leak protection system · High pressure expansion safety system · Isolation co,Water Heaters,plumbing,91.25,0,16883.00,16883.00,true,Non Inventory; hours est. from list @ $185/hr — edit if your typical hrs differ
plumbing,PE1A,Standard Water Heating System Installation · Required minimum code upgrades · Performance and safety start up · 6 month warranty,Water Heaters,plumbing,9,0,1669.00,1669.00,true,Non Inventory; hours est. from list @ $185/hr — edit if your typical hrs differ
plumbing,PE1B,Install Preferred Water Heating System · High pressure expansion safety system installation · Upgrade to leak protection safety pan · Water connection s,Water Heaters,plumbing,13.5,0,2504.00,2504.00,true,Non Inventory; hours est. from list @ $185/hr — edit if your typical hrs differ
plumbing,PE1C,Install Premium Water Heating System · Isolation control system renovation · High pressure expansion safety system installation · Upgrade to leak protec,Water Heaters,plumbing,18,0,3338.00,3338.00,true,Non Inventory; hours est. from list @ $185/hr — edit if your typical hrs differ
plumbing,PE1D,Install Ultra Elite Water Heating System · Upgrade to anti scald safety system · Isolation control system renovation · High pressure expansion safety sy,Water Heaters,plumbing,22.5,0,4173.00,4173.00,true,Non Inventory; hours est. from list @ $185/hr — edit if your typical hrs differ
plumbing,PE1E,Install Ultra Elite Water Heating System · Upgrade to anti scald safety system · Isolation control system renovation · High pressure expansion safety sy,Water Heaters,plumbing,24.75,0,4590.00,4590.00,true,Non Inventory; hours est. from list @ $185/hr — edit if your typical hrs differ
plumbing,PE20A,Economy Water Heating System · Basic replacement only · 6 month warranty,Water Heaters,plumbing,8,0,1469.00,1469.00,true,Non Inventory; hours est. from list @ $185/hr — edit if your typical hrs differ
plumbing,PE20B,Standard Hot Water Heating System Renovation · Reconnect and repair fuel delivery / C.O. removal systems · 9 month warranty,Water Heaters,plumbing,10.25,0,1910.00,1910.00,true,Non Inventory; hours est. from list @ $185/hr — edit if your typical hrs differ
plumbing,PE20C,Premium Hot Water Heating System Renovation · High pressure expansion safety system · Fuel delivery system rejuvenation · Renovate C.O. removal system · 1,Water Heaters,plumbing,12.25,0,2262.00,2262.00,true,Non Inventory; hours est. from list @ $185/hr — edit if your typical hrs differ
plumbing,PE20D,Ultra Elite Hot Water Heating System Renovation · Easy light ignition system · Leak protection safety pan · High pressure expansion safety system · Isolat,Water Heaters,plumbing,13.5,0,2497.00,2497.00,true,Non Inventory; hours est. from list @ $185/hr — edit if your typical hrs differ
plumbing,PE20E,Ultra Elite Hot Water Heating System Renovation · Easy light ignition system · Leak protection safety pan · High pressure expansion safety system · Isolat,Water Heaters,plumbing,16,0,2938.00,2938.00,true,Non Inventory; hours est. from list @ $185/hr — edit if your typical hrs differ
plumbing,PE21A,Basic Replacement Water Heating System Only · 6 month warranty,Water Heaters,plumbing,11,0,2057.00,2057.00,true,Non Inventory; hours est. from list @ $185/hr — edit if your typical hrs differ
plumbing,PE21B,Standard Water Heating System Renovation · Reconnect and repair water supply system · 9 month warranty,Water Heaters,plumbing,14.5,0,2674.00,2674.00,true,Non Inventory; hours est. from list @ $185/hr — edit if your typical hrs differ
plumbing,PE21C,Premium Hot Water Heating System Renovation · High pressure expansion safety system · Isolation control system rejuvenation · No drip supply system renov,Water Heaters,plumbing,17,0,3168.00,3168.00,true,Non Inventory; hours est. from list @ $185/hr — edit if your typical hrs differ
plumbing,PE21D,Ultra Elite Hot Water Heating System Renovation · High pressure expansion safety system · Isolation control system rejuvenation · Leak protection safety,Water Heaters,plumbing,19,0,3497.00,3497.00,true,Non Inventory; hours est. from list @ $185/hr — edit if your typical hrs differ
plumbing,PE21E,Ultra Elite Hot Water Heating System Renovation · High pressure expansion safety system · Isolation control system rejuvenation · Leak protection safety,Water Heaters,plumbing,22.25,0,4114.00,4114.00,true,Non Inventory; hours est. from list @ $185/hr — edit if your typical hrs differ
plumbing,PE22A,Quick Fix · 30 day warranty,Water Heaters,plumbing,5.75,0,1058.00,1058.00,true,Non Inventory; hours est. from list @ $185/hr — edit if your typical hrs differ
plumbing,PE22B,Main Fixture Renovation Only · No drip safety inspection · 6 month warranty,Water Heaters,plumbing,7.5,0,1376.00,1376.00,true,Non Inventory; hours est. from list @ $185/hr — edit if your typical hrs differ
plumbing,PE22C,Basic Hot Water Delivery Fixture Renovation · Rejuvenate sanitary piping and connection seals · Restore sanitary drain to clean condition · Upgrade to ne,Water Heaters,plumbing,8.75,0,1629.00,1629.00,true,Non Inventory; hours est. from list @ $185/hr — edit if your typical hrs differ
plumbing,PE22D,Complete Hot Water Delivery Fixture Renovation · Rejuvenate sanitary piping and connection seals · Restore sanitary drain to clean condition · Upgrade to,Water Heaters,plumbing,9.75,0,1799.00,1799.00,true,Non Inventory; hours est. from list @ $185/hr — edit if your typical hrs differ
plumbing,PE22E,Complete Hot Water Delivery Fixture Renovation · Rejuvenate sanitary piping and connection seals · Restore sanitary drain to clean condition · Upgrade to,Water Heaters,plumbing,11.5,0,2116.00,2116.00,true,Non Inventory; hours est. from list @ $185/hr — edit if your typical hrs differ
plumbing,PE23A,Quick Fix · 30 day warranty,Water Heaters,plumbing,7.75,0,1431.00,1431.00,true,Non Inventory; hours est. from list @ $185/hr — edit if your typical hrs differ
plumbing,PE23B,Main Fixture Renovation Only · No drip safety inspection · 6 month warranty,Water Heaters,plumbing,10,0,1860.00,1860.00,true,Non Inventory; hours est. from list @ $185/hr — edit if your typical hrs differ
plumbing,PE23C,Basic Hot Water Delivery Fixture Renovation · Rejuvenate sanitary piping and connection seals · Restore sanitary drain to clean condition · Upgrade to ne,Water Heaters,plumbing,12,0,2204.00,2204.00,true,Non Inventory; hours est. from list @ $185/hr — edit if your typical hrs differ
plumbing,PE23D,Complete Hot Water Delivery Fixture Renovation · Rejuvenate sanitary piping and connection seals · Restore sanitary drain to clean condition · Upgrade to,Water Heaters,plumbing,13.25,0,2433.00,2433.00,true,Non Inventory; hours est. from list @ $185/hr — edit if your typical hrs differ
plumbing,PE23E,Complete Hot Water Delivery Fixture Renovation · Rejuvenate sanitary piping and connection seals · Restore sanitary drain to clean condition · Upgrade to,Water Heaters,plumbing,15.5,0,2862.00,2862.00,true,Non Inventory; hours est. from list @ $185/hr — edit if your typical hrs differ
plumbing,PE24A,Basic Renovation Service · 30 day warranty,Water Heaters,plumbing,3.25,0,585.00,585.00,true,Non Inventory; hours est. from list @ $185/hr — edit if your typical hrs differ
plumbing,PE24B,Main Component Renovation Service · Mechanical and electrical safety system rejuvenation · Flush and treatment service · 6 month warranty,Water Heaters,plumbing,4.75,0,878.00,878.00,true,Non Inventory; hours est. from list @ $185/hr — edit if your typical hrs differ
plumbing,PE24C,Ignition System Renovation · Mechanical and electrical safety system rejuvenation · System flush and treatment service · Flame sensing system service · Ex,Water Heaters,plumbing,6.25,0,1170.00,1170.00,true,Non Inventory; hours est. from list @ $185/hr — edit if your typical hrs differ
plumbing,PE24D,Complete Ignition System Renovation · Mechanical safety system rejuvenation · Complete isolation control system restoration · System flush and treatment,Water Heaters,plumbing,8,0,1463.00,1463.00,true,Non Inventory; hours est. from list @ $185/hr — edit if your typical hrs differ
plumbing,PE24E,Complete Ignition System Renovation · Mechanical safety system rejuvenation · Complete isolation control system restoration · System flush and treatment,Water Heaters,plumbing,9.5,0,1756.00,1756.00,true,Non Inventory; hours est. from list @ $185/hr — edit if your typical hrs differ
plumbing,PE25A,Basic Renovation Service · 30 day warranty,Water Heaters,plumbing,4.5,0,813.00,813.00,true,Non Inventory; hours est. from list @ $185/hr — edit if your typical hrs differ
plumbing,PE25B,Main Component Renovation Service · Mechanical and electrical safety system rejuvenation · Flush and treatment service · 6 month warranty,Water Heaters,plumbing,6.5,0,1219.00,1219.00,true,Non Inventory; hours est. from list @ $185/hr — edit if your typical hrs differ
plumbing,PE25C,Ignition System Renovation · Mechanical and electrical safety system rejuvenation · System flush and treatment service · Flame sensing system service · Ex,Water Heaters,plumbing,8.75,0,1625.00,1625.00,true,Non Inventory; hours est. from list @ $185/hr — edit if your typical hrs differ
plumbing,PE25D,Complete Ignition System Renovation · Mechanical safety system rejuvenation · Complete isolation control system restoration · System flush and treatment,Water Heaters,plumbing,11,0,2032.00,2032.00,true,Non Inventory; hours est. from list @ $185/hr — edit if your typical hrs differ
plumbing,PE25E,Complete Ignition System Renovation · Mechanical safety system rejuvenation · Complete isolation control system restoration · System flush and treatment,Water Heaters,plumbing,13.25,0,2438.00,2438.00,true,Non Inventory; hours est. from list @ $185/hr — edit if your typical hrs differ
plumbing,PE26A,Standard Water Heating System Installation · Required minimum code upgrades · Performance and safety start up · 6 month warranty,Water Heaters,plumbing,28.25,0,5214.00,5214.00,true,Non Inventory; hours est. from list @ $185/hr — edit if your typical hrs differ
plumbing,PE26B,Install Preferred Water Heating System · High pressure expansion safety system installation · Upgrade to leak protection safety pan · Water connection s,Water Heaters,plumbing,36.75,0,6778.00,6778.00,true,Non Inventory; hours est. from list @ $185/hr — edit if your typical hrs differ
plumbing,PE26C,Install Premium Water Heating System · Isolation control system renovation · High pressure expansion safety system installation · Upgrade to leak protec,Water Heaters,plumbing,43.5,0,8029.00,8029.00,true,Non Inventory; hours est. from list @ $185/hr — edit if your typical hrs differ
plumbing,PE26D,Install Ultra Elite Water Heating System · Upgrade to anti scald safety system · Isolation control system renovation · High pressure expansion safety sy,Water Heaters,plumbing,48,0,8863.00,8863.00,true,Non Inventory; hours est. from list @ $185/hr — edit if your typical hrs differ
plumbing,PE26E,Install Ultra Elite Water Heating System · Upgrade to anti scald safety system · Isolation control system renovation · High pressure expansion safety sy,Water Heaters,plumbing,56.25,0,10427.00,10427.00,true,Non Inventory; hours est. from list @ $185/hr — edit if your typical hrs differ
plumbing,PE27A,Standard Water Heating System Installation · Required minimum code upgrades · Performance and safety start up · 6 month warranty,Water Heaters,plumbing,32.5,0,6008.00,6008.00,true,Non Inventory; hours est. from list @ $185/hr — edit if your typical hrs differ
plumbing,PE27B,Install Preferred Water Heating System · High pressure expansion safety system installation · Upgrade to leak protection safety pan · Water connection s,Water Heaters,plumbing,42.25,0,7811.00,7811.00,true,Non Inventory; hours est. from list @ $185/hr — edit if your typical hrs differ
plumbing,PE27C,Install Premium Water Heating System · Isolation control system renovation · High pressure expansion safety system installation · Upgrade to leak protec,Water Heaters,plumbing,50,0,9253.00,9253.00,true,Non Inventory; hours est. from list @ $185/hr — edit if your typical hrs differ
plumbing,PE27D,Install Ultra Elite Water Heating System · Upgrade to anti scald safety system · Isolation control system renovation · High pressure expansion safety sy,Water Heaters,plumbing,55.25,0,10214.00,10214.00,true,Non Inventory; hours est. from list @ $185/hr — edit if your typical hrs differ
plumbing,PE27E,Install Ultra Elite Water Heating System · Upgrade to anti scald safety system · Isolation control system renovation · High pressure expansion safety sy,Water Heaters,plumbing,65,0,12017.00,12017.00,true,Non Inventory; hours est. from list @ $185/hr — edit if your typical hrs differ
plumbing,PE28A,Basic Treatment Service Only · 30 day warranty,Water Heaters,plumbing,1.25,0,245.00,245.00,true,Non Inventory; hours est. from list @ $185/hr — edit if your typical hrs differ
plumbing,PE28B,Main Treatment Service Only · Infrastructure leak detection service · Performance and safety testing · 6 month warranty,Water Heaters,plumbing,2,0,368.00,368.00,true,Non Inventory; hours est. from list @ $185/hr — edit if your typical hrs differ
plumbing,PE28C,Treatment And Restoration Service · Mechanical and electrical safety system rejuvenation · Circulation pumping system service · Infrastructure leak detec,Water Heaters,plumbing,2.75,0,490.00,490.00,true,Non Inventory; hours est. from list @ $185/hr — edit if your typical hrs differ
plumbing,PE28D,Complete Treatment And Restoration Service · Mechanical and electrical safety system rejuvenation · Complete isolation control system restoration · High,Water Heaters,plumbing,3.25,0,613.00,613.00,true,Non Inventory; hours est. from list @ $185/hr — edit if your typical hrs differ
plumbing,PE28E,Complete Treatment And Restoration Service · Mechanical and electrical safety system rejuvenation · Complete isolation control system restoration · High,Water Heaters,plumbing,4,0,736.00,736.00,true,Non Inventory; hours est. from list @ $185/hr — edit if your typical hrs differ
plumbing,PE29A,Basic Treatment Service Only · 30 day warranty,Water Heaters,plumbing,2.25,0,400.00,400.00,true,Non Inventory; hours est. from list @ $185/hr — edit if your typical hrs differ
plumbing,PE29B,Main Treatment Service Only · Infrastructure leak detection service · Performance and safety testing · 6 month warranty,Water Heaters,plumbing,3.25,0,600.00,600.00,true,Non Inventory; hours est. from list @ $185/hr — edit if your typical hrs differ
plumbing,PE29C,Treatment And Restoration Service · Mechanical and electrical safety system rejuvenation · Circulation pumping system service · Infrastructure leak detec,Water Heaters,plumbing,4.25,0,800.00,800.00,true,Non Inventory; hours est. from list @ $185/hr — edit if your typical hrs differ
plumbing,PE29D,Complete Treatment And Restoration Service · Mechanical and electrical safety system rejuvenation · Complete isolation control system restoration · High,Water Heaters,plumbing,5.5,0,1000.00,1000.00,true,Non Inventory; hours est. from list @ $185/hr — edit if your typical hrs differ
plumbing,PE29E,Complete Treatment And Restoration Service · Mechanical and electrical safety system rejuvenation · Complete isolation control system restoration · High,Water Heaters,plumbing,6.5,0,1200.00,1200.00,true,Non Inventory; hours est. from list @ $185/hr — edit if your typical hrs differ
plumbing,PE2A,Standard Water Heating System Installation · Required minimum code upgrades · Performance and safety start up · 6 month warranty,Water Heaters,plumbing,9.75,0,1804.00,1804.00,true,Non Inventory; hours est. from list @ $185/hr — edit if your typical hrs differ
plumbing,PE2B,PE2B,Water Heaters,plumbing,14,0,2598.00,2598.00,true,Non Inventory; hours est. from list @ $185/hr — edit if your typical hrs differ
plumbing,PE2C,Install Premium Water Heating System · Isolation control system renovation · High pressure expansion safety system installation · Upgrade to leak protec,Water Heaters,plumbing,19.5,0,3608.00,3608.00,true,Non Inventory; hours est. from list @ $185/hr — edit if your typical hrs differ
plumbing,PE2D,Install Ultra Elite Water Heating System · Upgrade to anti scald safety system · Isolation control system renovation · High pressure expansion safety sy,Water Heaters,plumbing,24.5,0,4510.00,4510.00,true,Non Inventory; hours est. from list @ $185/hr — edit if your typical hrs differ
plumbing,PE2E,Install Ultra Elite Water Heating System · Upgrade to anti scald safety system · Isolation control system renovation · High pressure expansion safety sy,Water Heaters,plumbing,26.75,0,4961.00,4961.00,true,Non Inventory; hours est. from list @ $185/hr — edit if your typical hrs differ
plumbing,PE30A,Basic Safety System Service Only · 30 day warranty,Water Heaters,plumbing,2.75,0,508.00,508.00,true,Non Inventory; hours est. from list @ $185/hr — edit if your typical hrs differ
plumbing,PE30B,Main Safety System Service Only · Performance and safety testing · 6 month warranty,Water Heaters,plumbing,4,0,763.00,763.00,true,Non Inventory; hours est. from list @ $185/hr — edit if your typical hrs differ
plumbing,PE30C,Anti-Scald Safety System Renovation · Temperature control system rejuvenation · Mechanical safety system rejuvenation · Tank contamination service · Perfo,Water Heaters,plumbing,5.5,0,1017.00,1017.00,true,Non Inventory; hours est. from list @ $185/hr — edit if your typical hrs differ
plumbing,PE30D,Complete Anti-Scald Safety System Renovation · Temperature control system rejuvenation · Mechanical safety system rejuvenation · Isolation control system,Water Heaters,plumbing,6.75,0,1271.00,1271.00,true,Non Inventory; hours est. from list @ $185/hr — edit if your typical hrs differ
plumbing,PE30E,Complete Anti-Scald Safety System Renovation · Temperature control system rejuvenation · Mechanical safety system rejuvenation · Isolation control system,Water Heaters,plumbing,8.25,0,1525.00,1525.00,true,Non Inventory; hours est. from list @ $185/hr — edit if your typical hrs differ
plumbing,PE31A,Basic Safety System Service Only · 30 day warranty,Water Heaters,plumbing,3.75,0,671.00,671.00,true,Non Inventory; hours est. from list @ $185/hr — edit if your typical hrs differ
plumbing,PE31B,Main Safety System Service Only · Performance and safety testing · 6 month warranty,Water Heaters,plumbing,5.5,0,1007.00,1007.00,true,Non Inventory; hours est. from list @ $185/hr — edit if your typical hrs differ
plumbing,PE31C,Anti-Scald Safety System Renovation · Temperature control system rejuvenation · Mechanical safety system rejuvenation · Tank contamination service · Perfo,Water Heaters,plumbing,7.25,0,1342.00,1342.00,true,Non Inventory; hours est. from list @ $185/hr — edit if your typical hrs differ
plumbing,PE31D,Complete Anti-Scald Safety System Renovation · Temperature control system rejuvenation · Mechanical safety system rejuvenation · Isolation control system,Water Heaters,plumbing,9,0,1678.00,1678.00,true,Non Inventory; hours est. from list @ $185/hr — edit if your typical hrs differ
plumbing,PE31E,Complete Anti-Scald Safety System Renovation · Temperature control system rejuvenation · Mechanical safety system rejuvenation · Isolation control system,Water Heaters,plumbing,11,0,2014.00,2014.00,true,Non Inventory; hours est. from list @ $185/hr — edit if your typical hrs differ
plumbing,PE32A,Basic Replacement Water Heating System Only · 6 month warranty,Water Heaters,plumbing,30.5,0,5637.00,5637.00,true,Non Inventory; hours est. from list @ $185/hr — edit if your typical hrs differ
plumbing,PE32B,Standard Water Heating System Renovation · Reconnect and repair water supply system · 9 month warranty,Water Heaters,plumbing,39.5,0,7328.00,7328.00,true,Non Inventory; hours est. from list @ $185/hr — edit if your typical hrs differ
plumbing,PE32C,Premium Water Heating System Renovation · High pressure expansion safety system · Isolation control system rejuvenation · No drip supply system renovatio,Water Heaters,plumbing,47,0,8681.00,8681.00,true,Non Inventory; hours est. from list @ $185/hr — edit if your typical hrs differ
plumbing,PE32D,Ultra Elite Water Heating System Renovation · High pressure expansion safety system · Isolation control system rejuvenation · Leak protection safety pan ·,Water Heaters,plumbing,51.75,0,9583.00,9583.00,true,Non Inventory; hours est. from list @ $185/hr — edit if your typical hrs differ
plumbing,PE32E,Ultra Elite Water Heating System Renovation · High pressure expansion safety system · Isolation control system rejuvenation · Leak protection safety pan ·,Water Heaters,plumbing,61,0,11274.00,11274.00,true,Non Inventory; hours est. from list @ $185/hr — edit if your typical hrs differ
plumbing,PE33A,Basic Replacement Water Heating System Only · 6 month warranty,Water Heaters,plumbing,41,0,7587.00,7587.00,true,Non Inventory; hours est. from list @ $185/hr — edit if your typical hrs differ
plumbing,PE33B,Standard Water Heating System Renovation · Reconnect and repair water supply system · 9 month warranty,Water Heaters,plumbing,53.25,0,9862.00,9862.00,true,Non Inventory; hours est. from list @ $185/hr — edit if your typical hrs differ
plumbing,PE33C,Premium Water Heating System Renovation · High pressure expansion safety system · Isolation control system rejuvenation · No drip supply system renovatio,Water Heaters,plumbing,63.25,0,11683.00,11683.00,true,Non Inventory; hours est. from list @ $185/hr — edit if your typical hrs differ
plumbing,PE33D,Ultra Elite Water Heating System Renovation · High pressure expansion safety system · Isolation control system rejuvenation · Leak protection safety pan ·,Water Heaters,plumbing,69.75,0,12897.00,12897.00,true,Non Inventory; hours est. from list @ $185/hr — edit if your typical hrs differ
plumbing,PE33E,Ultra Elite Water Heating System Renovation · High pressure expansion safety system · Isolation control system rejuvenation · Leak protection safety pan ·,Water Heaters,plumbing,82,0,15173.00,15173.00,true,Non Inventory; hours est. from list @ $185/hr — edit if your typical hrs differ
plumbing,PE34A,Basic Replacement Water Heating System Only · 6 month warranty,Water Heaters,plumbing,51.5,0,9536.00,9536.00,true,Non Inventory; hours est. from list @ $185/hr — edit if your typical hrs differ
plumbing,PE34B,Standard Water Heating System Renovation · Reconnect and repair water supply system · 9 month warranty,Water Heaters,plumbing,67,0,12397.00,12397.00,true,Non Inventory; hours est. from list @ $185/hr — edit if your typical hrs differ
plumbing,PE34C,Premium Water Heating System Renovation · High pressure expansion safety system · Isolation control system rejuvenation · No drip supply system renovatio,Water Heaters,plumbing,79.5,0,14685.00,14685.00,true,Non Inventory; hours est. from list @ $185/hr — edit if your typical hrs differ
plumbing,PE34D,Ultra Elite Water Heating System Renovation · High pressure expansion safety system · Isolation control system rejuvenation · Leak protection safety pan ·,Water Heaters,plumbing,87.75,0,16211.00,16211.00,true,Non Inventory; hours est. from list @ $185/hr — edit if your typical hrs differ
plumbing,PE34E,Ultra Elite Water Heating System Renovation · High pressure expansion safety system · Isolation control system rejuvenation · Leak protection safety pan ·,Water Heaters,plumbing,103,0,19072.00,19072.00,true,Non Inventory; hours est. from list @ $185/hr — edit if your typical hrs differ
plumbing,PE3A,Standard Water Heating System Installation · Required minimum code upgrades · Performance and safety start up · 6 month warranty,Water Heaters,plumbing,11,0,2057.00,2057.00,true,Non Inventory; hours est. from list @ $185/hr — edit if your typical hrs differ
plumbing,PE3B,PE3B,Water Heaters,plumbing,15.5,0,2885.00,2885.00,true,Non Inventory; hours est. from list @ $185/hr — edit if your typical hrs differ
plumbing,PE3C,Install Premium Water Heating System · Isolation control system renovation · High pressure expansion safety system installation · Upgrade to leak protec,Water Heaters,plumbing,22.25,0,4114.00,4114.00,true,Non Inventory; hours est. from list @ $185/hr — edit if your typical hrs differ
plumbing,PE3D,Install Ultra Elite Water Heating System · Upgrade to anti scald safety system · Isolation control system renovation · High pressure expansion safety sy,Water Heaters,plumbing,27.75,0,5143.00,5143.00,true,Non Inventory; hours est. from list @ $185/hr — edit if your typical hrs differ
plumbing,PE3E,Install Ultra Elite Water Heating System · Upgrade to anti scald safety system · Isolation control system renovation · High pressure expansion safety sy,Water Heaters,plumbing,30.5,0,5657.00,5657.00,true,Non Inventory; hours est. from list @ $185/hr — edit if your typical hrs differ
plumbing,PE5A,Standard Water Heating System Installation · Required minimum code upgrades · Performance and safety start up · 6 month warranty,Water Heaters,plumbing,11.75,0,2192.00,2192.00,true,Non Inventory; hours est. from list @ $185/hr — edit if your typical hrs differ
plumbing,PE5B,PE5B,Water Heaters,plumbing,25.75,0,4775.00,4775.00,true,Non Inventory; hours est. from list @ $185/hr — edit if your typical hrs differ
plumbing,PE5C,Install Premium Water Heating System · Isolation control system renovation · High pressure expansion safety system installation · Upgrade to leak protec,Water Heaters,plumbing,23.75,0,4384.00,4384.00,true,Non Inventory; hours est. from list @ $185/hr — edit if your typical hrs differ
plumbing,PE5D,Install Ultra Elite Water Heating System · Upgrade to anti scald safety system · Isolation control system renovation · High pressure expansion safety sy,Water Heaters,plumbing,29.5,0,5480.00,5480.00,true,Non Inventory; hours est. from list @ $185/hr — edit if your typical hrs differ
plumbing,PE5E,Install Ultra Elite Water Heating System · Upgrade to anti scald safety system · Isolation control system renovation · High pressure expansion safety sy,Water Heaters,plumbing,32.5,0,6028.00,6028.00,true,Non Inventory; hours est. from list @ $185/hr — edit if your typical hrs differ
plumbing,PE6A,Basic Replacement Water Heating System Only · 6 month warranty,Water Heaters,plumbing,9.25,0,1720.00,1720.00,true,Non Inventory; hours est. from list @ $185/hr — edit if your typical hrs differ
plumbing,PE6B,Standard Water Heating System Renovation · Reconnect and repair water supply system · 9 month warranty,Water Heaters,plumbing,14,0,2580.00,2580.00,true,Non Inventory; hours est. from list @ $185/hr — edit if your typical hrs differ
plumbing,PE6C,Premium Water Heating System Renovation · High pressure expansion safety system · Isolation control system rejuvenation · No drip supply system renovatio,Water Heaters,plumbing,18.5,0,3440.00,3440.00,true,Non Inventory; hours est. from list @ $185/hr — edit if your typical hrs differ
plumbing,PE6D,Ultra Elite Water Heating System Renovation · High pressure expansion safety system · Isolation control system rejuvenation · Leak protection safety pan ·,Water Heaters,plumbing,23.25,0,4300.00,4300.00,true,Non Inventory; hours est. from list @ $185/hr — edit if your typical hrs differ
plumbing,PE6E,Ultra Elite Water Heating System Renovation · High pressure expansion safety system · Isolation control system rejuvenation · Leak protection safety pan ·,Water Heaters,plumbing,25.5,0,4729.00,4729.00,true,Non Inventory; hours est. from list @ $185/hr — edit if your typical hrs differ
plumbing,PE7A,PE7A,Water Heaters,plumbing,14,0,2592.00,2592.00,true,Non Inventory; hours est. from list @ $185/hr — edit if your typical hrs differ
plumbing,PE7B,PE7B,Water Heaters,plumbing,13.5,0,2492.00,2492.00,true,Non Inventory; hours est. from list @ $185/hr — edit if your typical hrs differ
plumbing,PE7C,Premium Water Heating System Renovation · High pressure expansion safety system · Isolation control system rejuvenation · No drip supply system renovatio,Water Heaters,plumbing,16.75,0,3102.00,3102.00,true,Non Inventory; hours est. from list @ $185/hr — edit if your typical hrs differ
plumbing,PE7D,Ultra Elite Water Heating System Renovation · High pressure expansion safety system · Isolation control system rejuvenation · Leak protection safety pan ·,Water Heaters,plumbing,21,0,3878.00,3878.00,true,Non Inventory; hours est. from list @ $185/hr — edit if your typical hrs differ
plumbing,PE7E,Ultra Elite Water Heating System Renovation · High pressure expansion safety system · Isolation control system rejuvenation · Leak protection safety pan ·,Water Heaters,plumbing,23,0,4266.00,4266.00,true,Non Inventory; hours est. from list @ $185/hr — edit if your typical hrs differ
plumbing,PE8A,Basic Replacement Water Heating System Only · 6 month warranty,Water Heaters,plumbing,11,0,2040.00,2040.00,true,Non Inventory; hours est. from list @ $185/hr — edit if your typical hrs differ
plumbing,PE8B,Standard Water Heating System Renovation · Reconnect and repair water supply system · 9 month warranty,Water Heaters,plumbing,16.5,0,3060.00,3060.00,true,Non Inventory; hours est. from list @ $185/hr — edit if your typical hrs differ
plumbing,PE8C,Premium Water Heating System Renovation · High pressure expansion safety system · Isolation control system rejuvenation · No drip supply system renovatio,Water Heaters,plumbing,22,0,4080.00,4080.00,true,Non Inventory; hours est. from list @ $185/hr — edit if your typical hrs differ
plumbing,PE8D,Ultra Elite Water Heating System Renovation · High pressure expansion safety system · Isolation control system rejuvenation · Leak protection safety pan ·,Water Heaters,plumbing,27.5,0,5101.00,5101.00,true,Non Inventory; hours est. from list @ $185/hr — edit if your typical hrs differ
plumbing,PE8E,Ultra Elite Water Heating System Renovation · High pressure expansion safety system · Isolation control system rejuvenation · Leak protection safety pan ·,Water Heaters,plumbing,30.25,0,5611.00,5611.00,true,Non Inventory; hours est. from list @ $185/hr — edit if your typical hrs differ
plumbing,PF10A,Quick Fix · Tighten and adjust · 30 day warranty,Gas,plumbing,3.5,0,658.00,658.00,true,Non Inventory; hours est. from list @ $185/hr — edit if your typical hrs differ
plumbing,PF10B,Rebuild Internal Water Removal System · Sanitary drain clean and flush · 6 month warranty,Gas,plumbing,5.25,0,987.00,987.00,true,Non Inventory; hours est. from list @ $185/hr — edit if your typical hrs differ
plumbing,PF10C,Water Removal System Renovation · Sanitary drain clean and flush · No drip safety inspection · Quick seal drain stop renovation · 1 year warranty,Gas,plumbing,7,0,1316.00,1316.00,true,Non Inventory; hours est. from list @ $185/hr — edit if your typical hrs differ
plumbing,PF10D,Complete Water Removal System Renovation · Can't leak connection upgrade · Sanitary drain clean and flush · Waste line treatment service · Infrastructure,Gas,plumbing,9,0,1644.00,1644.00,true,Non Inventory; hours est. from list @ $185/hr — edit if your typical hrs differ
plumbing,PF10E,Complete Water Removal System Renovation · Can't leak connection upgrade · Sanitary drain clean and flush · Waste line treatment service · Infrastructure,Gas,plumbing,10.75,0,1973.00,1973.00,true,Non Inventory; hours est. from list @ $185/hr — edit if your typical hrs differ
plumbing,PF11A,Basic Replacement Only · 30 day warranty,Gas,plumbing,3.25,0,601.00,601.00,true,Non Inventory; hours est. from list @ $185/hr — edit if your typical hrs differ
plumbing,PF11B,Main Water Delivery Fixture Only · Supply system restoration · 6 month warranty,Gas,plumbing,4.75,0,901.00,901.00,true,Non Inventory; hours est. from list @ $185/hr — edit if your typical hrs differ
plumbing,PF11C,Water Delivery Fixture Renovation · Renovate sanitary piping and water seals · Can't leak supply system renovation · Area sanitization service · 1 year wa,Gas,plumbing,6.5,0,1202.00,1202.00,true,Non Inventory; hours est. from list @ $185/hr — edit if your typical hrs differ
plumbing,PF11D,Complete Water Delivery Fixture Renovation · High temperature calibration service · Renovate sanitary piping and water seals · Isolation control system r,Gas,plumbing,8,0,1502.00,1502.00,true,Non Inventory; hours est. from list @ $185/hr — edit if your typical hrs differ
plumbing,PF11E,Complete Water Delivery Fixture Renovation · High temperature calibration service · Renovate sanitary piping and water seals · Isolation control system r,Gas,plumbing,9.75,0,1802.00,1802.00,true,Non Inventory; hours est. from list @ $185/hr — edit if your typical hrs differ
plumbing,PF12A,Quick Fix Only · 30 day warranty,Gas,plumbing,3.75,0,689.00,689.00,true,Non Inventory; hours est. from list @ $185/hr — edit if your typical hrs differ
plumbing,PF12B,Main Component Renovations Only · Supply system restoration · 6 month warranty,Gas,plumbing,5.5,0,1034.00,1034.00,true,Non Inventory; hours est. from list @ $185/hr — edit if your typical hrs differ
plumbing,PF12C,Complete Water Delivery Fixture Renovation · Anti-scald safety system · Renovate sanitary piping and water traps · Can't leak supply system renovation · 1,Gas,plumbing,7.5,0,1378.00,1378.00,true,Non Inventory; hours est. from list @ $185/hr — edit if your typical hrs differ
plumbing,PF12D,Complete Water Delivery Fixture Renovation · Anti-scald safety system · Renovate sanitary piping and water traps · Component isolation control system rej,Gas,plumbing,9.25,0,1723.00,1723.00,true,Non Inventory; hours est. from list @ $185/hr — edit if your typical hrs differ
plumbing,PF12E,Complete Water Delivery Fixture Renovation · Anti-scald safety system · Renovate sanitary piping and water traps · Component isolation control system rej,Gas,plumbing,11.25,0,2067.00,2067.00,true,Non Inventory; hours est. from list @ $185/hr — edit if your typical hrs differ
plumbing,PF13A,Quick Fix · Minimum adjustment service · 30 day warranty,Gas,plumbing,1.75,0,322.00,322.00,true,Non Inventory; hours est. from list @ $185/hr — edit if your typical hrs differ
plumbing,PF13B,Basic Control System Rejuvenation · Performance and safety testing · 1 year warranty,Gas,plumbing,2.5,0,483.00,483.00,true,Non Inventory; hours est. from list @ $185/hr — edit if your typical hrs differ
plumbing,PF13C,Main Temperature Control System Renovation · Sanitary drain clean and flush · 1 year warranty,Gas,plumbing,3.5,0,644.00,644.00,true,Non Inventory; hours est. from list @ $185/hr — edit if your typical hrs differ
plumbing,PF13D,Complete Temperature Control System Renovation · High temperature safety service · Drain stop upgrade service · Sanitary drain clean and flush · Premium a,Gas,plumbing,4.25,0,805.00,805.00,true,Non Inventory; hours est. from list @ $185/hr — edit if your typical hrs differ
plumbing,PF13E,Complete Temperature Control System Renovation · High temperature safety service · Drain stop upgrade service · Sanitary drain clean and flush · Premium a,Gas,plumbing,5.25,0,966.00,966.00,true,Non Inventory; hours est. from list @ $185/hr — edit if your typical hrs differ
plumbing,PF14A,Quick Fix Only · 30 day warranty,Gas,plumbing,1,0,164.00,164.00,true,Non Inventory; hours est. from list @ $185/hr — edit if your typical hrs differ
plumbing,PF14B,Main Component Renovations Only · Supply system restoration · 6 month warranty,Gas,plumbing,1.5,0,296.00,296.00,true,Non Inventory; hours est. from list @ $185/hr — edit if your typical hrs differ
plumbing,PF14C,Complete Water Delivery Fixture Renovation · Anti-scald safety system · Renovate sanitary piping and water traps · Can't leak supply system renovation · 1,Gas,plumbing,2.5,0,452.00,452.00,true,Non Inventory; hours est. from list @ $185/hr — edit if your typical hrs differ
plumbing,PF14D,Complete Water Delivery Fixture Renovation · Anti-scald safety system · Renovate sanitary piping and water traps · Component isolation control system rej,Gas,plumbing,3,0,534.00,534.00,true,Non Inventory; hours est. from list @ $185/hr — edit if your typical hrs differ
plumbing,PF14E,Complete Water Delivery Fixture Renovation · Anti-scald safety system · Renovate sanitary piping and water traps · Component isolation control system rej,Gas,plumbing,3.5,0,657.00,657.00,true,Non Inventory; hours est. from list @ $185/hr — edit if your typical hrs differ
plumbing,PF15A,Basic Replacement Only · 30 day warranty,Gas,plumbing,1.5,0,265.00,265.00,true,Non Inventory; hours est. from list @ $185/hr — edit if your typical hrs differ
plumbing,PF15B,Main Water Delivery Fixture Only · Supply system restoration · 6 month warranty,Gas,plumbing,2.25,0,398.00,398.00,true,Non Inventory; hours est. from list @ $185/hr — edit if your typical hrs differ
plumbing,PF15C,Water Delivery Fixture Renovation · Renovate sanitary piping and water seals · Can't leak supply system renovation · Area sanitization service · 1 year wa,Gas,plumbing,2.75,0,531.00,531.00,true,Non Inventory; hours est. from list @ $185/hr — edit if your typical hrs differ
plumbing,PF15D,Complete Water Delivery Fixture Renovation · High temperature calibration service · Renovate sanitary piping and water seals · Isolation control system r,Gas,plumbing,3.5,0,664.00,664.00,true,Non Inventory; hours est. from list @ $185/hr — edit if your typical hrs differ
plumbing,PF15E,Complete Water Delivery Fixture Renovation · High temperature calibration service · Renovate sanitary piping and water seals · Isolation control system r,Gas,plumbing,4.25,0,796.00,796.00,true,Non Inventory; hours est. from list @ $185/hr — edit if your typical hrs differ
plumbing,PF16A,Basic Replacement Only · 30 day warranty,Gas,plumbing,2.25,0,404.00,404.00,true,Non Inventory; hours est. from list @ $185/hr — edit if your typical hrs differ
plumbing,PF16B,Main Water Delivery Fixture Only · Supply system restoration · 6 month warranty,Gas,plumbing,3.25,0,606.00,606.00,true,Non Inventory; hours est. from list @ $185/hr — edit if your typical hrs differ
plumbing,PF16C,Water Delivery Fixture Renovation · Renovate sanitary piping and water seals · Can't leak supply system renovation · Area sanitization service · 1 year wa,Gas,plumbing,4.25,0,809.00,809.00,true,Non Inventory; hours est. from list @ $185/hr — edit if your typical hrs differ
plumbing,PF16D,Complete Water Delivery Fixture Renovation · High temperature calibration service · Renovate sanitary piping and water seals · Isolation control system r,Gas,plumbing,5.5,0,1011.00,1011.00,true,Non Inventory; hours est. from list @ $185/hr — edit if your typical hrs differ
plumbing,PF16E,Complete Water Delivery Fixture Renovation · High temperature calibration service · Renovate sanitary piping and water seals · Isolation control system r,Gas,plumbing,6.5,0,1213.00,1213.00,true,Non Inventory; hours est. from list @ $185/hr — edit if your typical hrs differ
plumbing,PF1A,Quick Fix · Minimum adjustment service · 30 day warranty,Gas,plumbing,1.25,0,224.00,224.00,true,Non Inventory; hours est. from list @ $185/hr — edit if your typical hrs differ
plumbing,PF1B,PF1B,Gas,plumbing,3.75,0,687.00,687.00,true,Non Inventory; hours est. from list @ $185/hr — edit if your typical hrs differ
plumbing,PF1C,Main Temperature Control System Renovation · Sanitary drain clean and flush · 1 year warranty,Gas,plumbing,2.5,0,449.00,449.00,true,Non Inventory; hours est. from list @ $185/hr — edit if your typical hrs differ
plumbing,PF1D,Complete Temperature Control System Renovation · High temperature safety service · Drain stop upgrade service · Sanitary drain clean and flush · Premium a,Gas,plumbing,3,0,561.00,561.00,true,Non Inventory; hours est. from list @ $185/hr — edit if your typical hrs differ
plumbing,PF1E,Complete Temperature Control System Renovation · High temperature safety service · Drain stop upgrade service · Sanitary drain clean and flush · Premium a,Gas,plumbing,3.75,0,673.00,673.00,true,Non Inventory; hours est. from list @ $185/hr — edit if your typical hrs differ
plumbing,PF2A,Quick Fix · Minimum adjustment service · 30 day warranty,Gas,plumbing,2.5,0,469.00,469.00,true,Non Inventory; hours est. from list @ $185/hr — edit if your typical hrs differ
plumbing,PF2B,Basic Control System Rejuvenation · Performance and safety testing · 1 year warranty,Gas,plumbing,3.75,0,703.00,703.00,true,Non Inventory; hours est. from list @ $185/hr — edit if your typical hrs differ
plumbing,PF2C,Main Temperature Control System Renovation · Sanitary drain clean and flush · 1 year warranty,Gas,plumbing,5,0,938.00,938.00,true,Non Inventory; hours est. from list @ $185/hr — edit if your typical hrs differ
plumbing,PF2D,Complete Temperature Control System Renovation · High temperature safety service · Drain stop upgrade service · Sanitary drain clean and flush · Premium a,Gas,plumbing,6.25,0,1172.00,1172.00,true,Non Inventory; hours est. from list @ $185/hr — edit if your typical hrs differ
plumbing,PF2E,Complete Temperature Control System Renovation · High temperature safety service · Drain stop upgrade service · Sanitary drain clean and flush · Premium a,Gas,plumbing,7.5,0,1406.00,1406.00,true,Non Inventory; hours est. from list @ $185/hr — edit if your typical hrs differ
plumbing,PF3A,Quick Fix · Minimum adjustment service · 30 day warranty,Gas,plumbing,3.5,0,661.00,661.00,true,Non Inventory; hours est. from list @ $185/hr — edit if your typical hrs differ
plumbing,PF3B,Basic Control System Rejuvenation · Performance and safety testing · 1 year warranty,Gas,plumbing,5.25,0,991.00,991.00,true,Non Inventory; hours est. from list @ $185/hr — edit if your typical hrs differ
plumbing,PF3C,Main Temperature Control System Renovation · Sanitary drain clean and flush · 1 year warranty,Gas,plumbing,7.25,0,1322.00,1322.00,true,Non Inventory; hours est. from list @ $185/hr — edit if your typical hrs differ
plumbing,PF3D,Complete Temperature Control System Renovation · High temperature safety service · Drain stop upgrade service · Sanitary drain clean and flush · Premium a,Gas,plumbing,9,0,1652.00,1652.00,true,Non Inventory; hours est. from list @ $185/hr — edit if your typical hrs differ
plumbing,PF3E,Complete Temperature Control System Renovation · High temperature safety service · Drain stop upgrade service · Sanitary drain clean and flush · Premium a,Gas,plumbing,10.75,0,1982.00,1982.00,true,Non Inventory; hours est. from list @ $185/hr — edit if your typical hrs differ
plumbing,PF4A,Quick Fix Only · 30 day warranty,Gas,plumbing,1.75,0,325.00,325.00,true,Non Inventory; hours est. from list @ $185/hr — edit if your typical hrs differ
plumbing,PF4B,PF4B,Gas,plumbing,2,0,384.00,384.00,true,Non Inventory; hours est. from list @ $185/hr — edit if your typical hrs differ
plumbing,PF4C,Basic Fixture Renovation · Renovate sanitary piping and water traps · Isolation control system renovation · Can't leak supply system renovation · 1 year w,Gas,plumbing,3.5,0,650.00,650.00,true,Non Inventory; hours est. from list @ $185/hr — edit if your typical hrs differ
plumbing,PF4D,Complete Water Delivery Fixture Renovation · Anti-scald safety system · Renovate sanitary piping and water traps · Component isolation control system rej,Gas,plumbing,4.5,0,812.00,812.00,true,Non Inventory; hours est. from list @ $185/hr — edit if your typical hrs differ
plumbing,PF4E,Complete Water Delivery Fixture Renovation · Anti-scald safety system · Renovate sanitary piping and water traps · Component isolation control system rej,Gas,plumbing,5.25,0,974.00,974.00,true,Non Inventory; hours est. from list @ $185/hr — edit if your typical hrs differ
plumbing,PF5A,Basic Replacement Only · 30 day warranty,Gas,plumbing,2.5,0,465.00,465.00,true,Non Inventory; hours est. from list @ $185/hr — edit if your typical hrs differ
plumbing,PF5B,PF5B,Gas,plumbing,2.75,0,521.00,521.00,true,Non Inventory; hours est. from list @ $185/hr — edit if your typical hrs differ
plumbing,PF5C,Water Delivery Fixture Renovation · Renovate sanitary piping and water seals · Can't leak supply system renovation · Area sanitization service · 1 year wa,Gas,plumbing,5,0,931.00,931.00,true,Non Inventory; hours est. from list @ $185/hr — edit if your typical hrs differ
plumbing,PF5D,Complete Water Delivery Fixture Renovation · High temperature calibration service · Renovate sanitary piping and water seals · Isolation control system r,Gas,plumbing,6.25,0,1163.00,1163.00,true,Non Inventory; hours est. from list @ $185/hr — edit if your typical hrs differ
plumbing,PF5E,Complete Water Delivery Fixture Renovation · High temperature calibration service · Renovate sanitary piping and water seals · Isolation control system r,Gas,plumbing,7.5,0,1396.00,1396.00,true,Non Inventory; hours est. from list @ $185/hr — edit if your typical hrs differ
plumbing,PF6A,Quick Fix Only · 30 day warranty,Gas,plumbing,1.5,0,283.00,283.00,true,Non Inventory; hours est. from list @ $185/hr — edit if your typical hrs differ
plumbing,PF6B,Main Component Renovations Only · Supply system restoration · 6 month warranty,Gas,plumbing,2.25,0,424.00,424.00,true,Non Inventory; hours est. from list @ $185/hr — edit if your typical hrs differ
plumbing,PF6C,Complete Water Delivery Fixture Renovation · Anti-scald safety system · Renovate sanitary piping and water traps · Can't leak supply system renovation · 1,Gas,plumbing,3,0,565.00,565.00,true,Non Inventory; hours est. from list @ $185/hr — edit if your typical hrs differ
plumbing,PF6D,Complete Water Delivery Fixture Renovation · Anti-scald safety system · Renovate sanitary piping and water traps · Component isolation control system rej,Gas,plumbing,3.75,0,707.00,707.00,true,Non Inventory; hours est. from list @ $185/hr — edit if your typical hrs differ
plumbing,PF6E,Complete Water Delivery Fixture Renovation · Anti-scald safety system · Renovate sanitary piping and water traps · Component isolation control system rej,Gas,plumbing,4.5,0,848.00,848.00,true,Non Inventory; hours est. from list @ $185/hr — edit if your typical hrs differ
plumbing,PF7A,Quick Fix Only · 30 day warranty,Gas,plumbing,2.25,0,409.00,409.00,true,Non Inventory; hours est. from list @ $185/hr — edit if your typical hrs differ
plumbing,PF7B,Main Component Renovations Only · Supply system restoration · Basic inspection service · 6 month warranty,Gas,plumbing,3.25,0,613.00,613.00,true,Non Inventory; hours est. from list @ $185/hr — edit if your typical hrs differ
plumbing,PF7C,Basic Fixture Renovation · Renovate sanitary piping and water traps · Isolation control system renovation · Can't leak supply system renovation · 1 year w,Gas,plumbing,4.5,0,818.00,818.00,true,Non Inventory; hours est. from list @ $185/hr — edit if your typical hrs differ
plumbing,PF7D,Complete Water Delivery Fixture Renovation · Anti-scald safety system · Renovate sanitary piping and water traps · Component isolation control system rej,Gas,plumbing,5.5,0,1022.00,1022.00,true,Non Inventory; hours est. from list @ $185/hr — edit if your typical hrs differ
plumbing,PF7E,Complete Water Delivery Fixture Renovation · Anti-scald safety system · Renovate sanitary piping and water traps · Component isolation control system rej,Gas,plumbing,6.75,0,1226.00,1226.00,true,Non Inventory; hours est. from list @ $185/hr — edit if your typical hrs differ
plumbing,PF8A,Quick Fix · Tighten and adjust · 30 day warranty,Gas,plumbing,1.5,0,285.00,285.00,true,Non Inventory; hours est. from list @ $185/hr — edit if your typical hrs differ
plumbing,PF8B,Rebuild Internal Water Removal System · Sanitary drain clean and flush · 6 month warranty,Gas,plumbing,2.25,0,428.00,428.00,true,Non Inventory; hours est. from list @ $185/hr — edit if your typical hrs differ
plumbing,PF8C,Water Removal System Renovation · Sanitary drain clean and flush · No drip safety inspection · Quick seal drain stop renovation · 1 year warranty,Gas,plumbing,3,0,571.00,571.00,true,Non Inventory; hours est. from list @ $185/hr — edit if your typical hrs differ
plumbing,PF8D,Complete Water Removal System Renovation · Can't leak connection upgrade · Sanitary drain clean and flush · Waste line treatment service · Infrastructure,Gas,plumbing,3.75,0,713.00,713.00,true,Non Inventory; hours est. from list @ $185/hr — edit if your typical hrs differ
plumbing,PF8E,Complete Water Removal System Renovation · Can't leak connection upgrade · Sanitary drain clean and flush · Waste line treatment service · Infrastructure,Gas,plumbing,4.75,0,856.00,856.00,true,Non Inventory; hours est. from list @ $185/hr — edit if your typical hrs differ
plumbing,PF9A,Quick Fix · Tighten and adjust · 30 day warranty,Gas,plumbing,2.5,0,477.00,477.00,true,Non Inventory; hours est. from list @ $185/hr — edit if your typical hrs differ
plumbing,PF9B,Rebuild Internal Water Removal System · Sanitary drain clean and flush · 6 month warranty,Gas,plumbing,3.75,0,716.00,716.00,true,Non Inventory; hours est. from list @ $185/hr — edit if your typical hrs differ
plumbing,PF9C,Water Removal System Renovation · Sanitary drain clean and flush · No drip safety inspection · Quick seal drain stop renovation · 1 year warranty,Gas,plumbing,5.25,0,955.00,955.00,true,Non Inventory; hours est. from list @ $185/hr — edit if your typical hrs differ
plumbing,PF9D,Complete Water Removal System Renovation · Can't leak connection upgrade · Sanitary drain clean and flush · Waste line treatment service · Infrastructure,Gas,plumbing,6.5,0,1194.00,1194.00,true,Non Inventory; hours est. from list @ $185/hr — edit if your typical hrs differ
plumbing,PF9E,Complete Water Removal System Renovation · Can't leak connection upgrade · Sanitary drain clean and flush · Waste line treatment service · Infrastructure,Gas,plumbing,7.75,0,1432.00,1432.00,true,Non Inventory; hours est. from list @ $185/hr — edit if your typical hrs differ
plumbing,PG10A,Basic Fixture Replacement Only · 30 day warranty,Disposals,plumbing,5.5,0,999.00,999.00,true,Non Inventory; hours est. from list @ $185/hr — edit if your typical hrs differ
plumbing,PG10B,Main Fixture Renovation Only · Upgrade to can't leak supply lines · No drip safety inspection · 6 month warranty,Disposals,plumbing,8,0,1499.00,1499.00,true,Non Inventory; hours est. from list @ $185/hr — edit if your typical hrs differ
plumbing,PG10C,Water Delivery Fixture Renovation · Renovate sanitary piping and water seals · Restore secondary drain to clean condition · Upgrade to can't leak supply,Disposals,plumbing,10.75,0,1999.00,1999.00,true,Non Inventory; hours est. from list @ $185/hr — edit if your typical hrs differ
plumbing,PG10D,Complete Water Delivery Fixture Renovation · Renovate sanitary piping and water seals · Restore secondary drain to clean condition · Upgrade to can't lea,Disposals,plumbing,13.5,0,2498.00,2498.00,true,Non Inventory; hours est. from list @ $185/hr — edit if your typical hrs differ
plumbing,PG10E,Complete Water Delivery Fixture Renovation · Renovate sanitary piping and water seals · Restore secondary drain to clean condition · Upgrade to can't lea,Disposals,plumbing,16.25,0,2998.00,2998.00,true,Non Inventory; hours est. from list @ $185/hr — edit if your typical hrs differ
plumbing,PG11A,Quick Fix · 30 day warranty,Disposals,plumbing,1,0,181.00,181.00,true,Non Inventory; hours est. from list @ $185/hr — edit if your typical hrs differ
plumbing,PG11B,Main Component Rejuvenation · Connection seal restoration · No drip safety inspection · 6 month warranty,Disposals,plumbing,1.5,0,272.00,272.00,true,Non Inventory; hours est. from list @ $185/hr — edit if your typical hrs differ
plumbing,PG11C,Basic Fixture Renovation · Rejuvenate sanitary piping and connection seals · Restore sanitary drain to clean condition · Upgrade to new can't leak supply,Disposals,plumbing,2,0,362.00,362.00,true,Non Inventory; hours est. from list @ $185/hr — edit if your typical hrs differ
plumbing,PG11D,Complete Water Delivery Fixture Renovation · Rejuvenate sanitary piping and connection seals · Restore sanitary drain to clean condition · Upgrade to new,Disposals,plumbing,2.5,0,453.00,453.00,true,Non Inventory; hours est. from list @ $185/hr — edit if your typical hrs differ
plumbing,PG11E,Complete Water Delivery Fixture Renovation · Rejuvenate sanitary piping and connection seals · Restore sanitary drain to clean condition · Upgrade to new,Disposals,plumbing,3,0,544.00,544.00,true,Non Inventory; hours est. from list @ $185/hr — edit if your typical hrs differ
plumbing,PG12A,Quick Fix · 30 day warranty,Disposals,plumbing,2,0,358.00,358.00,true,Non Inventory; hours est. from list @ $185/hr — edit if your typical hrs differ
plumbing,PG12B,Main Fixture Renovation Only · No drip safety inspection · 6 month warranty,Disposals,plumbing,3,0,537.00,537.00,true,Non Inventory; hours est. from list @ $185/hr — edit if your typical hrs differ
plumbing,PG12C,Complete Water Delivery Fixture Renovation · Rejuvenate sanitary piping and connection seals · Restore sanitary drain to clean condition · Upgrade to new,Disposals,plumbing,3.75,0,716.00,716.00,true,Non Inventory; hours est. from list @ $185/hr — edit if your typical hrs differ
plumbing,PG12D,Complete Water Delivery Fixture Renovation · Rejuvenate sanitary piping and connection seals · Restore sanitary drain to clean condition · Upgrade to new,Disposals,plumbing,4.75,0,895.00,895.00,true,Non Inventory; hours est. from list @ $185/hr — edit if your typical hrs differ
plumbing,PG12E,Complete Water Delivery Fixture Renovation · Rejuvenate sanitary piping and connection seals · Restore sanitary drain to clean condition · Upgrade to new,Disposals,plumbing,5.75,0,1074.00,1074.00,true,Non Inventory; hours est. from list @ $185/hr — edit if your typical hrs differ
plumbing,PG13A,Quick Fix · 30 day warranty,Disposals,plumbing,3,0,541.00,541.00,true,Non Inventory; hours est. from list @ $185/hr — edit if your typical hrs differ
plumbing,PG13B,Main Fixture Renovation Only · No drip safety inspection · 6 month warranty,Disposals,plumbing,4.5,0,812.00,812.00,true,Non Inventory; hours est. from list @ $185/hr — edit if your typical hrs differ
plumbing,PG13C,Complete Water Delivery Fixture Renovation · Rejuvenate sanitary piping and connection seals · Restore sanitary drain to clean condition · Upgrade to new,Disposals,plumbing,5.75,0,1082.00,1082.00,true,Non Inventory; hours est. from list @ $185/hr — edit if your typical hrs differ
plumbing,PG13D,Complete Water Delivery Fixture Renovation · Rejuvenate sanitary piping and connection seals · Restore sanitary drain to clean condition · Upgrade to new,Disposals,plumbing,7.25,0,1353.00,1353.00,true,Non Inventory; hours est. from list @ $185/hr — edit if your typical hrs differ
plumbing,PG13E,Complete Water Delivery Fixture Renovation · Rejuvenate sanitary piping and connection seals · Restore sanitary drain to clean condition · Upgrade to new,Disposals,plumbing,8.75,0,1624.00,1624.00,true,Non Inventory; hours est. from list @ $185/hr — edit if your typical hrs differ
plumbing,PG1A,Quick Fix · 30 day warranty,Disposals,plumbing,3,0,554.00,554.00,true,Non Inventory; hours est. from list @ $185/hr — edit if your typical hrs differ
plumbing,PG1B,PG1B,Disposals,plumbing,2,0,385.00,385.00,true,Non Inventory; hours est. from list @ $185/hr — edit if your typical hrs differ
plumbing,PG1C,Complete Water Delivery Fixture Renovation · Rejuvenate sanitary piping and connection seals · Restore sanitary drain to clean condition · Upgrade to new,Disposals,plumbing,6,0,1108.00,1108.00,true,Non Inventory; hours est. from list @ $185/hr — edit if your typical hrs differ
plumbing,PG1D,Complete Water Delivery Fixture Renovation · Rejuvenate sanitary piping and connection seals · Restore sanitary drain to clean condition · Upgrade to new,Disposals,plumbing,7.5,0,1385.00,1385.00,true,Non Inventory; hours est. from list @ $185/hr — edit if your typical hrs differ
plumbing,PG1E,Complete Water Delivery Fixture Renovation · Rejuvenate sanitary piping and connection seals · Restore sanitary drain to clean condition · Upgrade to new,Disposals,plumbing,9,0,1662.00,1662.00,true,Non Inventory; hours est. from list @ $185/hr — edit if your typical hrs differ
plumbing,PG2A,Quick Fix · 30 day warranty,Disposals,plumbing,3.75,0,711.00,711.00,true,Non Inventory; hours est. from list @ $185/hr — edit if your typical hrs differ
plumbing,PG2B,PG2B,Disposals,plumbing,3,0,578.00,578.00,true,Non Inventory; hours est. from list @ $185/hr — edit if your typical hrs differ
plumbing,PG2C,Basic Fixture Renovation · Rejuvenate sanitary piping and connection seals · Restore sanitary drain to clean condition · Upgrade to new can't leak supply,Disposals,plumbing,7.75,0,1423.00,1423.00,true,Non Inventory; hours est. from list @ $185/hr — edit if your typical hrs differ
plumbing,PG2D,Complete Water Delivery Fixture Renovation · Rejuvenate sanitary piping and connection seals · Restore sanitary drain to clean condition · Upgrade to new,Disposals,plumbing,9.5,0,1778.00,1778.00,true,Non Inventory; hours est. from list @ $185/hr — edit if your typical hrs differ
plumbing,PG2E,Complete Water Delivery Fixture Renovation · Rejuvenate sanitary piping and connection seals · Restore sanitary drain to clean condition · Upgrade to new,Disposals,plumbing,11.5,0,2134.00,2134.00,true,Non Inventory; hours est. from list @ $185/hr — edit if your typical hrs differ
plumbing,PG3A,Quick Fix Only · 30 day warranty,Disposals,plumbing,3,0,556.00,556.00,true,Non Inventory; hours est. from list @ $185/hr — edit if your typical hrs differ
plumbing,PG3B,PG3B,Disposals,plumbing,2.75,0,517.00,517.00,true,Non Inventory; hours est. from list @ $185/hr — edit if your typical hrs differ
plumbing,PG3C,Complete Inline Waste Grinding System Renovation · Rejuvenate sanitary piping system · Restore sanitary drain to clean condition · Upgrade to new can't l,Disposals,plumbing,6,0,1113.00,1113.00,true,Non Inventory; hours est. from list @ $185/hr — edit if your typical hrs differ
plumbing,PG3D,Complete Inline Waste Grinding System Renovation · Rejuvenate sanitary piping system · Restore sanitary drain to clean condition · Upgrade to new no drip,Disposals,plumbing,7.5,0,1391.00,1391.00,true,Non Inventory; hours est. from list @ $185/hr — edit if your typical hrs differ
plumbing,PG3E,Complete Inline Waste Grinding System Renovation · Rejuvenate sanitary piping system · Restore sanitary drain to clean condition · Upgrade to new no drip,Disposals,plumbing,9,0,1669.00,1669.00,true,Non Inventory; hours est. from list @ $185/hr — edit if your typical hrs differ
plumbing,PG4A,Quick Fix Only · 30 day warranty,Disposals,plumbing,4.5,0,845.00,845.00,true,Non Inventory; hours est. from list @ $185/hr — edit if your typical hrs differ
plumbing,PG4B,Main Component Renovations Only · No drip safety testing · 6 month warranty,Disposals,plumbing,6.75,0,1268.00,1268.00,true,Non Inventory; hours est. from list @ $185/hr — edit if your typical hrs differ
plumbing,PG4C,Complete Inline Waste Grinding System Renovation · Rejuvenate sanitary piping system · Restore sanitary drain to clean condition · Upgrade to new can't l,Disposals,plumbing,9.25,0,1690.00,1690.00,true,Non Inventory; hours est. from list @ $185/hr — edit if your typical hrs differ
plumbing,PG4D,Complete Inline Waste Grinding System Renovation · Rejuvenate sanitary piping system · Restore sanitary drain to clean condition · Upgrade to new no drip,Disposals,plumbing,11.5,0,2113.00,2113.00,true,Non Inventory; hours est. from list @ $185/hr — edit if your typical hrs differ
plumbing,PG4E,Complete Inline Waste Grinding System Renovation · Rejuvenate sanitary piping system · Restore sanitary drain to clean condition · Upgrade to new no drip,Disposals,plumbing,13.75,0,2536.00,2536.00,true,Non Inventory; hours est. from list @ $185/hr — edit if your typical hrs differ
plumbing,PG5A,Quick Fix · 30 day warranty,Disposals,plumbing,1.75,0,318.00,318.00,true,Non Inventory; hours est. from list @ $185/hr — edit if your typical hrs differ
plumbing,PG5B,Main Component Rejuvenation · Connection seal restoration · No drip safety inspection · 6 month warranty,Disposals,plumbing,2.5,0,477.00,477.00,true,Non Inventory; hours est. from list @ $185/hr — edit if your typical hrs differ
plumbing,PG5C,Basic Fixture Renovation · Rejuvenate sanitary piping and connection seals · Restore sanitary drain to clean condition · Upgrade to new can't leak supply,Disposals,plumbing,3.5,0,636.00,636.00,true,Non Inventory; hours est. from list @ $185/hr — edit if your typical hrs differ
plumbing,PG5D,Complete Water Delivery Fixture Renovation · Rejuvenate sanitary piping and connection seals · Restore sanitary drain to clean condition · Upgrade to new,Disposals,plumbing,4.25,0,795.00,795.00,true,Non Inventory; hours est. from list @ $185/hr — edit if your typical hrs differ
plumbing,PG5E,Complete Water Delivery Fixture Renovation · Rejuvenate sanitary piping and connection seals · Restore sanitary drain to clean condition · Upgrade to new,Disposals,plumbing,5.25,0,954.00,954.00,true,Non Inventory; hours est. from list @ $185/hr — edit if your typical hrs differ
plumbing,PG6A,Quick Fix - Loop Support System · 30 day warranty,Disposals,plumbing,2.5,0,469.00,469.00,true,Non Inventory; hours est. from list @ $185/hr — edit if your typical hrs differ
plumbing,PG6B,Main Component Rejuvenation · Connection seal restoration · No drip safety inspection · 6 month warranty,Disposals,plumbing,3.75,0,703.00,703.00,true,Non Inventory; hours est. from list @ $185/hr — edit if your typical hrs differ
plumbing,PG6C,Basic Backflow Protection System · Rejuvenate sanitary piping and connection seals · Restore sanitary drain to clean condition · Upgrade to new can't lea,Disposals,plumbing,5,0,938.00,938.00,true,Non Inventory; hours est. from list @ $185/hr — edit if your typical hrs differ
plumbing,PG6D,In-Home Backflow Protection System · Rejuvenate sanitary piping and connection seals · Restore sanitary drain to clean condition · Upgrade to new no drip,Disposals,plumbing,6.25,0,1172.00,1172.00,true,Non Inventory; hours est. from list @ $185/hr — edit if your typical hrs differ
plumbing,PG6E,In-Home Backflow Protection System · Rejuvenate sanitary piping and connection seals · Restore sanitary drain to clean condition · Upgrade to new no drip,Disposals,plumbing,7.5,0,1406.00,1406.00,true,Non Inventory; hours est. from list @ $185/hr — edit if your typical hrs differ
plumbing,PG7A,Quick Fix - Loop Support System · 30 day warranty,Disposals,plumbing,1.75,0,326.00,326.00,true,Non Inventory; hours est. from list @ $185/hr — edit if your typical hrs differ
plumbing,PG7B,Main Component Rejuvenation · Connection seal restoration · No drip safety inspection · 6 month warranty,Disposals,plumbing,2.75,0,489.00,489.00,true,Non Inventory; hours est. from list @ $185/hr — edit if your typical hrs differ
plumbing,PG7C,Basic Backflow Protection System · Rejuvenate sanitary piping and connection seals · Restore sanitary drain to clean condition · Upgrade to new can't lea,Disposals,plumbing,3.5,0,652.00,652.00,true,Non Inventory; hours est. from list @ $185/hr — edit if your typical hrs differ
plumbing,PG7D,In-Home Backflow Protection System · Rejuvenate sanitary piping and connection seals · Restore sanitary drain to clean condition · Upgrade to new no drip,Disposals,plumbing,4.5,0,815.00,815.00,true,Non Inventory; hours est. from list @ $185/hr — edit if your typical hrs differ
plumbing,PG7E,In-Home Backflow Protection System · Rejuvenate sanitary piping and connection seals · Restore sanitary drain to clean condition · Upgrade to new no drip,Disposals,plumbing,5.25,0,978.00,978.00,true,Non Inventory; hours est. from list @ $185/hr — edit if your typical hrs differ
plumbing,PG8A,Quick Fix - Loop Support System · 30 day warranty,Disposals,plumbing,2.5,0,465.00,465.00,true,Non Inventory; hours est. from list @ $185/hr — edit if your typical hrs differ
plumbing,PG8B,Main Component Rejuvenation · Connection seal restoration · No drip safety inspection · 6 month warranty,Disposals,plumbing,3.75,0,698.00,698.00,true,Non Inventory; hours est. from list @ $185/hr — edit if your typical hrs differ
plumbing,PG8C,Basic Backflow Protection System · Rejuvenate sanitary piping and connection seals · Restore sanitary drain to clean condition · Upgrade to new can't lea,Disposals,plumbing,5,0,931.00,931.00,true,Non Inventory; hours est. from list @ $185/hr — edit if your typical hrs differ
plumbing,PG8D,In-Home Backflow Protection System · Rejuvenate sanitary piping and connection seals · Restore sanitary drain to clean condition · Upgrade to new no drip,Disposals,plumbing,6.25,0,1163.00,1163.00,true,Non Inventory; hours est. from list @ $185/hr — edit if your typical hrs differ
plumbing,PG8E,In-Home Backflow Protection System · Rejuvenate sanitary piping and connection seals · Restore sanitary drain to clean condition · Upgrade to new no drip,Disposals,plumbing,7.5,0,1396.00,1396.00,true,Non Inventory; hours est. from list @ $185/hr — edit if your typical hrs differ
plumbing,PG9A,Basic Fixture Replacement Only · 30 day warranty,Disposals,plumbing,4.75,0,862.00,862.00,true,Non Inventory; hours est. from list @ $185/hr — edit if your typical hrs differ
plumbing,PG9B,Main Fixture Renovation Only · Upgrade to can't leak supply lines · No drip safety inspection · 6 month warranty,Disposals,plumbing,7,0,1293.00,1293.00,true,Non Inventory; hours est. from list @ $185/hr — edit if your typical hrs differ
plumbing,PG9C,Water Delivery Fixture Renovation · Renovate sanitary piping and water seals · Restore secondary drain to clean condition · Upgrade to can't leak supply,Disposals,plumbing,9.25,0,1724.00,1724.00,true,Non Inventory; hours est. from list @ $185/hr — edit if your typical hrs differ
plumbing,PG9D,Complete Water Delivery Fixture Renovation · Renovate sanitary piping and water seals · Restore secondary drain to clean condition · Upgrade to can't lea,Disposals,plumbing,11.75,0,2155.00,2155.00,true,Non Inventory; hours est. from list @ $185/hr — edit if your typical hrs differ
plumbing,PG9E,Complete Water Delivery Fixture Renovation · Renovate sanitary piping and water seals · Restore secondary drain to clean condition · Upgrade to can't lea,Disposals,plumbing,14,0,2586.00,2586.00,true,Non Inventory; hours est. from list @ $185/hr — edit if your typical hrs differ
plumbing,PH10A,Quick Fix (Basic hookup only) · 30 day warranty,Hose / Laundry,plumbing,2.75,0,529.00,529.00,true,Non Inventory; hours est. from list @ $185/hr — edit if your typical hrs differ
plumbing,PH10B,Main Supply System Renovation · Basic isolation system installation · Leak and safety inspection · 6 month warranty,Hose / Laundry,plumbing,4.25,0,793.00,793.00,true,Non Inventory; hours est. from list @ $185/hr — edit if your typical hrs differ
plumbing,PH10C,Water Delivery System Installation · No drip supply system renovation · Area isolation control system rejuvenation · Performance and safety testing · Bas,Hose / Laundry,plumbing,5.75,0,1058.00,1058.00,true,Non Inventory; hours est. from list @ $185/hr — edit if your typical hrs differ
plumbing,PH10D,Complete Water Delivery System Installation · No drip supply system renovation · Area isolation control system rejuvenation · Main component restoration,Hose / Laundry,plumbing,7.25,0,1322.00,1322.00,true,Non Inventory; hours est. from list @ $185/hr — edit if your typical hrs differ
plumbing,PH10E,Complete Water Delivery System Installation · No drip supply system renovation · Area isolation control system rejuvenation · Main component restoration,Hose / Laundry,plumbing,8.5,0,1586.00,1586.00,true,Non Inventory; hours est. from list @ $185/hr — edit if your typical hrs differ
plumbing,PH11A,Quick Fix · Basic ice maker repair only,Hose / Laundry,plumbing,2.25,0,409.00,409.00,true,Non Inventory; hours est. from list @ $185/hr — edit if your typical hrs differ
plumbing,PH11B,Main Production System Restoration · No drip supply system restoration · Inspect all other connections · 6 month warranty,Hose / Laundry,plumbing,3.25,0,613.00,613.00,true,Non Inventory; hours est. from list @ $185/hr — edit if your typical hrs differ
plumbing,PH11C,Ice Production System Renovation · Install isolation control system · Upgrade to no drip supply system · Basic filter upgrade · 1 year warranty,Hose / Laundry,plumbing,4.5,0,818.00,818.00,true,Non Inventory; hours est. from list @ $185/hr — edit if your typical hrs differ
plumbing,PH11D,Complete Ice Production System Renovation · Install isolation control system · Upgrade to no drip supply system · Install inline contamination clean up,Hose / Laundry,plumbing,5.5,0,1022.00,1022.00,true,Non Inventory; hours est. from list @ $185/hr — edit if your typical hrs differ
plumbing,PH11E,Complete Ice Production System Renovation · Install isolation control system · Upgrade to no drip supply system · Install inline contamination clean up,Hose / Laundry,plumbing,6.75,0,1226.00,1226.00,true,Non Inventory; hours est. from list @ $185/hr — edit if your typical hrs differ
plumbing,PH12A,Quick Fix Only · 30 day warranty,Hose / Laundry,plumbing,1.75,0,332.00,332.00,true,Non Inventory; hours est. from list @ $185/hr — edit if your typical hrs differ
plumbing,PH12B,Main Component Renovations Only · Supply system restoration · 6 month warranty,Hose / Laundry,plumbing,2.75,0,498.00,498.00,true,Non Inventory; hours est. from list @ $185/hr — edit if your typical hrs differ
plumbing,PH12C,Rinsing Station Renovation · Drain line restoration service · Renovate sanitary piping and water traps · Can't leak supply system renovation · 1 year war,Hose / Laundry,plumbing,3.5,0,664.00,664.00,true,Non Inventory; hours est. from list @ $185/hr — edit if your typical hrs differ
plumbing,PH12D,Complete Rinsing Station Renovation · Anti-scald safety system · Renovate sanitary piping and water traps · Component isolation control system rejuvenati,Hose / Laundry,plumbing,4.5,0,830.00,830.00,true,Non Inventory; hours est. from list @ $185/hr — edit if your typical hrs differ
plumbing,PH12E,Complete Rinsing Station Renovation · Anti-scald safety system · Renovate sanitary piping and water traps · Component isolation control system rejuvenati,Hose / Laundry,plumbing,5.5,0,995.00,995.00,true,Non Inventory; hours est. from list @ $185/hr — edit if your typical hrs differ
plumbing,PH13A,Quick Fix Only · 30 day warranty,Hose / Laundry,plumbing,3.5,0,630.00,630.00,true,Non Inventory; hours est. from list @ $185/hr — edit if your typical hrs differ
plumbing,PH13B,Main Component Renovations Only · Supply system restoration · 6 month warranty,Hose / Laundry,plumbing,5,0,945.00,945.00,true,Non Inventory; hours est. from list @ $185/hr — edit if your typical hrs differ
plumbing,PH13C,Rinsing Station Renovation · Drain line restoration service · Renovate sanitary piping and water traps · Can't leak supply system renovation · 1 year war,Hose / Laundry,plumbing,6.75,0,1261.00,1261.00,true,Non Inventory; hours est. from list @ $185/hr — edit if your typical hrs differ
plumbing,PH13D,Complete Rinsing Station Renovation · Anti-scald safety system · Renovate sanitary piping and water traps · Component isolation control system rejuvenati,Hose / Laundry,plumbing,8.5,0,1576.00,1576.00,true,Non Inventory; hours est. from list @ $185/hr — edit if your typical hrs differ
plumbing,PH13E,Complete Rinsing Station Renovation · Anti-scald safety system · Renovate sanitary piping and water traps · Component isolation control system rejuvenati,Hose / Laundry,plumbing,10.25,0,1891.00,1891.00,true,Non Inventory; hours est. from list @ $185/hr — edit if your typical hrs differ
plumbing,PH14A,Quick Fix Only · 30 day warranty,Hose / Laundry,plumbing,4.5,0,841.00,841.00,true,Non Inventory; hours est. from list @ $185/hr — edit if your typical hrs differ
plumbing,PH14B,Main Component Renovations Only · Supply system restoration · 6 month warranty,Hose / Laundry,plumbing,6.75,0,1261.00,1261.00,true,Non Inventory; hours est. from list @ $185/hr — edit if your typical hrs differ
plumbing,PH14C,Rinsing Station Renovation · Drain line restoration service · Renovate sanitary piping and water traps · Can't leak supply system renovation · 1 year war,Hose / Laundry,plumbing,9,0,1682.00,1682.00,true,Non Inventory; hours est. from list @ $185/hr — edit if your typical hrs differ
plumbing,PH14D,Complete Rinsing Station Renovation · Anti-scald safety system · Renovate sanitary piping and water traps · Component isolation control system rejuvenati,Hose / Laundry,plumbing,11.25,0,2102.00,2102.00,true,Non Inventory; hours est. from list @ $185/hr — edit if your typical hrs differ
plumbing,PH14E,Complete Rinsing Station Renovation · Anti-scald safety system · Renovate sanitary piping and water traps · Component isolation control system rejuvenati,Hose / Laundry,plumbing,13.75,0,2522.00,2522.00,true,Non Inventory; hours est. from list @ $185/hr — edit if your typical hrs differ
plumbing,PH15A,Quick Fix (Basic hookup only) · 30 day warranty,Hose / Laundry,plumbing,1.75,0,301.00,301.00,true,Non Inventory; hours est. from list @ $185/hr — edit if your typical hrs differ
plumbing,PH15B,Main Supply System Renovation · Basic isolation system installation · Leak and safety inspection · 6 month warranty,Hose / Laundry,plumbing,2.5,0,452.00,452.00,true,Non Inventory; hours est. from list @ $185/hr — edit if your typical hrs differ
plumbing,PH15C,Fuel Delivery System Installation · No leak supply system renovation · Area isolation control system rejuvenation · Performance and safety testing · Basi,Hose / Laundry,plumbing,3.25,0,602.00,602.00,true,Non Inventory; hours est. from list @ $185/hr — edit if your typical hrs differ
plumbing,PH15D,Complete Fuel Delivery System Installation · No leak supply system renovation · Area isolation control system rejuvenation · Main component restoration,Hose / Laundry,plumbing,4,0,753.00,753.00,true,Non Inventory; hours est. from list @ $185/hr — edit if your typical hrs differ
plumbing,PH15E,Complete Fuel Delivery System Installation · No leak supply system renovation · Area isolation control system rejuvenation · Main component restoration,Hose / Laundry,plumbing,5,0,904.00,904.00,true,Non Inventory; hours est. from list @ $185/hr — edit if your typical hrs differ
plumbing,PH16A,Quick Fix (Basic hookup only) · 30 day warranty,Hose / Laundry,plumbing,2.5,0,442.00,442.00,true,Non Inventory; hours est. from list @ $185/hr — edit if your typical hrs differ
plumbing,PH16B,Main Supply System Renovation · Basic isolation system installation · Leak and safety inspection · 6 month warranty,Hose / Laundry,plumbing,3.5,0,663.00,663.00,true,Non Inventory; hours est. from list @ $185/hr — edit if your typical hrs differ
plumbing,PH16C,Fuel Delivery System Installation · No leak supply system renovation · Area isolation control system rejuvenation · Performance and safety testing · Basi,Hose / Laundry,plumbing,4.75,0,884.00,884.00,true,Non Inventory; hours est. from list @ $185/hr — edit if your typical hrs differ
plumbing,PH16D,Complete Fuel Delivery System Installation · No leak supply system renovation · Area isolation control system rejuvenation · Main component restoration,Hose / Laundry,plumbing,6,0,1105.00,1105.00,true,Non Inventory; hours est. from list @ $185/hr — edit if your typical hrs differ
plumbing,PH16E,Complete Fuel Delivery System Installation · No leak supply system renovation · Area isolation control system rejuvenation · Main component restoration,Hose / Laundry,plumbing,7.25,0,1326.00,1326.00,true,Non Inventory; hours est. from list @ $185/hr — edit if your typical hrs differ
plumbing,PH17A,Quick Fix · 30 day warranty,Hose / Laundry,plumbing,3.5,0,652.00,652.00,true,Non Inventory; hours est. from list @ $185/hr — edit if your typical hrs differ
plumbing,PH17B,Main Waste Water System Renovations Only · Basic fixture flush · 6 month warranty,Hose / Laundry,plumbing,5.25,0,978.00,978.00,true,Non Inventory; hours est. from list @ $185/hr — edit if your typical hrs differ
plumbing,PH17C,Sanitary Waste Water System Renovation · Flush out main fixture lines · Rejuvenate sanitary seals · 1 year warranty,Hose / Laundry,plumbing,7,0,1304.00,1304.00,true,Non Inventory; hours est. from list @ $185/hr — edit if your typical hrs differ
plumbing,PH17D,"Complete Sanitary Waste Water System Renovation · Chemical treatment of water distribution system · Clean, purge and flush all drainage lines · Flush an",Hose / Laundry,plumbing,8.75,0,1630.00,1630.00,true,Non Inventory; hours est. from list @ $185/hr — edit if your typical hrs differ
plumbing,PH17E,"Complete Sanitary Waste Water System Renovation · Chemical treatment of water distribution system · Clean, purge and flush all drainage lines · Flush an",Hose / Laundry,plumbing,10.5,0,1957.00,1957.00,true,Non Inventory; hours est. from list @ $185/hr — edit if your typical hrs differ
plumbing,PH18A,Basic Flame System Repair Only · 90 day warranty,Hose / Laundry,plumbing,1,0,173.00,173.00,true,Non Inventory; hours est. from list @ $185/hr — edit if your typical hrs differ
plumbing,PH18B,Standard Flame System Renovation Only · Flame sensing system renovation · Performance and safety testing · 6 month warranty,Hose / Laundry,plumbing,1.5,0,260.00,260.00,true,Non Inventory; hours est. from list @ $185/hr — edit if your typical hrs differ
plumbing,PH18C,Main Flame Ignition and Safety System Renovation · Flame sensing system renovation · Full system restoration service · Performance and safety testing · 1,Hose / Laundry,plumbing,2.25,0,433.00,433.00,true,Non Inventory; hours est. from list @ $185/hr — edit if your typical hrs differ
plumbing,PH18D,Complete Flame Ignition and Safety System Renovation · Fuel delivery system rejuvenation · Flame sensing system renovation · Full system restoration serv,Hose / Laundry,plumbing,2.75,0,520.00,520.00,true,Non Inventory; hours est. from list @ $185/hr — edit if your typical hrs differ
plumbing,PH18E,Complete Flame Ignition and Safety System Renovation · Fuel delivery system rejuvenation · Flame sensing system renovation · Full system restoration serv,Hose / Laundry,plumbing,3.75,0,693.00,693.00,true,Non Inventory; hours est. from list @ $185/hr — edit if your typical hrs differ
plumbing,PH19A,Basic Flame System Repair Only · 90 day warranty,Hose / Laundry,plumbing,1.5,0,258.00,258.00,true,Non Inventory; hours est. from list @ $185/hr — edit if your typical hrs differ
plumbing,PH19B,Standard Flame System Renovation Only · Flame sensing system renovation · Performance and safety testing · 6 month warranty,Hose / Laundry,plumbing,2,0,387.00,387.00,true,Non Inventory; hours est. from list @ $185/hr — edit if your typical hrs differ
plumbing,PH19C,Main Flame Ignition and Safety System Renovation · Flame sensing system renovation · Full system restoration service · Performance and safety testing · 1,Hose / Laundry,plumbing,2.75,0,516.00,516.00,true,Non Inventory; hours est. from list @ $185/hr — edit if your typical hrs differ
plumbing,PH19D,Complete Flame Ignition and Safety System Renovation · Fuel delivery system rejuvenation · Flame sensing system renovation · Full system restoration serv,Hose / Laundry,plumbing,3.5,0,645.00,645.00,true,Non Inventory; hours est. from list @ $185/hr — edit if your typical hrs differ
plumbing,PH19E,Complete Flame Ignition and Safety System Renovation · Fuel delivery system rejuvenation · Flame sensing system renovation · Full system restoration serv,Hose / Laundry,plumbing,4.25,0,774.00,774.00,true,Non Inventory; hours est. from list @ $185/hr — edit if your typical hrs differ
plumbing,PH1A,PH1A,Hose / Laundry,plumbing,1.5,0,285.00,285.00,true,Non Inventory; hours est. from list @ $185/hr — edit if your typical hrs differ
plumbing,PH1B,Basic Water Delivery Fixture Only · Anti siphon safety system · 6 month warranty,Hose / Laundry,plumbing,1.5,0,272.00,272.00,true,Non Inventory; hours est. from list @ $185/hr — edit if your typical hrs differ
plumbing,PH1C,Complete Water Delivery Fixture Renovation · Frost protection cover · Anti siphon safety system · 1 year warranty,Hose / Laundry,plumbing,2,0,362.00,362.00,true,Non Inventory; hours est. from list @ $185/hr — edit if your typical hrs differ
plumbing,PH1D,Complete Water Delivery Fixture Renovation · Frost protection cover · Winter drainage port · Anti siphon safety system · Complete isolation control syste,Hose / Laundry,plumbing,2.5,0,453.00,453.00,true,Non Inventory; hours est. from list @ $185/hr — edit if your typical hrs differ
plumbing,PH1E,Complete Water Delivery Fixture Renovation · Frost protection cover · Winter drainage port · Anti siphon safety system · Complete isolation control syste,Hose / Laundry,plumbing,3,0,544.00,544.00,true,Non Inventory; hours est. from list @ $185/hr — edit if your typical hrs differ
plumbing,PH20A,Basic Flame System Repair Only · 90 day warranty,Hose / Laundry,plumbing,2,0,392.00,392.00,true,Non Inventory; hours est. from list @ $185/hr — edit if your typical hrs differ
plumbing,PH20B,Standard Flame System Renovation Only · Flame sensing system renovation · Performance and safety testing · 6 month warranty,Hose / Laundry,plumbing,3.25,0,588.00,588.00,true,Non Inventory; hours est. from list @ $185/hr — edit if your typical hrs differ
plumbing,PH20C,Main Flame Ignition and Safety System Renovation · Flame sensing system renovation · Full system restoration service · Performance and safety testing · 1,Hose / Laundry,plumbing,4.25,0,784.00,784.00,true,Non Inventory; hours est. from list @ $185/hr — edit if your typical hrs differ
plumbing,PH20D,Complete Flame Ignition and Safety System Renovation · Fuel delivery system rejuvenation · Flame sensing system renovation · Full system restoration serv,Hose / Laundry,plumbing,5.25,0,980.00,980.00,true,Non Inventory; hours est. from list @ $185/hr — edit if your typical hrs differ
plumbing,PH20E,Complete Flame Ignition and Safety System Renovation · Fuel delivery system rejuvenation · Flame sensing system renovation · Full system restoration serv,Hose / Laundry,plumbing,6.25,0,1175.00,1175.00,true,Non Inventory; hours est. from list @ $185/hr — edit if your typical hrs differ
plumbing,PH21A,Basic Flame System Repair Only · 90 day warranty,Hose / Laundry,plumbing,3,0,540.00,540.00,true,Non Inventory; hours est. from list @ $185/hr — edit if your typical hrs differ
plumbing,PH21B,Standard Flame System Renovation Only · Flame sensing system renovation · Performance and safety testing · 6 month warranty,Hose / Laundry,plumbing,4.5,0,811.00,811.00,true,Non Inventory; hours est. from list @ $185/hr — edit if your typical hrs differ
plumbing,PH21C,Main Flame Ignition and Safety System Renovation · Flame sensing system renovation · Full system restoration service · Performance and safety testing · 1,Hose / Laundry,plumbing,5.75,0,1081.00,1081.00,true,Non Inventory; hours est. from list @ $185/hr — edit if your typical hrs differ
plumbing,PH21D,Complete Flame Ignition and Safety System Renovation · Fuel delivery system rejuvenation · Flame sensing system renovation · Full system restoration serv,Hose / Laundry,plumbing,7.25,0,1351.00,1351.00,true,Non Inventory; hours est. from list @ $185/hr — edit if your typical hrs differ
plumbing,PH21E,Complete Flame Ignition and Safety System Renovation · Fuel delivery system rejuvenation · Flame sensing system renovation · Full system restoration serv,Hose / Laundry,plumbing,8.75,0,1621.00,1621.00,true,Non Inventory; hours est. from list @ $185/hr — edit if your typical hrs differ
plumbing,PH22A,Basic Flame System Repair Only · 90 day warranty,Hose / Laundry,plumbing,3.5,0,636.00,636.00,true,Non Inventory; hours est. from list @ $185/hr — edit if your typical hrs differ
plumbing,PH22B,Standard Flame System Renovation Only · Flame sensing system renovation · Performance and safety testing · 6 month warranty,Hose / Laundry,plumbing,5.25,0,954.00,954.00,true,Non Inventory; hours est. from list @ $185/hr — edit if your typical hrs differ
plumbing,PH22C,Main Flame Ignition and Safety System Renovation · Flame sensing system renovation · Full system restoration service · Performance and safety testing · 1,Hose / Laundry,plumbing,7,0,1273.00,1273.00,true,Non Inventory; hours est. from list @ $185/hr — edit if your typical hrs differ
plumbing,PH22D,Complete Flame Ignition and Safety System Renovation · Fuel delivery system rejuvenation · Flame sensing system renovation · Full system restoration serv,Hose / Laundry,plumbing,8.5,0,1591.00,1591.00,true,Non Inventory; hours est. from list @ $185/hr — edit if your typical hrs differ
plumbing,PH22E,Complete Flame Ignition and Safety System Renovation · Fuel delivery system rejuvenation · Flame sensing system renovation · Full system restoration serv,Hose / Laundry,plumbing,10.25,0,1909.00,1909.00,true,Non Inventory; hours est. from list @ $185/hr — edit if your typical hrs differ
plumbing,PH23A,Quick Fix · Performance testing · 90 day warranty,Hose / Laundry,plumbing,5,0,924.00,924.00,true,Non Inventory; hours est. from list @ $185/hr — edit if your typical hrs differ
plumbing,PH23B,Main Control System Renovation · Leak and safety inspection · Performance testing · 6 month warranty,Hose / Laundry,plumbing,7.5,0,1385.00,1385.00,true,Non Inventory; hours est. from list @ $185/hr — edit if your typical hrs differ
plumbing,PH23C,Water Control System Renovation · Area isolation control system rejuvenation · Performance and safety testing · Safety enclosure rejuvenation · Basic lea,Hose / Laundry,plumbing,10,0,1847.00,1847.00,true,Non Inventory; hours est. from list @ $185/hr — edit if your typical hrs differ
plumbing,PH23D,Complete Water Control System Renovation · Area isolation control system rejuvenation · Flush and purge area supply system · Complete safety enclosure r,Hose / Laundry,plumbing,12.5,0,2309.00,2309.00,true,Non Inventory; hours est. from list @ $185/hr — edit if your typical hrs differ
plumbing,PH23E,Complete Water Control System Renovation · Area isolation control system rejuvenation · Flush and purge area supply system · Complete safety enclosure r,Hose / Laundry,plumbing,15,0,2771.00,2771.00,true,Non Inventory; hours est. from list @ $185/hr — edit if your typical hrs differ
plumbing,PH24A,Quick Fix · Performance testing · 90 day warranty,Hose / Laundry,plumbing,8.25,0,1504.00,1504.00,true,Non Inventory; hours est. from list @ $185/hr — edit if your typical hrs differ
plumbing,PH24B,Main Control System Renovation · Leak and safety inspection · Performance testing · 6 month warranty,Hose / Laundry,plumbing,12.25,0,2256.00,2256.00,true,Non Inventory; hours est. from list @ $185/hr — edit if your typical hrs differ
plumbing,PH24C,Water Control System Renovation · Area isolation control system rejuvenation · Performance and safety testing · Safety enclosure rejuvenation · Basic lea,Hose / Laundry,plumbing,16.25,0,3009.00,3009.00,true,Non Inventory; hours est. from list @ $185/hr — edit if your typical hrs differ
plumbing,PH24D,Complete Water Control System Renovation · Area isolation control system rejuvenation · Flush and purge area supply system · Complete safety enclosure r,Hose / Laundry,plumbing,20.25,0,3761.00,3761.00,true,Non Inventory; hours est. from list @ $185/hr — edit if your typical hrs differ
plumbing,PH24E,Complete Water Control System Renovation · Area isolation control system rejuvenation · Flush and purge area supply system · Complete safety enclosure r,Hose / Laundry,plumbing,24.5,0,4513.00,4513.00,true,Non Inventory; hours est. from list @ $185/hr — edit if your typical hrs differ
plumbing,PH25A,Quick Fix · Performance testing · 90 day warranty,Hose / Laundry,plumbing,11.5,0,2107.00,2107.00,true,Non Inventory; hours est. from list @ $185/hr — edit if your typical hrs differ
plumbing,PH25B,Main Control System Renovation · Leak and safety inspection · Performance testing · 6 month warranty,Hose / Laundry,plumbing,17,0,3160.00,3160.00,true,Non Inventory; hours est. from list @ $185/hr — edit if your typical hrs differ
plumbing,PH25C,Water Control System Renovation · Area isolation control system rejuvenation · Performance and safety testing · Safety enclosure rejuvenation · Basic lea,Hose / Laundry,plumbing,22.75,0,4214.00,4214.00,true,Non Inventory; hours est. from list @ $185/hr — edit if your typical hrs differ
plumbing,PH25D,Complete Water Control System Renovation · Area isolation control system rejuvenation · Flush and purge area supply system · Complete safety enclosure r,Hose / Laundry,plumbing,28.5,0,5267.00,5267.00,true,Non Inventory; hours est. from list @ $185/hr — edit if your typical hrs differ
plumbing,PH25E,Complete Water Control System Renovation · Area isolation control system rejuvenation · Flush and purge area supply system · Complete safety enclosure r,Hose / Laundry,plumbing,34.25,0,6321.00,6321.00,true,Non Inventory; hours est. from list @ $185/hr — edit if your typical hrs differ
plumbing,PH26A,Quick Fix · Main component only · 90 day warranty,Hose / Laundry,plumbing,2,0,349.00,349.00,true,Non Inventory; hours est. from list @ $185/hr — edit if your typical hrs differ
plumbing,PH26B,Basic Water Delivery Fixture Only · Anti siphon safety system · 6 month warranty,Hose / Laundry,plumbing,2.75,0,523.00,523.00,true,Non Inventory; hours est. from list @ $185/hr — edit if your typical hrs differ
plumbing,PH26C,Complete Water Delivery Fixture Renovation · Frost protection cover · Anti siphon safety system · 1 year warranty,Hose / Laundry,plumbing,3.75,0,698.00,698.00,true,Non Inventory; hours est. from list @ $185/hr — edit if your typical hrs differ
plumbing,PH26D,Complete Water Delivery Fixture Renovation · Frost protection cover · Winter drainage port · Anti siphon safety system · Complete isolation control syste,Hose / Laundry,plumbing,4.75,0,872.00,872.00,true,Non Inventory; hours est. from list @ $185/hr — edit if your typical hrs differ
plumbing,PH26E,Complete Water Delivery Fixture Renovation · Frost protection cover · Winter drainage port · Anti siphon safety system · Complete isolation control syste,Hose / Laundry,plumbing,5.75,0,1047.00,1047.00,true,Non Inventory; hours est. from list @ $185/hr — edit if your typical hrs differ
plumbing,PH27A,Quick Fix · 90 day warranty,Hose / Laundry,plumbing,3.25,0,614.00,614.00,true,Non Inventory; hours est. from list @ $185/hr — edit if your typical hrs differ
plumbing,PH27B,Main Isolation System Only · Basic supply system upgrade · 6 month warranty,Hose / Laundry,plumbing,6,0,1104.00,1104.00,true,Non Inventory; hours est. from list @ $185/hr — edit if your typical hrs differ
plumbing,PH27C,Area Isolation Control System Renovation · Performance and safety testing · Basic leak detection service · Basic supply system restoration · 1 year warran,Hose / Laundry,plumbing,9,0,1687.00,1687.00,true,Non Inventory; hours est. from list @ $185/hr — edit if your typical hrs differ
plumbing,PH27D,Complete Isolation Control System Renovation · Upgrade to no drip supply system · Complete infrastructure leak detection service · Main component restora,Hose / Laundry,plumbing,10.75,0,1994.00,1994.00,true,Non Inventory; hours est. from list @ $185/hr — edit if your typical hrs differ
plumbing,PH27E,Complete Isolation Control System Renovation · Upgrade to no drip supply system · Complete infrastructure leak detection service · Main component restora,Hose / Laundry,plumbing,13.25,0,2454.00,2454.00,true,Non Inventory; hours est. from list @ $185/hr — edit if your typical hrs differ
plumbing,PH28A,Quick Fix (Basic attachment system only) · 30 day warranty,Hose / Laundry,plumbing,2.5,0,464.00,464.00,true,Non Inventory; hours est. from list @ $185/hr — edit if your typical hrs differ
plumbing,PH28B,Main Washer Attachment System · Basic isolation system installation · Waste removal system rejuvenation · 6 month warranty,Hose / Laundry,plumbing,3.75,0,696.00,696.00,true,Non Inventory; hours est. from list @ $185/hr — edit if your typical hrs differ
plumbing,PH28C,Washer Attachment System Renovation · No drip supply system renovation · Area isolation control system rejuvenation · Waste removal system renovation · Pe,Hose / Laundry,plumbing,5,0,928.00,928.00,true,Non Inventory; hours est. from list @ $185/hr — edit if your typical hrs differ
plumbing,PH28D,Complete Washer Attachment System Renovation · No drip supply system renovation · Area isolation control system rejuvenation · Waste removal system reno,Hose / Laundry,plumbing,6.25,0,1160.00,1160.00,true,Non Inventory; hours est. from list @ $185/hr — edit if your typical hrs differ
plumbing,PH28E,Complete Washer Attachment System Renovation · No drip supply system renovation · Area isolation control system rejuvenation · Waste removal system reno,Hose / Laundry,plumbing,7.5,0,1391.00,1391.00,true,Non Inventory; hours est. from list @ $185/hr — edit if your typical hrs differ
plumbing,PH29A,Quick Fix (Basic attachment system only) · 30 day warranty,Hose / Laundry,plumbing,3.5,0,639.00,639.00,true,Non Inventory; hours est. from list @ $185/hr — edit if your typical hrs differ
plumbing,PH29B,Main Washer Attachment System · Basic isolation system installation · Waste removal system rejuvenation · 6 month warranty,Hose / Laundry,plumbing,5.25,0,958.00,958.00,true,Non Inventory; hours est. from list @ $185/hr — edit if your typical hrs differ
plumbing,PH29C,Washer Attachment System Renovation · No drip supply system renovation · Area isolation control system rejuvenation · Waste removal system renovation · Pe,Hose / Laundry,plumbing,7,0,1278.00,1278.00,true,Non Inventory; hours est. from list @ $185/hr — edit if your typical hrs differ
plumbing,PH29D,Complete Washer Attachment System Renovation · No drip supply system renovation · Area isolation control system rejuvenation · Waste removal system reno,Hose / Laundry,plumbing,8.75,0,1597.00,1597.00,true,Non Inventory; hours est. from list @ $185/hr — edit if your typical hrs differ
plumbing,PH29E,Complete Washer Attachment System Renovation · No drip supply system renovation · Area isolation control system rejuvenation · Waste removal system reno,Hose / Laundry,plumbing,10.25,0,1916.00,1916.00,true,Non Inventory; hours est. from list @ $185/hr — edit if your typical hrs differ
plumbing,PH2A,PH2A,Hose / Laundry,plumbing,1.75,0,310.00,310.00,true,Non Inventory; hours est. from list @ $185/hr — edit if your typical hrs differ
plumbing,PH2B,Basic Water Delivery Fixture Only · Anti siphon safety system · 6 month warranty,Hose / Laundry,plumbing,2.25,0,424.00,424.00,true,Non Inventory; hours est. from list @ $185/hr — edit if your typical hrs differ
plumbing,PH2C,Complete Water Delivery Fixture Renovation · Frost protection cover · Anti siphon safety system · 1 year warranty,Hose / Laundry,plumbing,3,0,565.00,565.00,true,Non Inventory; hours est. from list @ $185/hr — edit if your typical hrs differ
plumbing,PH2D,Complete Water Delivery Fixture Renovation · Frost protection cover · Winter drainage port · Anti siphon safety system · Complete isolation control syste,Hose / Laundry,plumbing,3.75,0,707.00,707.00,true,Non Inventory; hours est. from list @ $185/hr — edit if your typical hrs differ
plumbing,PH2E,Complete Water Delivery Fixture Renovation · Frost protection cover · Winter drainage port · Anti siphon safety system · Complete isolation control syste,Hose / Laundry,plumbing,4.5,0,848.00,848.00,true,Non Inventory; hours est. from list @ $185/hr — edit if your typical hrs differ
plumbing,PH3A,Quick Fix · Basic install and startup · 90 day warranty,Hose / Laundry,plumbing,1.75,0,307.00,307.00,true,Non Inventory; hours est. from list @ $185/hr — edit if your typical hrs differ
plumbing,PH3B,PH3B,Hose / Laundry,plumbing,2.75,0,517.00,517.00,true,Non Inventory; hours est. from list @ $185/hr — edit if your typical hrs differ
plumbing,PH3C,Complete Ice Delivery Fixture Renovation · Isolation control and supply system upgrade · Appliance performance testing · 1 year warranty,Hose / Laundry,plumbing,3.25,0,613.00,613.00,true,Non Inventory; hours est. from list @ $185/hr — edit if your typical hrs differ
plumbing,PH3D,Complete Ice Delivery Fixture Renovation · In-wall recessed water isolation control · Premium no burst water delivery assembly · Anti-microbic water filt,Hose / Laundry,plumbing,4.25,0,767.00,767.00,true,Non Inventory; hours est. from list @ $185/hr — edit if your typical hrs differ
plumbing,PH3E,Complete Ice Delivery Fixture Renovation · In-wall recessed water isolation control · Premium no burst water delivery assembly · Anti-microbic water filt,Hose / Laundry,plumbing,5,0,920.00,920.00,true,Non Inventory; hours est. from list @ $185/hr — edit if your typical hrs differ
plumbing,PH4A,Quick Fix · 30 day warranty,Hose / Laundry,plumbing,1.5,0,283.00,283.00,true,Non Inventory; hours est. from list @ $185/hr — edit if your typical hrs differ
plumbing,PH4B,Main Waste Water System Renovations Only · Basic fixture flush · 6 month warranty,Hose / Laundry,plumbing,2.75,0,509.00,509.00,true,Non Inventory; hours est. from list @ $185/hr — edit if your typical hrs differ
plumbing,PH4C,Sanitary Waste Water System Renovation · Flush out main fixture lines · Rejuvenate sanitary seals · 1 year warranty,Hose / Laundry,plumbing,4.25,0,778.00,778.00,true,Non Inventory; hours est. from list @ $185/hr — edit if your typical hrs differ
plumbing,PH4D,"Complete Sanitary Waste Water System Renovation · Chemical treatment of water distribution system · Clean, purge and flush all drainage lines · Flush an",Hose / Laundry,plumbing,5,0,919.00,919.00,true,Non Inventory; hours est. from list @ $185/hr — edit if your typical hrs differ
plumbing,PH4E,"Complete Sanitary Waste Water System Renovation · Chemical treatment of water distribution system · Clean, purge and flush all drainage lines · Flush an",Hose / Laundry,plumbing,6,0,1131.00,1131.00,true,Non Inventory; hours est. from list @ $185/hr — edit if your typical hrs differ
plumbing,PH5A,Quick Fix · 90 day warranty,Hose / Laundry,plumbing,1.25,0,229.00,229.00,true,Non Inventory; hours est. from list @ $185/hr — edit if your typical hrs differ
plumbing,PH5B,Main Supply System Renovation · Leak and safety inspection · 6 month warranty,Hose / Laundry,plumbing,2.25,0,413.00,413.00,true,Non Inventory; hours est. from list @ $185/hr — edit if your typical hrs differ
plumbing,PH5C,No Drip Supply System Renovation · Area isolation control system rejuvenation · Performance and safety testing · Basic leak detection service · 1 year war,Hose / Laundry,plumbing,3.5,0,630.00,630.00,true,Non Inventory; hours est. from list @ $185/hr — edit if your typical hrs differ
plumbing,PH5D,Complete No Drip Supply System Renovation · Area isolation control system rejuvenation · Main component restoration service · Infrastructure leak detect,Hose / Laundry,plumbing,4,0,745.00,745.00,true,Non Inventory; hours est. from list @ $185/hr — edit if your typical hrs differ
plumbing,PH5E,Complete No Drip Supply System Renovation · Area isolation control system rejuvenation · Main component restoration service · Infrastructure leak detect,Hose / Laundry,plumbing,5,0,917.00,917.00,true,Non Inventory; hours est. from list @ $185/hr — edit if your typical hrs differ
plumbing,PH6A,Quick Fix · 90 day warranty,Hose / Laundry,plumbing,2,0,378.00,378.00,true,Non Inventory; hours est. from list @ $185/hr — edit if your typical hrs differ
plumbing,PH6B,Main Supply System Renovation · Leak and safety inspection · 6 month warranty,Hose / Laundry,plumbing,3.75,0,680.00,680.00,true,Non Inventory; hours est. from list @ $185/hr — edit if your typical hrs differ
plumbing,PH6C,No Drip Supply System Renovation · Area isolation control system rejuvenation · Performance and safety testing · Basic leak detection service · 1 year war,Hose / Laundry,plumbing,5.5,0,1039.00,1039.00,true,Non Inventory; hours est. from list @ $185/hr — edit if your typical hrs differ
plumbing,PH6D,Complete No Drip Supply System Renovation · Area isolation control system rejuvenation · Main component restoration service · Infrastructure leak detect,Hose / Laundry,plumbing,6.75,0,1228.00,1228.00,true,Non Inventory; hours est. from list @ $185/hr — edit if your typical hrs differ
plumbing,PH6E,Complete No Drip Supply System Renovation · Area isolation control system rejuvenation · Main component restoration service · Infrastructure leak detect,Hose / Laundry,plumbing,8.25,0,1512.00,1512.00,true,Non Inventory; hours est. from list @ $185/hr — edit if your typical hrs differ
plumbing,PH7A,Quick Fix · 90 day warranty,Hose / Laundry,plumbing,1.5,0,262.00,262.00,true,Non Inventory; hours est. from list @ $185/hr — edit if your typical hrs differ
plumbing,PH7B,Main Isolation System Only · Basic supply system upgrade · 6 month warranty,Hose / Laundry,plumbing,2.5,0,472.00,472.00,true,Non Inventory; hours est. from list @ $185/hr — edit if your typical hrs differ
plumbing,PH7C,Area Isolation Control System Renovation · Performance and safety testing · Basic leak detection service · Basic supply system restoration · 1 year warran,Hose / Laundry,plumbing,4,0,721.00,721.00,true,Non Inventory; hours est. from list @ $185/hr — edit if your typical hrs differ
plumbing,PH7D,Complete Isolation Control System Renovation · Upgrade to no drip supply system · Complete infrastructure leak detection service · Main component restora,Hose / Laundry,plumbing,4.5,0,852.00,852.00,true,Non Inventory; hours est. from list @ $185/hr — edit if your typical hrs differ
plumbing,PH7E,Complete Isolation Control System Renovation · Upgrade to no drip supply system · Complete infrastructure leak detection service · Main component restora,Hose / Laundry,plumbing,5.75,0,1048.00,1048.00,true,Non Inventory; hours est. from list @ $185/hr — edit if your typical hrs differ
plumbing,PH8A,Quick Fix · 90 day warranty,Hose / Laundry,plumbing,2.5,0,450.00,450.00,true,Non Inventory; hours est. from list @ $185/hr — edit if your typical hrs differ
plumbing,PH8B,Main Isolation System Only · Basic supply system upgrade · 6 month warranty,Hose / Laundry,plumbing,4.5,0,810.00,810.00,true,Non Inventory; hours est. from list @ $185/hr — edit if your typical hrs differ
plumbing,PH8C,Area Isolation Control System Renovation · Performance and safety testing · Basic leak detection service · Basic supply system restoration · 1 year warran,Hose / Laundry,plumbing,6.75,0,1237.00,1237.00,true,Non Inventory; hours est. from list @ $185/hr — edit if your typical hrs differ
plumbing,PH8D,Complete Isolation Control System Renovation · Upgrade to no drip supply system · Complete infrastructure leak detection service · Main component restora,Hose / Laundry,plumbing,8,0,1462.00,1462.00,true,Non Inventory; hours est. from list @ $185/hr — edit if your typical hrs differ
plumbing,PH8E,Complete Isolation Control System Renovation · Upgrade to no drip supply system · Complete infrastructure leak detection service · Main component restora,Hose / Laundry,plumbing,9.75,0,1800.00,1800.00,true,Non Inventory; hours est. from list @ $185/hr — edit if your typical hrs differ
plumbing,PH9A,Quick Fix (Basic hookup only) · 30 day warranty,Hose / Laundry,plumbing,2.25,0,431.00,431.00,true,Non Inventory; hours est. from list @ $185/hr — edit if your typical hrs differ
plumbing,PH9B,Main Supply System Renovation · Basic isolation system installation · Leak and safety inspection · 6 month warranty,Hose / Laundry,plumbing,3.5,0,647.00,647.00,true,Non Inventory; hours est. from list @ $185/hr — edit if your typical hrs differ
plumbing,PH9C,Water Delivery System Installation · No drip supply system renovation · Area isolation control system rejuvenation · Performance and safety testing · Bas,Hose / Laundry,plumbing,4.75,0,862.00,862.00,true,Non Inventory; hours est. from list @ $185/hr — edit if your typical hrs differ
plumbing,PH9D,Complete Water Delivery System Installation · No drip supply system renovation · Area isolation control system rejuvenation · Main component restoration,Hose / Laundry,plumbing,5.75,0,1078.00,1078.00,true,Non Inventory; hours est. from list @ $185/hr — edit if your typical hrs differ
plumbing,PH9E,Complete Water Delivery System Installation · No drip supply system renovation · Area isolation control system rejuvenation · Main component restoration,Hose / Laundry,plumbing,7,0,1293.00,1293.00,true,Non Inventory; hours est. from list @ $185/hr — edit if your typical hrs differ
plumbing,PI10A,Quick Fix - Water Delivery Component Patch · 90 day warranty,Plumbing,plumbing,24.25,0,4481.00,4481.00,true,Non Inventory; hours est. from list @ $185/hr — edit if your typical hrs differ
plumbing,PI10B,Basic Water Delivery Component Repair · Basic drip inspection · No drip connection upgrade · 6 month warranty,Plumbing,plumbing,36.25,0,6721.00,6721.00,true,Non Inventory; hours est. from list @ $185/hr — edit if your typical hrs differ
plumbing,PI10C,Complete Water Delivery System Rejuvenation · Can't leak connection upgrade · No drip safety inspection · Upgrade to visual pressure monitor · 1 year warr,Plumbing,plumbing,48.5,0,8961.00,8961.00,true,Non Inventory; hours est. from list @ $185/hr — edit if your typical hrs differ
plumbing,PI10D,Complete Water Delivery System Renovation · Performance and safety testing · Area isolation control renovation · Can't leak connection upgrade · Infrastr,Plumbing,plumbing,60.5,0,11202.00,11202.00,true,Non Inventory; hours est. from list @ $185/hr — edit if your typical hrs differ
plumbing,PI10E,Complete Water Delivery System Renovation · Performance and safety testing · Area isolation control renovation · Can't leak connection upgrade · Infrastr,Plumbing,plumbing,66.5,0,12322.00,12322.00,true,Non Inventory; hours est. from list @ $185/hr — edit if your typical hrs differ
plumbing,PI1A,Quick Fix - Water Delivery Component Patch · 90 day warranty,Plumbing,plumbing,1.5,0,283.00,283.00,true,Non Inventory; hours est. from list @ $185/hr — edit if your typical hrs differ
plumbing,PI1B,Basic Water Delivery Component Repair · Basic drip inspection · No drip connection upgrade · 6 month warranty,Plumbing,plumbing,2.25,0,424.00,424.00,true,Non Inventory; hours est. from list @ $185/hr — edit if your typical hrs differ
plumbing,PI1C,Complete Water Delivery System Rejuvenation · Can't leak connection upgrade · No drip safety inspection · Upgrade to visual pressure monitor · 1 year warr,Plumbing,plumbing,3,0,565.00,565.00,true,Non Inventory; hours est. from list @ $185/hr — edit if your typical hrs differ
plumbing,PI1D,Complete Water Delivery System Renovation · Performance and safety testing · Area isolation control renovation · Can't leak connection upgrade · Infrastr,Plumbing,plumbing,3.75,0,707.00,707.00,true,Non Inventory; hours est. from list @ $185/hr — edit if your typical hrs differ
plumbing,PI1E,Complete Water Delivery System Renovation · Performance and safety testing · Area isolation control renovation · Can't leak connection upgrade · Infrastr,Plumbing,plumbing,4.5,0,848.00,848.00,true,Non Inventory; hours est. from list @ $185/hr — edit if your typical hrs differ
plumbing,PI2A,Quick Fix - Water Delivery Component Patch · 90 day warranty,Plumbing,plumbing,2.5,0,460.00,460.00,true,Non Inventory; hours est. from list @ $185/hr — edit if your typical hrs differ
plumbing,PI2B,Basic Water Delivery Component Repair · Basic drip inspection · No drip connection upgrade · 6 month warranty,Plumbing,plumbing,3.75,0,690.00,690.00,true,Non Inventory; hours est. from list @ $185/hr — edit if your typical hrs differ
plumbing,PI2C,Complete Water Delivery System Rejuvenation · Can't leak connection upgrade · No drip safety inspection · Upgrade to visual pressure monitor · 1 year warr,Plumbing,plumbing,5,0,919.00,919.00,true,Non Inventory; hours est. from list @ $185/hr — edit if your typical hrs differ
plumbing,PI2D,Complete Water Delivery System Renovation · Performance and safety testing · Area isolation control renovation · Can't leak connection upgrade · Infrastr,Plumbing,plumbing,6.25,0,1149.00,1149.00,true,Non Inventory; hours est. from list @ $185/hr — edit if your typical hrs differ
plumbing,PI2E,Complete Water Delivery System Renovation · Performance and safety testing · Area isolation control renovation · Can't leak connection upgrade · Infrastr,Plumbing,plumbing,7.5,0,1379.00,1379.00,true,Non Inventory; hours est. from list @ $185/hr — edit if your typical hrs differ
plumbing,PI3A,Quick Fix - Water Delivery Component Patch · 90 day warranty,Plumbing,plumbing,3.5,0,656.00,656.00,true,Non Inventory; hours est. from list @ $185/hr — edit if your typical hrs differ
plumbing,PI3B,Basic Water Delivery Component Repair · Basic drip inspection · No drip connection upgrade · 6 month warranty,Plumbing,plumbing,5.25,0,983.00,983.00,true,Non Inventory; hours est. from list @ $185/hr — edit if your typical hrs differ
plumbing,PI3C,Complete Water Delivery System Rejuvenation · Can't leak connection upgrade · No drip safety inspection · Upgrade to visual pressure monitor · 1 year warr,Plumbing,plumbing,7,0,1311.00,1311.00,true,Non Inventory; hours est. from list @ $185/hr — edit if your typical hrs differ
plumbing,PI3D,Complete Water Delivery System Renovation · Performance and safety testing · Area isolation control renovation · Can't leak connection upgrade · Infrastr,Plumbing,plumbing,8.75,0,1639.00,1639.00,true,Non Inventory; hours est. from list @ $185/hr — edit if your typical hrs differ
plumbing,PI3E,Complete Water Delivery System Renovation · Performance and safety testing · Area isolation control renovation · Can't leak connection upgrade · Infrastr,Plumbing,plumbing,10.75,0,1967.00,1967.00,true,Non Inventory; hours est. from list @ $185/hr — edit if your typical hrs differ
plumbing,PI4A,Quick Fix - Water Delivery Component Patch · 90 day warranty,Plumbing,plumbing,7,0,1312.00,1312.00,true,Non Inventory; hours est. from list @ $185/hr — edit if your typical hrs differ
plumbing,PI4B,Basic Water Delivery Component Repair · Basic drip inspection · No drip connection upgrade · 6 month warranty,Plumbing,plumbing,10.75,0,1968.00,1968.00,true,Non Inventory; hours est. from list @ $185/hr — edit if your typical hrs differ
plumbing,PI4C,Complete Water Delivery System Rejuvenation · Can't leak connection upgrade · No drip safety inspection · Upgrade to visual pressure monitor · 1 year warr,Plumbing,plumbing,14.25,0,2624.00,2624.00,true,Non Inventory; hours est. from list @ $185/hr — edit if your typical hrs differ
plumbing,PI4D,Complete Water Delivery System Renovation · Performance and safety testing · Area isolation control renovation · Can't leak connection upgrade · Infrastr,Plumbing,plumbing,17.75,0,3280.00,3280.00,true,Non Inventory; hours est. from list @ $185/hr — edit if your typical hrs differ
plumbing,PI4E,Complete Water Delivery System Renovation · Performance and safety testing · Area isolation control renovation · Can't leak connection upgrade · Infrastr,Plumbing,plumbing,21.25,0,3936.00,3936.00,true,Non Inventory; hours est. from list @ $185/hr — edit if your typical hrs differ
plumbing,PI5A,Quick Fix - Water Delivery Component Patch · 90 day warranty,Plumbing,plumbing,9,0,1662.00,1662.00,true,Non Inventory; hours est. from list @ $185/hr — edit if your typical hrs differ
plumbing,PI5B,Basic Water Delivery Component Repair · Basic drip inspection · No drip connection upgrade · 6 month warranty,Plumbing,plumbing,13.5,0,2493.00,2493.00,true,Non Inventory; hours est. from list @ $185/hr — edit if your typical hrs differ
plumbing,PI5C,Complete Water Delivery System Rejuvenation · Can't leak connection upgrade · No drip safety inspection · Upgrade to visual pressure monitor · 1 year warr,Plumbing,plumbing,18,0,3324.00,3324.00,true,Non Inventory; hours est. from list @ $185/hr — edit if your typical hrs differ
plumbing,PI5D,Complete Water Delivery System Renovation · Performance and safety testing · Area isolation control renovation · Can't leak connection upgrade · Infrastr,Plumbing,plumbing,22.5,0,4155.00,4155.00,true,Non Inventory; hours est. from list @ $185/hr — edit if your typical hrs differ
plumbing,PI5E,Complete Water Delivery System Renovation · Performance and safety testing · Area isolation control renovation · Can't leak connection upgrade · Infrastr,Plumbing,plumbing,27,0,4986.00,4986.00,true,Non Inventory; hours est. from list @ $185/hr — edit if your typical hrs differ
plumbing,PI6A,Quick Fix - Water Delivery Component Patch · 90 day warranty,Plumbing,plumbing,12,0,2217.00,2217.00,true,Non Inventory; hours est. from list @ $185/hr — edit if your typical hrs differ
plumbing,PI6B,Basic Water Delivery Component Repair · Basic drip inspection · No drip connection upgrade · 6 month warranty,Plumbing,plumbing,18,0,3325.00,3325.00,true,Non Inventory; hours est. from list @ $185/hr — edit if your typical hrs differ
plumbing,PI6C,Complete Water Delivery System Rejuvenation · Can't leak connection upgrade · No drip safety inspection · Upgrade to visual pressure monitor · 1 year warr,Plumbing,plumbing,24,0,4433.00,4433.00,true,Non Inventory; hours est. from list @ $185/hr — edit if your typical hrs differ
plumbing,PI6D,Complete Water Delivery System Renovation · Performance and safety testing · Area isolation control renovation · Can't leak connection upgrade · Infrastr,Plumbing,plumbing,30,0,5542.00,5542.00,true,Non Inventory; hours est. from list @ $185/hr — edit if your typical hrs differ
plumbing,PI6E,Complete Water Delivery System Renovation · Performance and safety testing · Area isolation control renovation · Can't leak connection upgrade · Infrastr,Plumbing,plumbing,36,0,6650.00,6650.00,true,Non Inventory; hours est. from list @ $185/hr — edit if your typical hrs differ
plumbing,PI7A,Quick Fix - Water Delivery Component Patch · 90 day warranty,Plumbing,plumbing,15.5,0,2866.00,2866.00,true,Non Inventory; hours est. from list @ $185/hr — edit if your typical hrs differ
plumbing,PI7B,Basic Water Delivery Component Repair · Basic drip inspection · No drip connection upgrade · 6 month warranty,Plumbing,plumbing,23.25,0,4300.00,4300.00,true,Non Inventory; hours est. from list @ $185/hr — edit if your typical hrs differ
plumbing,PI7C,Complete Water Delivery System Rejuvenation · Can't leak connection upgrade · No drip safety inspection · Upgrade to visual pressure monitor · 1 year warr,Plumbing,plumbing,31,0,5733.00,5733.00,true,Non Inventory; hours est. from list @ $185/hr — edit if your typical hrs differ
plumbing,PI7D,Complete Water Delivery System Renovation · Performance and safety testing · Area isolation control renovation · Can't leak connection upgrade · Infrastr,Plumbing,plumbing,38.75,0,7166.00,7166.00,true,Non Inventory; hours est. from list @ $185/hr — edit if your typical hrs differ
plumbing,PI7E,Complete Water Delivery System Renovation · Performance and safety testing · Area isolation control renovation · Can't leak connection upgrade · Infrastr,Plumbing,plumbing,46.5,0,8599.00,8599.00,true,Non Inventory; hours est. from list @ $185/hr — edit if your typical hrs differ
plumbing,PI8A,Quick Fix - Water Delivery Component Patch · 90 day warranty,Plumbing,plumbing,18.25,0,3396.00,3396.00,true,Non Inventory; hours est. from list @ $185/hr — edit if your typical hrs differ
plumbing,PI8B,Basic Water Delivery Component Repair · Basic drip inspection · No drip connection upgrade · 6 month warranty,Plumbing,plumbing,27.5,0,5094.00,5094.00,true,Non Inventory; hours est. from list @ $185/hr — edit if your typical hrs differ
plumbing,PI8C,Complete Water Delivery System Rejuvenation · Can't leak connection upgrade · No drip safety inspection · Upgrade to visual pressure monitor · 1 year warr,Plumbing,plumbing,36.75,0,6792.00,6792.00,true,Non Inventory; hours est. from list @ $185/hr — edit if your typical hrs differ
plumbing,PI8D,Complete Water Delivery System Renovation · Performance and safety testing · Area isolation control renovation · Can't leak connection upgrade · Infrastr,Plumbing,plumbing,46,0,8491.00,8491.00,true,Non Inventory; hours est. from list @ $185/hr — edit if your typical hrs differ
plumbing,PI8E,Complete Water Delivery System Renovation · Performance and safety testing · Area isolation control renovation · Can't leak connection upgrade · Infrastr,Plumbing,plumbing,50.5,0,9340.00,9340.00,true,Non Inventory; hours est. from list @ $185/hr — edit if your typical hrs differ
plumbing,PI9A,Quick Fix - Water Delivery Component Patch · 90 day warranty,Plumbing,plumbing,21.25,0,3951.00,3951.00,true,Non Inventory; hours est. from list @ $185/hr — edit if your typical hrs differ
plumbing,PI9B,Basic Water Delivery Component Repair · Basic drip inspection · No drip connection upgrade · 6 month warranty,Plumbing,plumbing,32,0,5926.00,5926.00,true,Non Inventory; hours est. from list @ $185/hr — edit if your typical hrs differ
plumbing,PI9C,Complete Water Delivery System Rejuvenation · Can't leak connection upgrade · No drip safety inspection · Upgrade to visual pressure monitor · 1 year warr,Plumbing,plumbing,42.75,0,7902.00,7902.00,true,Non Inventory; hours est. from list @ $185/hr — edit if your typical hrs differ
plumbing,PI9D,Complete Water Delivery System Renovation · Performance and safety testing · Area isolation control renovation · Can't leak connection upgrade · Infrastr,Plumbing,plumbing,53.5,0,9877.00,9877.00,true,Non Inventory; hours est. from list @ $185/hr — edit if your typical hrs differ
plumbing,PI9E,Complete Water Delivery System Renovation · Performance and safety testing · Area isolation control renovation · Can't leak connection upgrade · Infrastr,Plumbing,plumbing,58.75,0,10865.00,10865.00,true,Non Inventory; hours est. from list @ $185/hr — edit if your typical hrs differ
plumbing,PJ1A,Economy Water Filtration System · Basic replacement and installation only · 6 month no leak warranty,Plumbing,plumbing,3,0,540.00,540.00,true,Non Inventory; hours est. from list @ $185/hr — edit if your typical hrs differ
plumbing,PJ1B,Standard Water Filtration System Renovation · Isolation control installation · 9 month no leak warranty,Plumbing,plumbing,4.5,0,811.00,811.00,true,Non Inventory; hours est. from list @ $185/hr — edit if your typical hrs differ
plumbing,PJ1C,Premium Water Filtration System Renovation · High pressure expansion safety system · Component isolation control system renovation · 1 year no leak warra,Plumbing,plumbing,5.75,0,1081.00,1081.00,true,Non Inventory; hours est. from list @ $185/hr — edit if your typical hrs differ
plumbing,PJ1D,Ultra Elite Water Filtration System Renovation · Leak protection and safety installation · Visual pressure monitor installation · High pressure expansion,Plumbing,plumbing,7.25,0,1351.00,1351.00,true,Non Inventory; hours est. from list @ $185/hr — edit if your typical hrs differ
plumbing,PJ1E,Ultra Elite Water Filtration System Renovation · Leak protection and safety installation · Visual pressure monitor installation · High pressure expansion,Plumbing,plumbing,8.75,0,1621.00,1621.00,true,Non Inventory; hours est. from list @ $185/hr — edit if your typical hrs differ
plumbing,PJ2A,Economy Water Filtration System · Basic replacement and installation only · 6 month no leak warranty,Plumbing,plumbing,4.5,0,841.00,841.00,true,Non Inventory; hours est. from list @ $185/hr — edit if your typical hrs differ
plumbing,PJ2B,Standard Water Filtration System Renovation · Isolation control installation · 9 month no leak warranty,Plumbing,plumbing,6.75,0,1261.00,1261.00,true,Non Inventory; hours est. from list @ $185/hr — edit if your typical hrs differ
plumbing,PJ2C,Premium Water Filtration System Renovation · High pressure expansion safety system · Component isolation control system renovation · 1 year no leak warra,Plumbing,plumbing,9,0,1682.00,1682.00,true,Non Inventory; hours est. from list @ $185/hr — edit if your typical hrs differ
plumbing,PJ2D,Ultra Elite Water Filtration System Renovation · Leak protection and safety installation · Visual pressure monitor installation · High pressure expansion,Plumbing,plumbing,11.25,0,2102.00,2102.00,true,Non Inventory; hours est. from list @ $185/hr — edit if your typical hrs differ
plumbing,PJ2E,Ultra Elite Water Filtration System Renovation · Leak protection and safety installation · Visual pressure monitor installation · High pressure expansion,Plumbing,plumbing,13.75,0,2522.00,2522.00,true,Non Inventory; hours est. from list @ $185/hr — edit if your typical hrs differ
plumbing,PJ3A,Economy Water Filtration System · Basic replacement and installation only · 6 month no leak warranty,Plumbing,plumbing,6,0,1096.00,1096.00,true,Non Inventory; hours est. from list @ $185/hr — edit if your typical hrs differ
plumbing,PJ3B,Standard Water Filtration System Renovation · Isolation control installation · 9 month no leak warranty,Plumbing,plumbing,9,0,1644.00,1644.00,true,Non Inventory; hours est. from list @ $185/hr — edit if your typical hrs differ
plumbing,PJ3C,Premium Water Filtration System Renovation · High pressure expansion safety system · Component isolation control system renovation · 1 year no leak warra,Plumbing,plumbing,11.75,0,2192.00,2192.00,true,Non Inventory; hours est. from list @ $185/hr — edit if your typical hrs differ
plumbing,PJ3D,Ultra Elite Water Filtration System Renovation · Leak protection and safety installation · Visual pressure monitor installation · High pressure expansion,Plumbing,plumbing,14.75,0,2740.00,2740.00,true,Non Inventory; hours est. from list @ $185/hr — edit if your typical hrs differ
plumbing,PJ3E,Ultra Elite Water Filtration System Renovation · Leak protection and safety installation · Visual pressure monitor installation · High pressure expansion,Plumbing,plumbing,17.75,0,3288.00,3288.00,true,Non Inventory; hours est. from list @ $185/hr — edit if your typical hrs differ
plumbing,PK10A,Quick Fix · Reset and test,Plumbing,plumbing,18,0,3317.00,3317.00,true,Non Inventory; hours est. from list @ $185/hr — edit if your typical hrs differ
plumbing,PK10B,Quick Fix with Performance Inspection and Combustion Monitor · 90 day warranty,Plumbing,plumbing,27,0,4976.00,4976.00,true,Non Inventory; hours est. from list @ $185/hr — edit if your typical hrs differ
plumbing,PK10C,Complete Search and Performance Inspection · Appliance combustion monitor · Bubble detection · Repair obvious leak · 6 month warranty,Plumbing,plumbing,35.75,0,6634.00,6634.00,true,Non Inventory; hours est. from list @ $185/hr — edit if your typical hrs differ
plumbing,PK10D,Complete Fuel Distribution System Renovation · Super sensitive electronic gas detection · Install triple safe leak sensing system · Install all new tampe,Plumbing,plumbing,44.75,0,8293.00,8293.00,true,Non Inventory; hours est. from list @ $185/hr — edit if your typical hrs differ
plumbing,PK10E,Complete Fuel Distribution System Renovation · Super sensitive electronic gas detection · Install triple safe leak sensing system · Install all new tampe,Plumbing,plumbing,49.25,0,9122.00,9122.00,true,Non Inventory; hours est. from list @ $185/hr — edit if your typical hrs differ
plumbing,PK1A,Quick Fix · Reset and test,Plumbing,plumbing,1,0,205.00,205.00,true,Non Inventory; hours est. from list @ $185/hr — edit if your typical hrs differ
plumbing,PK1B,Quick Fix with Performance Inspection and Combustion Monitor · 90 day warranty,Plumbing,plumbing,1.75,0,308.00,308.00,true,Non Inventory; hours est. from list @ $185/hr — edit if your typical hrs differ
plumbing,PK1C,Complete Search and Performance Inspection · Appliance combustion monitor · Bubble detection · Repair obvious leak · 6 month warranty,Plumbing,plumbing,2.25,0,411.00,411.00,true,Non Inventory; hours est. from list @ $185/hr — edit if your typical hrs differ
plumbing,PK1D,Complete Fuel Distribution System Renovation · Super sensitive electronic gas detection · Install triple safe leak sensing system · Install all new tampe,Plumbing,plumbing,2.75,0,514.00,514.00,true,Non Inventory; hours est. from list @ $185/hr — edit if your typical hrs differ
plumbing,PK1E,Complete Fuel Distribution System Renovation · Super sensitive electronic gas detection · Install triple safe leak sensing system · Install all new tampe,Plumbing,plumbing,3.25,0,616.00,616.00,true,Non Inventory; hours est. from list @ $185/hr — edit if your typical hrs differ
plumbing,PK2A,Quick Fix · Reset and test,Plumbing,plumbing,1.75,0,343.00,343.00,true,Non Inventory; hours est. from list @ $185/hr — edit if your typical hrs differ
plumbing,PK2B,Quick Fix with Performance Inspection and Combustion Monitor · 90 day warranty,Plumbing,plumbing,2.75,0,514.00,514.00,true,Non Inventory; hours est. from list @ $185/hr — edit if your typical hrs differ
plumbing,PK2C,Complete Search and Performance Inspection · Appliance combustion monitor · Bubble detection · Repair obvious leak · 6 month warranty,Plumbing,plumbing,3.75,0,685.00,685.00,true,Non Inventory; hours est. from list @ $185/hr — edit if your typical hrs differ
plumbing,PK2D,Complete Fuel Distribution System Renovation · Super sensitive electronic gas detection · Install triple safe leak sensing system · Install all new tampe,Plumbing,plumbing,4.75,0,857.00,857.00,true,Non Inventory; hours est. from list @ $185/hr — edit if your typical hrs differ
plumbing,PK2E,Complete Fuel Distribution System Renovation · Super sensitive electronic gas detection · Install triple safe leak sensing system · Install all new tampe,Plumbing,plumbing,5.5,0,1028.00,1028.00,true,Non Inventory; hours est. from list @ $185/hr — edit if your typical hrs differ
plumbing,PK3A,Quick Fix · Reset and test,Plumbing,plumbing,2.75,0,529.00,529.00,true,Non Inventory; hours est. from list @ $185/hr — edit if your typical hrs differ
plumbing,PK3B,Quick Fix with Performance Inspection and Combustion Monitor · 90 day warranty,Plumbing,plumbing,4.25,0,793.00,793.00,true,Non Inventory; hours est. from list @ $185/hr — edit if your typical hrs differ
plumbing,PK3C,Complete Search and Performance Inspection · Appliance combustion monitor · Bubble detection · Repair obvious leak · 6 month warranty,Plumbing,plumbing,5.75,0,1058.00,1058.00,true,Non Inventory; hours est. from list @ $185/hr — edit if your typical hrs differ
plumbing,PK3D,Complete Fuel Distribution System Renovation · Super sensitive electronic gas detection · Install triple safe leak sensing system · Install all new tampe,Plumbing,plumbing,7.25,0,1322.00,1322.00,true,Non Inventory; hours est. from list @ $185/hr — edit if your typical hrs differ
plumbing,PK3E,Complete Fuel Distribution System Renovation · Super sensitive electronic gas detection · Install triple safe leak sensing system · Install all new tampe,Plumbing,plumbing,8.5,0,1586.00,1586.00,true,Non Inventory; hours est. from list @ $185/hr — edit if your typical hrs differ
plumbing,PK4A,Quick Fix · Reset and test,Plumbing,plumbing,3.75,0,700.00,700.00,true,Non Inventory; hours est. from list @ $185/hr — edit if your typical hrs differ
plumbing,PK4B,Quick Fix with Performance Inspection and Combustion Monitor · 90 day warranty,Plumbing,plumbing,5.75,0,1050.00,1050.00,true,Non Inventory; hours est. from list @ $185/hr — edit if your typical hrs differ
plumbing,PK4C,Complete Search and Performance Inspection · Appliance combustion monitor · Bubble detection · Repair obvious leak · 6 month warranty,Plumbing,plumbing,7.5,0,1399.00,1399.00,true,Non Inventory; hours est. from list @ $185/hr — edit if your typical hrs differ
plumbing,PK4D,Complete Fuel Distribution System Renovation · Super sensitive electronic gas detection · Install triple safe leak sensing system · Install all new tampe,Plumbing,plumbing,9.5,0,1749.00,1749.00,true,Non Inventory; hours est. from list @ $185/hr — edit if your typical hrs differ
plumbing,PK4E,Complete Fuel Distribution System Renovation · Super sensitive electronic gas detection · Install triple safe leak sensing system · Install all new tampe,Plumbing,plumbing,11.25,0,2099.00,2099.00,true,Non Inventory; hours est. from list @ $185/hr — edit if your typical hrs differ
plumbing,PK5A,Quick Fix · Reset and test,Plumbing,plumbing,4.75,0,856.00,856.00,true,Non Inventory; hours est. from list @ $185/hr — edit if your typical hrs differ
plumbing,PK5B,Quick Fix with Performance Inspection and Combustion Monitor · 90 day warranty,Plumbing,plumbing,7,0,1283.00,1283.00,true,Non Inventory; hours est. from list @ $185/hr — edit if your typical hrs differ
plumbing,PK5C,Complete Search and Performance Inspection · Appliance combustion monitor · Bubble detection · Repair obvious leak · 6 month warranty,Plumbing,plumbing,9.25,0,1711.00,1711.00,true,Non Inventory; hours est. from list @ $185/hr — edit if your typical hrs differ
plumbing,PK5D,Complete Fuel Distribution System Renovation · Super sensitive electronic gas detection · Install triple safe leak sensing system · Install all new tampe,Plumbing,plumbing,11.5,0,2139.00,2139.00,true,Non Inventory; hours est. from list @ $185/hr — edit if your typical hrs differ
plumbing,PK5E,Complete Fuel Distribution System Renovation · Super sensitive electronic gas detection · Install triple safe leak sensing system · Install all new tampe,Plumbing,plumbing,14,0,2567.00,2567.00,true,Non Inventory; hours est. from list @ $185/hr — edit if your typical hrs differ
plumbing,PK6A,Quick Fix · Reset and test,Plumbing,plumbing,6.75,0,1261.00,1261.00,true,Non Inventory; hours est. from list @ $185/hr — edit if your typical hrs differ
plumbing,PK6B,Quick Fix with Performance Inspection and Combustion Monitor · 90 day warranty,Plumbing,plumbing,10.25,0,1891.00,1891.00,true,Non Inventory; hours est. from list @ $185/hr — edit if your typical hrs differ
plumbing,PK6C,Complete Search and Performance Inspection · Appliance combustion monitor · Bubble detection · Repair obvious leak · 6 month warranty,Plumbing,plumbing,13.75,0,2522.00,2522.00,true,Non Inventory; hours est. from list @ $185/hr — edit if your typical hrs differ
plumbing,PK6D,Complete Fuel Distribution System Renovation · Super sensitive electronic gas detection · Install triple safe leak sensing system · Install all new tampe,Plumbing,plumbing,17,0,3152.00,3152.00,true,Non Inventory; hours est. from list @ $185/hr — edit if your typical hrs differ
plumbing,PK6E,Complete Fuel Distribution System Renovation · Super sensitive electronic gas detection · Install triple safe leak sensing system · Install all new tampe,Plumbing,plumbing,20.5,0,3782.00,3782.00,true,Non Inventory; hours est. from list @ $185/hr — edit if your typical hrs differ
plumbing,PK7A,Quick Fix · Reset and test,Plumbing,plumbing,9.25,0,1709.00,1709.00,true,Non Inventory; hours est. from list @ $185/hr — edit if your typical hrs differ
plumbing,PK7B,Quick Fix with Performance Inspection and Combustion Monitor · 90 day warranty,Plumbing,plumbing,13.75,0,2564.00,2564.00,true,Non Inventory; hours est. from list @ $185/hr — edit if your typical hrs differ
plumbing,PK7C,Complete Search and Performance Inspection · Appliance combustion monitor · Bubble detection · Repair obvious leak · 6 month warranty,Plumbing,plumbing,18.5,0,3418.00,3418.00,true,Non Inventory; hours est. from list @ $185/hr — edit if your typical hrs differ
plumbing,PK7D,Complete Fuel Distribution System Renovation · Super sensitive electronic gas detection · Install triple safe leak sensing system · Install all new tampe,Plumbing,plumbing,23,0,4273.00,4273.00,true,Non Inventory; hours est. from list @ $185/hr — edit if your typical hrs differ
plumbing,PK7E,Complete Fuel Distribution System Renovation · Super sensitive electronic gas detection · Install triple safe leak sensing system · Install all new tampe,Plumbing,plumbing,27.75,0,5127.00,5127.00,true,Non Inventory; hours est. from list @ $185/hr — edit if your typical hrs differ
plumbing,PK8A,Quick Fix · Reset and test,Plumbing,plumbing,12.25,0,2255.00,2255.00,true,Non Inventory; hours est. from list @ $185/hr — edit if your typical hrs differ
plumbing,PK8B,Quick Fix with Performance Inspection and Combustion Monitor · 90 day warranty,Plumbing,plumbing,18.25,0,3383.00,3383.00,true,Non Inventory; hours est. from list @ $185/hr — edit if your typical hrs differ
plumbing,PK8C,Complete Search and Performance Inspection · Appliance combustion monitor · Bubble detection · Repair obvious leak · 6 month warranty,Plumbing,plumbing,24.5,0,4510.00,4510.00,true,Non Inventory; hours est. from list @ $185/hr — edit if your typical hrs differ
plumbing,PK8D,Complete Fuel Distribution System Renovation · Super sensitive electronic gas detection · Install triple safe leak sensing system · Install all new tampe,Plumbing,plumbing,30.5,0,5638.00,5638.00,true,Non Inventory; hours est. from list @ $185/hr — edit if your typical hrs differ
plumbing,PK8E,Complete Fuel Distribution System Renovation · Super sensitive electronic gas detection · Install triple safe leak sensing system · Install all new tampe,Plumbing,plumbing,36.5,0,6766.00,6766.00,true,Non Inventory; hours est. from list @ $185/hr — edit if your typical hrs differ
plumbing,PK9A,Quick Fix · Reset and test,Plumbing,plumbing,15,0,2775.00,2775.00,true,Non Inventory; hours est. from list @ $185/hr — edit if your typical hrs differ
plumbing,PK9B,Quick Fix with Performance Inspection and Combustion Monitor · 90 day warranty,Plumbing,plumbing,22.5,0,4162.00,4162.00,true,Non Inventory; hours est. from list @ $185/hr — edit if your typical hrs differ
plumbing,PK9C,Complete Search and Performance Inspection · Appliance combustion monitor · Bubble detection · Repair obvious leak · 6 month warranty,Plumbing,plumbing,30,0,5550.00,5550.00,true,Non Inventory; hours est. from list @ $185/hr — edit if your typical hrs differ
plumbing,PK9D,Complete Fuel Distribution System Renovation · Super sensitive electronic gas detection · Install triple safe leak sensing system · Install all new tampe,Plumbing,plumbing,37.5,0,6937.00,6937.00,true,Non Inventory; hours est. from list @ $185/hr — edit if your typical hrs differ
plumbing,PK9E,Complete Fuel Distribution System Renovation · Super sensitive electronic gas detection · Install triple safe leak sensing system · Install all new tampe,Plumbing,plumbing,41.25,0,7631.00,7631.00,true,Non Inventory; hours est. from list @ $185/hr — edit if your typical hrs differ
plumbing,PL10A,Quick Fix - Waste Removal System Patch · 90 day warranty,Plumbing,plumbing,24.25,0,4481.00,4481.00,true,Non Inventory; hours est. from list @ $185/hr — edit if your typical hrs differ
plumbing,PL10B,Basic Waste Removal Service · Area clean up service · 6 month warranty,Plumbing,plumbing,36.25,0,6721.00,6721.00,true,Non Inventory; hours est. from list @ $185/hr — edit if your typical hrs differ
plumbing,PL10C,Waste Removal System Renovation · Can't leak connection upgrade · No drip safety inspection · Area clean up service · 1 year warranty,Plumbing,plumbing,48.5,0,8961.00,8961.00,true,Non Inventory; hours est. from list @ $185/hr — edit if your typical hrs differ
plumbing,PL10D,Complete Waste Removal System Renovation · Can't leak connection upgrade · Sanitary drain purge · Waste treatment service · Infrastructure leak detection,Plumbing,plumbing,60.5,0,11202.00,11202.00,true,Non Inventory; hours est. from list @ $185/hr — edit if your typical hrs differ
plumbing,PL10E,Complete Waste Removal System Renovation · Can't leak connection upgrade · Sanitary drain purge · Waste treatment service · Infrastructure leak detection,Plumbing,plumbing,66.5,0,12322.00,12322.00,true,Non Inventory; hours est. from list @ $185/hr — edit if your typical hrs differ
plumbing,PL1A,Quick Fix - Waste Removal System Patch · 90 day warranty,Plumbing,plumbing,1.5,0,283.00,283.00,true,Non Inventory; hours est. from list @ $185/hr — edit if your typical hrs differ
plumbing,PL1B,Basic Waste Removal Service · Area clean up service · 6 month warranty,Plumbing,plumbing,2.25,0,424.00,424.00,true,Non Inventory; hours est. from list @ $185/hr — edit if your typical hrs differ
plumbing,PL1C,Waste Removal System Renovation · Can't leak connection upgrade · No drip safety inspection · Area clean up service · 1 year warranty,Plumbing,plumbing,3,0,565.00,565.00,true,Non Inventory; hours est. from list @ $185/hr — edit if your typical hrs differ
plumbing,PL1D,Complete Waste Removal System Renovation · Can't leak connection upgrade · Sanitary drain purge · Waste treatment service · Infrastructure leak detection,Plumbing,plumbing,3.75,0,707.00,707.00,true,Non Inventory; hours est. from list @ $185/hr — edit if your typical hrs differ
plumbing,PL1E,Complete Waste Removal System Renovation · Can't leak connection upgrade · Sanitary drain purge · Waste treatment service · Infrastructure leak detection,Plumbing,plumbing,4.5,0,848.00,848.00,true,Non Inventory; hours est. from list @ $185/hr — edit if your typical hrs differ
plumbing,PL2A,Quick Fix - Waste Removal System Patch · 90 day warranty,Plumbing,plumbing,2.5,0,460.00,460.00,true,Non Inventory; hours est. from list @ $185/hr — edit if your typical hrs differ
plumbing,PL2B,Basic Waste Removal Service · Area clean up service · 6 month warranty,Plumbing,plumbing,3.75,0,690.00,690.00,true,Non Inventory; hours est. from list @ $185/hr — edit if your typical hrs differ
plumbing,PL2C,Waste Removal System Renovation · Can't leak connection upgrade · No drip safety inspection · Area clean up service · 1 year warranty,Plumbing,plumbing,5,0,919.00,919.00,true,Non Inventory; hours est. from list @ $185/hr — edit if your typical hrs differ
plumbing,PL2D,Complete Waste Removal System Renovation · Can't leak connection upgrade · Sanitary drain purge · Waste treatment service · Infrastructure leak detection,Plumbing,plumbing,6.25,0,1149.00,1149.00,true,Non Inventory; hours est. from list @ $185/hr — edit if your typical hrs differ
plumbing,PL2E,Complete Waste Removal System Renovation · Can't leak connection upgrade · Sanitary drain purge · Waste treatment service · Infrastructure leak detection,Plumbing,plumbing,7.5,0,1379.00,1379.00,true,Non Inventory; hours est. from list @ $185/hr — edit if your typical hrs differ
plumbing,PL3A,Quick Fix - Waste Removal System Patch · 90 day warranty,Plumbing,plumbing,3.5,0,656.00,656.00,true,Non Inventory; hours est. from list @ $185/hr — edit if your typical hrs differ
plumbing,PL3B,Basic Waste Removal Service · Area clean up service · 6 month warranty,Plumbing,plumbing,5.25,0,983.00,983.00,true,Non Inventory; hours est. from list @ $185/hr — edit if your typical hrs differ
plumbing,PL3C,Waste Removal System Renovation · Can't leak connection upgrade · No drip safety inspection · Area clean up service · 1 year warranty,Plumbing,plumbing,7,0,1311.00,1311.00,true,Non Inventory; hours est. from list @ $185/hr — edit if your typical hrs differ
plumbing,PL3D,Complete Waste Removal System Renovation · Can't leak connection upgrade · Sanitary drain purge · Waste treatment service · Infrastructure leak detection,Plumbing,plumbing,8.75,0,1639.00,1639.00,true,Non Inventory; hours est. from list @ $185/hr — edit if your typical hrs differ
plumbing,PL3E,Complete Waste Removal System Renovation · Can't leak connection upgrade · Sanitary drain purge · Waste treatment service · Infrastructure leak detection,Plumbing,plumbing,10.75,0,1967.00,1967.00,true,Non Inventory; hours est. from list @ $185/hr — edit if your typical hrs differ
plumbing,PL4A,Quick Fix - Waste Removal System Patch · 90 day warranty,Plumbing,plumbing,7,0,1312.00,1312.00,true,Non Inventory; hours est. from list @ $185/hr — edit if your typical hrs differ
plumbing,PL4B,Basic Waste Removal Service · Area clean up service · 6 month warranty,Plumbing,plumbing,10.75,0,1968.00,1968.00,true,Non Inventory; hours est. from list @ $185/hr — edit if your typical hrs differ
plumbing,PL4C,Same as Above With No Safety Inspection · 1 year warranty,Plumbing,plumbing,14.25,0,2624.00,2624.00,true,Non Inventory; hours est. from list @ $185/hr — edit if your typical hrs differ
plumbing,PL4D,Complete Waste Removal System Renovation · Can't leak connection upgrade · Sanitary drain purge · Waste treatment service · Infrastructure leak detection,Plumbing,plumbing,17.75,0,3280.00,3280.00,true,Non Inventory; hours est. from list @ $185/hr — edit if your typical hrs differ
plumbing,PL4E,Complete Waste Removal System Renovation · Can't leak connection upgrade · Sanitary drain purge · Waste treatment service · Infrastructure leak detection,Plumbing,plumbing,21.25,0,3936.00,3936.00,true,Non Inventory; hours est. from list @ $185/hr — edit if your typical hrs differ
plumbing,PL5A,Quick Fix - Waste Removal System Patch · 90 day warranty,Plumbing,plumbing,9,0,1662.00,1662.00,true,Non Inventory; hours est. from list @ $185/hr — edit if your typical hrs differ
plumbing,PL5B,Basic Waste Removal Service · Area clean up service · 6 month warranty,Plumbing,plumbing,13.5,0,2493.00,2493.00,true,Non Inventory; hours est. from list @ $185/hr — edit if your typical hrs differ
plumbing,PL5C,Waste Removal System Renovation · Can't leak connection upgrade · No drip safety inspection · Area clean up service · 1 year warranty,Plumbing,plumbing,18,0,3324.00,3324.00,true,Non Inventory; hours est. from list @ $185/hr — edit if your typical hrs differ
plumbing,PL5D,Complete Waste Removal System Renovation · Can't leak connection upgrade · Sanitary drain purge · Waste treatment service · Infrastructure leak detection,Plumbing,plumbing,22.5,0,4155.00,4155.00,true,Non Inventory; hours est. from list @ $185/hr — edit if your typical hrs differ
plumbing,PL5E,Complete Waste Removal System Renovation · Can't leak connection upgrade · Sanitary drain purge · Waste treatment service · Infrastructure leak detection,Plumbing,plumbing,27,0,4986.00,4986.00,true,Non Inventory; hours est. from list @ $185/hr — edit if your typical hrs differ
plumbing,PL6A,Quick Fix - Waste Removal System Patch · 90 day warranty,Plumbing,plumbing,12,0,2217.00,2217.00,true,Non Inventory; hours est. from list @ $185/hr — edit if your typical hrs differ
plumbing,PL6B,Basic Waste Removal Service · Area clean up service · 6 month warranty,Plumbing,plumbing,18,0,3325.00,3325.00,true,Non Inventory; hours est. from list @ $185/hr — edit if your typical hrs differ
plumbing,PL6C,Waste Removal System Renovation · Can't leak connection upgrade · No drip safety inspection · Area clean up service · 1 year warranty,Plumbing,plumbing,24,0,4433.00,4433.00,true,Non Inventory; hours est. from list @ $185/hr — edit if your typical hrs differ
plumbing,PL6D,Complete Waste Removal System Renovation · Can't leak connection upgrade · Sanitary drain purge · Waste treatment service · Infrastructure leak detection,Plumbing,plumbing,30,0,5542.00,5542.00,true,Non Inventory; hours est. from list @ $185/hr — edit if your typical hrs differ
plumbing,PL6E,Complete Waste Removal System Renovation · Can't leak connection upgrade · Sanitary drain purge · Waste treatment service · Infrastructure leak detection,Plumbing,plumbing,36,0,6650.00,6650.00,true,Non Inventory; hours est. from list @ $185/hr — edit if your typical hrs differ
plumbing,PL7A,Quick Fix - Waste Removal System Patch · 90 day warranty,Plumbing,plumbing,15.5,0,2866.00,2866.00,true,Non Inventory; hours est. from list @ $185/hr — edit if your typical hrs differ
plumbing,PL7B,Basic Waste Removal Service · Area clean up service · 6 month warranty,Plumbing,plumbing,23.25,0,4300.00,4300.00,true,Non Inventory; hours est. from list @ $185/hr — edit if your typical hrs differ
plumbing,PL7C,Waste Removal System Renovation · Can't leak connection upgrade · No drip safety inspection · Area clean up service · 1 year warranty,Plumbing,plumbing,31,0,5733.00,5733.00,true,Non Inventory; hours est. from list @ $185/hr — edit if your typical hrs differ
plumbing,PL7D,Complete Waste Removal System Renovation · Can't leak connection upgrade · Sanitary drain purge · Waste treatment service · Infrastructure leak detection,Plumbing,plumbing,38.75,0,7166.00,7166.00,true,Non Inventory; hours est. from list @ $185/hr — edit if your typical hrs differ
plumbing,PL7E,Complete Waste Removal System Renovation · Can't leak connection upgrade · Sanitary drain purge · Waste treatment service · Infrastructure leak detection,Plumbing,plumbing,46.5,0,8599.00,8599.00,true,Non Inventory; hours est. from list @ $185/hr — edit if your typical hrs differ
plumbing,PL8A,Quick Fix - Waste Removal System Patch · 90 day warranty,Plumbing,plumbing,18.25,0,3396.00,3396.00,true,Non Inventory; hours est. from list @ $185/hr — edit if your typical hrs differ
plumbing,PL8B,Basic Waste Removal Service · Area clean up service · 6 month warranty,Plumbing,plumbing,27.5,0,5094.00,5094.00,true,Non Inventory; hours est. from list @ $185/hr — edit if your typical hrs differ
plumbing,PL8C,Waste Removal System Renovation · Can't leak connection upgrade · No drip safety inspection · Area clean up service · 1 year warranty,Plumbing,plumbing,36.75,0,6792.00,6792.00,true,Non Inventory; hours est. from list @ $185/hr — edit if your typical hrs differ
plumbing,PL8D,Complete Waste Removal System Renovation · Can't leak connection upgrade · Sanitary drain purge · Waste treatment service · Infrastructure leak detection,Plumbing,plumbing,46,0,8491.00,8491.00,true,Non Inventory; hours est. from list @ $185/hr — edit if your typical hrs differ
plumbing,PL8E,Complete Waste Removal System Renovation · Can't leak connection upgrade · Sanitary drain purge · Waste treatment service · Infrastructure leak detection,Plumbing,plumbing,50.5,0,9340.00,9340.00,true,Non Inventory; hours est. from list @ $185/hr — edit if your typical hrs differ
plumbing,PL9A,Quick Fix - Waste Removal System Patch · 90 day warranty,Plumbing,plumbing,21.25,0,3951.00,3951.00,true,Non Inventory; hours est. from list @ $185/hr — edit if your typical hrs differ
plumbing,PL9B,Basic Waste Removal Service · Area clean up service · 6 month warranty,Plumbing,plumbing,32,0,5926.00,5926.00,true,Non Inventory; hours est. from list @ $185/hr — edit if your typical hrs differ
plumbing,PL9C,Waste Removal System Renovation · Can't leak connection upgrade · No drip safety inspection · Area clean up service · 1 year warranty,Plumbing,plumbing,42.75,0,7902.00,7902.00,true,Non Inventory; hours est. from list @ $185/hr — edit if your typical hrs differ
plumbing,PL9D,Complete Waste Removal System Renovation · Can't leak connection upgrade · Sanitary drain purge · Waste treatment service · Infrastructure leak detection,Plumbing,plumbing,53.5,0,9877.00,9877.00,true,Non Inventory; hours est. from list @ $185/hr — edit if your typical hrs differ
plumbing,PL9E,Complete Waste Removal System Renovation · Can't leak connection upgrade · Sanitary drain purge · Waste treatment service · Infrastructure leak detection,Plumbing,plumbing,58.75,0,10865.00,10865.00,true,Non Inventory; hours est. from list @ $185/hr — edit if your typical hrs differ
plumbing,PM10A,Generic Task materials up to $700 / ~1.0 hr,Price/Labor & Material,plumbing,1,0,1367.00,1367.00,true,Non Inventory
plumbing,PM10B,Generic Task materials up to $700 / ~1.5 hr,Price/Labor & Material,plumbing,1.5,0,1467.00,1467.00,true,Non Inventory
plumbing,PM10C,Generic Task materials up to $700 / ~2.0 hr,Price/Labor & Material,plumbing,2,0,1567.00,1567.00,true,Non Inventory
plumbing,PM10D,PM10D,Plumbing,plumbing,9,0,1667.00,1667.00,true,Non Inventory; hours est. from list @ $185/hr — edit if your typical hrs differ
plumbing,PM10E,PM10E,Plumbing,plumbing,9.5,0,1766.00,1766.00,true,Non Inventory; hours est. from list @ $185/hr — edit if your typical hrs differ
plumbing,PM11A,Generic Task materials up to $800 / ~1.0 hr,Price/Labor & Material,plumbing,1,0,1534.00,1534.00,true,Non Inventory
plumbing,PM11B,Generic Task materials up to $800 / ~1.5 hr,Price/Labor & Material,plumbing,1.5,0,1634.00,1634.00,true,Non Inventory
plumbing,PM11C,Generic Task materials up to $800 / ~2.0 hr,Price/Labor & Material,plumbing,2,0,1734.00,1734.00,true,Non Inventory
plumbing,PM11D,PM11D,Plumbing,plumbing,10,0,1834.00,1834.00,true,Non Inventory; hours est. from list @ $185/hr — edit if your typical hrs differ
plumbing,PM11E,PM11E,Plumbing,plumbing,10.5,0,1934.00,1934.00,true,Non Inventory; hours est. from list @ $185/hr — edit if your typical hrs differ
plumbing,PM12A,Generic Task materials up to $900 / ~1.0 hr,Price/Labor & Material,plumbing,1,0,1700.00,1700.00,true,Non Inventory
plumbing,PM12B,Generic Task materials up to $900 / ~1.5 hr,Price/Labor & Material,plumbing,1.5,0,1800.00,1800.00,true,Non Inventory
plumbing,PM12C,Generic Task materials up to $900 / ~2.0 hr,Price/Labor & Material,plumbing,2,0,1900.00,1900.00,true,Non Inventory
plumbing,PM12D,PM12D,Plumbing,plumbing,10.75,0,2000.00,2000.00,true,Non Inventory; hours est. from list @ $185/hr — edit if your typical hrs differ
plumbing,PM12E,PM12E,Plumbing,plumbing,11.25,0,2100.00,2100.00,true,Non Inventory; hours est. from list @ $185/hr — edit if your typical hrs differ
plumbing,PM13A,Generic Task materials up to $1000 / ~1.0 hr,Price/Labor & Material,plumbing,1,0,1867.00,1867.00,true,Non Inventory
plumbing,PM13B,Generic Task materials up to $1000 / ~1.5 hr,Price/Labor & Material,plumbing,1.5,0,1967.00,1967.00,true,Non Inventory
plumbing,PM13C,Generic Task materials up to $1000 / ~2.0 hr,Price/Labor & Material,plumbing,2,0,2067.00,2067.00,true,Non Inventory
plumbing,PM13D,PM13D,Plumbing,plumbing,11.75,0,2167.00,2167.00,true,Non Inventory; hours est. from list @ $185/hr — edit if your typical hrs differ
plumbing,PM13E,PM13E,Plumbing,plumbing,12.25,0,2267.00,2267.00,true,Non Inventory; hours est. from list @ $185/hr — edit if your typical hrs differ
plumbing,PM14A,Quick Fix · 90 day warranty,Plumbing,plumbing,0.75,0,158.00,158.00,true,Non Inventory; hours est. from list @ $185/hr — edit if your typical hrs differ
plumbing,PM14B,Main Components Only · Performance and connection service · 6 month warranty,Plumbing,plumbing,1.5,0,285.00,285.00,true,Non Inventory; hours est. from list @ $185/hr — edit if your typical hrs differ
plumbing,PM14C,System Component Renovation · Area restoration service · Installation performance and connection service · 1 year warranty,Plumbing,plumbing,2.25,0,435.00,435.00,true,Non Inventory; hours est. from list @ $185/hr — edit if your typical hrs differ
plumbing,PM14D,"Complete System Component Renovation · System restoration service · Performance, safety and service calibrations · Thorough system enhancements · Installa",Plumbing,plumbing,2.75,0,515.00,515.00,true,Non Inventory; hours est. from list @ $185/hr — edit if your typical hrs differ
plumbing,PM14E,"Complete System Component Renovation · System restoration service · Performance, safety and service calibrations · Thorough system enhancements · Installa",Plumbing,plumbing,3.5,0,633.00,633.00,true,Non Inventory; hours est. from list @ $185/hr — edit if your typical hrs differ
plumbing,PM1A,PM tier1 / ~1 hr,Price/Labor & Material,plumbing,1,0,242.00,242.00,true,Non Inventory
plumbing,PM1B,PM tier1 / ~1.5 hr,Price/Labor & Material,plumbing,1.5,0,342.00,342.00,true,Non Inventory
plumbing,PM1C,PM tier1 / ~2 hr,Price/Labor & Material,plumbing,2,0,442.00,442.00,true,Non Inventory
plumbing,PM1D,PM1D,Plumbing,plumbing,3,0,542.00,542.00,true,Non Inventory; hours est. from list @ $185/hr — edit if your typical hrs differ
plumbing,PM1E,PM1E,Plumbing,plumbing,3.5,0,642.00,642.00,true,Non Inventory; hours est. from list @ $185/hr — edit if your typical hrs differ
plumbing,PM2A,PM tier2 / ~1 hr,Price/Labor & Material,plumbing,1,0,284.00,284.00,true,Non Inventory
plumbing,PM2B,PM tier2 / ~1.5 hr,Price/Labor & Material,plumbing,1.5,0,384.00,384.00,true,Non Inventory
plumbing,PM2C,PM tier2 / ~2 hr,Price/Labor & Material,plumbing,2,0,484.00,484.00,true,Non Inventory
plumbing,PM2D,PM2D,Plumbing,plumbing,3.25,0,584.00,584.00,true,Non Inventory; hours est. from list @ $185/hr — edit if your typical hrs differ
plumbing,PM2E,PM2E,Plumbing,plumbing,3.75,0,684.00,684.00,true,Non Inventory; hours est. from list @ $185/hr — edit if your typical hrs differ
plumbing,PM3A,Generic Task materials up to $75 / ~1.0 hr,Price/Labor & Material,plumbing,1,0,325.00,325.00,true,Non Inventory
plumbing,PM3B,Generic Task materials up to $75 / ~1.5 hr,Price/Labor & Material,plumbing,1.5,0,425.00,425.00,true,Non Inventory
plumbing,PM3C,Generic Task materials up to $75 / ~2.0 hr,Price/Labor & Material,plumbing,2,0,525.00,525.00,true,Non Inventory
plumbing,PM3D,PM3D,Plumbing,plumbing,3.5,0,625.00,625.00,true,Non Inventory; hours est. from list @ $185/hr — edit if your typical hrs differ
plumbing,PM3E,PM3E,Plumbing,plumbing,4,0,725.00,725.00,true,Non Inventory; hours est. from list @ $185/hr — edit if your typical hrs differ
plumbing,PM4A,PM tier4 / ~1 hr,Price/Labor & Material,plumbing,1,0,367.00,367.00,true,Non Inventory
plumbing,PM4B,PM tier4 / ~1.5 hr,Price/Labor & Material,plumbing,1.5,0,467.00,467.00,true,Non Inventory
plumbing,PM4C,PM tier4 / ~2 hr,Price/Labor & Material,plumbing,2,0,567.00,567.00,true,Non Inventory
plumbing,PM4D,PM4D,Plumbing,plumbing,3.5,0,667.00,667.00,true,Non Inventory; hours est. from list @ $185/hr — edit if your typical hrs differ
plumbing,PM4E,PM4E,Plumbing,plumbing,4.25,0,767.00,767.00,true,Non Inventory; hours est. from list @ $185/hr — edit if your typical hrs differ
plumbing,PM5A,PM tier5 / ~1 hr,Price/Labor & Material,plumbing,1,0,534.00,534.00,true,Non Inventory
plumbing,PM5B,Generic Task materials up to $200 / ~1.5 hr,Price/Labor & Material,plumbing,1.5,0,634.00,634.00,true,Non Inventory
plumbing,PM5C,Generic Task materials up to $200 / ~2.0 hr,Price/Labor & Material,plumbing,2,0,734.00,734.00,true,Non Inventory
plumbing,PM5D,PM5D,Plumbing,plumbing,4.5,0,834.00,834.00,true,Non Inventory; hours est. from list @ $185/hr — edit if your typical hrs differ
plumbing,PM5E,PM5E,Plumbing,plumbing,5,0,934.00,934.00,true,Non Inventory; hours est. from list @ $185/hr — edit if your typical hrs differ
plumbing,PM6A,PM tier6 / ~1 hr,Price/Labor & Material,plumbing,1,0,700.00,700.00,true,Non Inventory
plumbing,PM6B,Generic Task materials up to $300 / ~1.5 hr,Price/Labor & Material,plumbing,1.5,0,800.00,800.00,true,Non Inventory
plumbing,PM6C,Generic Task materials up to $300 / ~2.0 hr,Price/Labor & Material,plumbing,2,0,900.00,900.00,true,Non Inventory
plumbing,PM6D,PM6D,Plumbing,plumbing,5.5,0,1000.00,1000.00,true,Non Inventory; hours est. from list @ $185/hr — edit if your typical hrs differ
plumbing,PM6E,PM6E,Plumbing,plumbing,6,0,1100.00,1100.00,true,Non Inventory; hours est. from list @ $185/hr — edit if your typical hrs differ
plumbing,PM7A,Generic Task materials up to $400 / ~1.0 hr,Price/Labor & Material,plumbing,1,0,867.00,867.00,true,Non Inventory
plumbing,PM7B,Generic Task materials up to $400 / ~1.5 hr,Price/Labor & Material,plumbing,1.5,0,967.00,967.00,true,Non Inventory
plumbing,PM7C,Generic Task materials up to $400 / ~2.0 hr,Price/Labor & Material,plumbing,2,0,1067.00,1067.00,true,Non Inventory
plumbing,PM7D,PM7D,Plumbing,plumbing,6.25,0,1167.00,1167.00,true,Non Inventory; hours est. from list @ $185/hr — edit if your typical hrs differ
plumbing,PM7E,PM7E,Plumbing,plumbing,6.75,0,1267.00,1267.00,true,Non Inventory; hours est. from list @ $185/hr — edit if your typical hrs differ
plumbing,PM8A,Generic Task materials up to $500 / ~1.0 hr,Price/Labor & Material,plumbing,1,0,1034.00,1034.00,true,Non Inventory
plumbing,PM8B,Generic Task materials up to $500 / ~1.5 hr,Price/Labor & Material,plumbing,1.5,0,1134.00,1134.00,true,Non Inventory
plumbing,PM8C,Generic Task materials up to $500 / ~2.0 hr,Price/Labor & Material,plumbing,2,0,1234.00,1234.00,true,Non Inventory
plumbing,PM8D,PM8D,Plumbing,plumbing,7.25,0,1334.00,1334.00,true,Non Inventory; hours est. from list @ $185/hr — edit if your typical hrs differ
plumbing,PM8E,PM8E,Plumbing,plumbing,7.75,0,1434.00,1434.00,true,Non Inventory; hours est. from list @ $185/hr — edit if your typical hrs differ
plumbing,PM9A,Generic Task materials up to $600 / ~1.0 hr,Price/Labor & Material,plumbing,1,0,1200.00,1200.00,true,Non Inventory
plumbing,PM9B,Generic Task materials up to $600 / ~1.5 hr,Price/Labor & Material,plumbing,1.5,0,1300.00,1300.00,true,Non Inventory
plumbing,PM9C,Generic Task materials up to $600 / ~2.0 hr,Price/Labor & Material,plumbing,2,0,1400.00,1400.00,true,Non Inventory
plumbing,PM9D,PM9D,Plumbing,plumbing,8,0,1500.00,1500.00,true,Non Inventory; hours est. from list @ $185/hr — edit if your typical hrs differ
plumbing,PM9E,PM9E,Plumbing,plumbing,8.75,0,1600.00,1600.00,true,Non Inventory; hours est. from list @ $185/hr — edit if your typical hrs differ
plumbing,PN10A,Basic Treatment System · 90 day warranty,Plumbing,plumbing,16.25,0,3011.00,3011.00,true,Non Inventory; hours est. from list @ $185/hr — edit if your typical hrs differ
plumbing,PN10B,Main Treatment Components Only · Performance and safety service · 6 month warranty,Plumbing,plumbing,24.5,0,4517.00,4517.00,true,Non Inventory; hours est. from list @ $185/hr — edit if your typical hrs differ
plumbing,PN10C,Water Treatment System Renovation · Isolation control system renovation · Performance safety testing · Basic leak protection system · 1 year warranty,Plumbing,plumbing,32.5,0,6022.00,6022.00,true,Non Inventory; hours est. from list @ $185/hr — edit if your typical hrs differ
plumbing,PN10D,Whole House Water Treatment System Installation · Audible leak protection system · Upgrade to can't leak connection system · Install visual service / pre,Plumbing,plumbing,36.5,0,6775.00,6775.00,true,Non Inventory; hours est. from list @ $185/hr — edit if your typical hrs differ
plumbing,PN10E,Whole House Water Treatment System Installation · Audible leak protection system · Upgrade to can't leak connection system · Install visual service / pre,Plumbing,plumbing,40.75,0,7528.00,7528.00,true,Non Inventory; hours est. from list @ $185/hr — edit if your typical hrs differ
plumbing,PN11A,Basic Treatment System · 90 day warranty,Plumbing,plumbing,19.5,0,3629.00,3629.00,true,Non Inventory; hours est. from list @ $185/hr — edit if your typical hrs differ
plumbing,PN11B,Main Treatment Components Only · Performance and safety service · 6 month warranty,Plumbing,plumbing,29.5,0,5444.00,5444.00,true,Non Inventory; hours est. from list @ $185/hr — edit if your typical hrs differ
plumbing,PN11C,Water Treatment System Renovation · Isolation control system renovation · Performance safety testing · Basic leak protection system · 1 year warranty,Plumbing,plumbing,39.25,0,7258.00,7258.00,true,Non Inventory; hours est. from list @ $185/hr — edit if your typical hrs differ
plumbing,PN11D,Whole House Water Treatment System Installation · Audible leak protection system · Upgrade to can't leak connection system · Install visual service / pre,Plumbing,plumbing,44.25,0,8165.00,8165.00,true,Non Inventory; hours est. from list @ $185/hr — edit if your typical hrs differ
plumbing,PN11E,Whole House Water Treatment System Installation · Audible leak protection system · Upgrade to can't leak connection system · Install visual service / pre,Plumbing,plumbing,49,0,9073.00,9073.00,true,Non Inventory; hours est. from list @ $185/hr — edit if your typical hrs differ
plumbing,PN12A,Basic Treatment System · 90 day warranty,Plumbing,plumbing,23,0,4247.00,4247.00,true,Non Inventory; hours est. from list @ $185/hr — edit if your typical hrs differ
plumbing,PN12B,Main Treatment Components Only · Performance and safety service · 6 month warranty,Plumbing,plumbing,34.5,0,6371.00,6371.00,true,Non Inventory; hours est. from list @ $185/hr — edit if your typical hrs differ
plumbing,PN12C,Water Treatment System Renovation · Isolation control system renovation · Performance safety testing · Basic leak protection system · 1 year warranty,Plumbing,plumbing,46,0,8494.00,8494.00,true,Non Inventory; hours est. from list @ $185/hr — edit if your typical hrs differ
plumbing,PN12D,Whole House Water Treatment System Installation · Audible leak protection system · Upgrade to can't leak connection system · Install visual service / pre,Plumbing,plumbing,51.75,0,9556.00,9556.00,true,Non Inventory; hours est. from list @ $185/hr — edit if your typical hrs differ
plumbing,PN12E,Whole House Water Treatment System Installation · Audible leak protection system · Upgrade to can't leak connection system · Install visual service / pre,Plumbing,plumbing,57.5,0,10618.00,10618.00,true,Non Inventory; hours est. from list @ $185/hr — edit if your typical hrs differ
plumbing,PN13A,Basic Treatment System · 90 day warranty,Plumbing,plumbing,25,0,4616.00,4616.00,true,Non Inventory; hours est. from list @ $185/hr — edit if your typical hrs differ
plumbing,PN13B,Main Treatment Components Only · Performance and safety service · 6 month warranty,Plumbing,plumbing,37.5,0,6924.00,6924.00,true,Non Inventory; hours est. from list @ $185/hr — edit if your typical hrs differ
plumbing,PN13C,Water Treatment System Renovation · Isolation control system renovation · Performance safety testing · Basic leak protection system · 1 year warranty,Plumbing,plumbing,50,0,9232.00,9232.00,true,Non Inventory; hours est. from list @ $185/hr — edit if your typical hrs differ
plumbing,PN13D,Whole House Water Treatment System Installation · Audible leak protection system · Upgrade to can't leak connection system · Install visual service / pre,Plumbing,plumbing,56.25,0,10386.00,10386.00,true,Non Inventory; hours est. from list @ $185/hr — edit if your typical hrs differ
plumbing,PN13E,Whole House Water Treatment System Installation · Audible leak protection system · Upgrade to can't leak connection system · Install visual service / pre,Plumbing,plumbing,62.5,0,11540.00,11540.00,true,Non Inventory; hours est. from list @ $185/hr — edit if your typical hrs differ
plumbing,PN1A,Quick Fix · 90 day warranty,Plumbing,plumbing,2.5,0,465.00,465.00,true,Non Inventory; hours est. from list @ $185/hr — edit if your typical hrs differ
plumbing,PN1B,Main Components Only · Performance and treatment service · 6 month warranty,Plumbing,plumbing,3.75,0,698.00,698.00,true,Non Inventory; hours est. from list @ $185/hr — edit if your typical hrs differ
plumbing,PN1C,Water System Renovation · Restoration treatment service · Performance safety and service calibrations · Connection system renovation · 1 year warranty,Plumbing,plumbing,5,0,931.00,931.00,true,Non Inventory; hours est. from list @ $185/hr — edit if your typical hrs differ
plumbing,PN1D,Complete Water Treatment System Renovation · Restoration treatment service · Rejuvenate containment system · Performance and safety testing · Upgrade to c,Plumbing,plumbing,6.25,0,1163.00,1163.00,true,Non Inventory; hours est. from list @ $185/hr — edit if your typical hrs differ
plumbing,PN1E,Complete Water Treatment System Renovation · Restoration treatment service · Rejuvenate containment system · Performance and safety testing · Upgrade to c,Plumbing,plumbing,7.5,0,1396.00,1396.00,true,Non Inventory; hours est. from list @ $185/hr — edit if your typical hrs differ
plumbing,PN2A,Quick Fix · 90 day warranty,Plumbing,plumbing,3.75,0,699.00,699.00,true,Non Inventory; hours est. from list @ $185/hr — edit if your typical hrs differ
plumbing,PN2B,Main Components Only · Performance and treatment service · 6 month warranty,Plumbing,plumbing,5.75,0,1048.00,1048.00,true,Non Inventory; hours est. from list @ $185/hr — edit if your typical hrs differ
plumbing,PN2C,Water System Renovation · Restoration treatment service · Performance safety and service calibrations · Connection system renovation · 1 year warranty,Plumbing,plumbing,7.5,0,1398.00,1398.00,true,Non Inventory; hours est. from list @ $185/hr — edit if your typical hrs differ
plumbing,PN2D,Complete Water Treatment System Renovation · Restoration treatment service · Rejuvenate containment system · Performance and safety testing · Upgrade to c,Plumbing,plumbing,9.5,0,1747.00,1747.00,true,Non Inventory; hours est. from list @ $185/hr — edit if your typical hrs differ
plumbing,PN2E,Complete Water Treatment System Renovation · Restoration treatment service · Rejuvenate containment system · Performance and safety testing · Upgrade to c,Plumbing,plumbing,11.25,0,2097.00,2097.00,true,Non Inventory; hours est. from list @ $185/hr — edit if your typical hrs differ
plumbing,PN3A,Quick Fix · 90 day warranty,Plumbing,plumbing,6,0,1129.00,1129.00,true,Non Inventory; hours est. from list @ $185/hr — edit if your typical hrs differ
plumbing,PN3B,Main Components Only · Performance and treatment service · 6 month warranty,Plumbing,plumbing,9.25,0,1694.00,1694.00,true,Non Inventory; hours est. from list @ $185/hr — edit if your typical hrs differ
plumbing,PN3C,Water System Renovation · Restoration treatment service · Performance safety and service calibrations · Connection system renovation · 1 year warranty,Plumbing,plumbing,12.25,0,2259.00,2259.00,true,Non Inventory; hours est. from list @ $185/hr — edit if your typical hrs differ
plumbing,PN3D,Complete Water Treatment System Renovation · Restoration treatment service · Rejuvenate containment system · Performance and safety testing · Upgrade to c,Plumbing,plumbing,15.25,0,2823.00,2823.00,true,Non Inventory; hours est. from list @ $185/hr — edit if your typical hrs differ
plumbing,PN3E,Complete Water Treatment System Renovation · Restoration treatment service · Rejuvenate containment system · Performance and safety testing · Upgrade to c,Plumbing,plumbing,18.25,0,3388.00,3388.00,true,Non Inventory; hours est. from list @ $185/hr — edit if your typical hrs differ
plumbing,PN4A,Basic Treatment System · 90 day warranty,Plumbing,plumbing,2.5,0,469.00,469.00,true,Non Inventory; hours est. from list @ $185/hr — edit if your typical hrs differ
plumbing,PN4B,Main Treatment Components Only · Performance and safety service · 6 month warranty,Plumbing,plumbing,3.75,0,703.00,703.00,true,Non Inventory; hours est. from list @ $185/hr — edit if your typical hrs differ
plumbing,PN4C,Water Treatment System Renovation · Isolation control system renovation · Performance safety testing · Basic leak protection system · 1 year warranty,Plumbing,plumbing,5,0,938.00,938.00,true,Non Inventory; hours est. from list @ $185/hr — edit if your typical hrs differ
plumbing,PN4D,Whole House Water Treatment System Installation · Audible leak protection system · Upgrade to can't leak connection system · Install visual service / pre,Plumbing,plumbing,5.75,0,1055.00,1055.00,true,Non Inventory; hours est. from list @ $185/hr — edit if your typical hrs differ
plumbing,PN4E,Whole House Water Treatment System Installation · Audible leak protection system · Upgrade to can't leak connection system · Install visual service / pre,Plumbing,plumbing,6.25,0,1172.00,1172.00,true,Non Inventory; hours est. from list @ $185/hr — edit if your typical hrs differ
plumbing,PN5A,Basic Treatment System · 90 day warranty,Plumbing,plumbing,3.5,0,660.00,660.00,true,Non Inventory; hours est. from list @ $185/hr — edit if your typical hrs differ
plumbing,PN5B,Main Treatment Components Only · Performance and safety service · 6 month warranty,Plumbing,plumbing,5.25,0,991.00,991.00,true,Non Inventory; hours est. from list @ $185/hr — edit if your typical hrs differ
plumbing,PN5C,Water Treatment System Renovation · Isolation control system renovation · Performance safety testing · Basic leak protection system · 1 year warranty,Plumbing,plumbing,7.25,0,1321.00,1321.00,true,Non Inventory; hours est. from list @ $185/hr — edit if your typical hrs differ
plumbing,PN5D,Whole House Water Treatment System Installation · Audible leak protection system · Upgrade to can't leak connection system · Install visual service / pre,Plumbing,plumbing,8,0,1486.00,1486.00,true,Non Inventory; hours est. from list @ $185/hr — edit if your typical hrs differ
plumbing,PN5E,Whole House Water Treatment System Installation · Audible leak protection system · Upgrade to can't leak connection system · Install visual service / pre,Plumbing,plumbing,9,0,1651.00,1651.00,true,Non Inventory; hours est. from list @ $185/hr — edit if your typical hrs differ
plumbing,PN6A,Basic Treatment System · 90 day warranty,Plumbing,plumbing,4.75,0,856.00,856.00,true,Non Inventory; hours est. from list @ $185/hr — edit if your typical hrs differ
plumbing,PN6B,Main Treatment Components Only · Performance and safety service · 6 month warranty,Plumbing,plumbing,7,0,1284.00,1284.00,true,Non Inventory; hours est. from list @ $185/hr — edit if your typical hrs differ
plumbing,PN6C,Water Treatment System Renovation · Isolation control system renovation · Performance safety testing · Basic leak protection system · 1 year warranty,Plumbing,plumbing,9.25,0,1712.00,1712.00,true,Non Inventory; hours est. from list @ $185/hr — edit if your typical hrs differ
plumbing,PN6D,Whole House Water Treatment System Installation · Audible leak protection system · Upgrade to can't leak connection system · Install visual service / pre,Plumbing,plumbing,10.5,0,1926.00,1926.00,true,Non Inventory; hours est. from list @ $185/hr — edit if your typical hrs differ
plumbing,PN6E,Whole House Water Treatment System Installation · Audible leak protection system · Upgrade to can't leak connection system · Install visual service / pre,Plumbing,plumbing,11.5,0,2140.00,2140.00,true,Non Inventory; hours est. from list @ $185/hr — edit if your typical hrs differ
plumbing,PN7A,Basic Treatment System · 90 day warranty,Plumbing,plumbing,7.25,0,1346.00,1346.00,true,Non Inventory; hours est. from list @ $185/hr — edit if your typical hrs differ
plumbing,PN7B,Main Treatment Components Only · Performance and safety service · 6 month warranty,Plumbing,plumbing,11,0,2019.00,2019.00,true,Non Inventory; hours est. from list @ $185/hr — edit if your typical hrs differ
plumbing,PN7C,Water Treatment System Renovation · Isolation control system renovation · Performance safety testing · Basic leak protection system · 1 year warranty,Plumbing,plumbing,14.5,0,2692.00,2692.00,true,Non Inventory; hours est. from list @ $185/hr — edit if your typical hrs differ
plumbing,PN7D,Whole House Water Treatment System Installation · Audible leak protection system · Upgrade to can't leak connection system · Install visual service / pre,Plumbing,plumbing,16.25,0,3029.00,3029.00,true,Non Inventory; hours est. from list @ $185/hr — edit if your typical hrs differ
plumbing,PN7E,Whole House Water Treatment System Installation · Audible leak protection system · Upgrade to can't leak connection system · Install visual service / pre,Plumbing,plumbing,18.25,0,3365.00,3365.00,true,Non Inventory; hours est. from list @ $185/hr — edit if your typical hrs differ
plumbing,PN8A,Basic Treatment System · 90 day warranty,Plumbing,plumbing,9.5,0,1775.00,1775.00,true,Non Inventory; hours est. from list @ $185/hr — edit if your typical hrs differ
plumbing,PN8B,Main Treatment Components Only · Performance and safety service · 6 month warranty,Plumbing,plumbing,14.5,0,2663.00,2663.00,true,Non Inventory; hours est. from list @ $185/hr — edit if your typical hrs differ
plumbing,PN8C,Water Treatment System Renovation · Isolation control system renovation · Performance safety testing · Basic leak protection system · 1 year warranty,Plumbing,plumbing,19.25,0,3550.00,3550.00,true,Non Inventory; hours est. from list @ $185/hr — edit if your typical hrs differ
plumbing,PN8D,Whole House Water Treatment System Installation · Audible leak protection system · Upgrade to can't leak connection system · Install visual service / pre,Plumbing,plumbing,21.5,0,3994.00,3994.00,true,Non Inventory; hours est. from list @ $185/hr — edit if your typical hrs differ
plumbing,PN8E,Whole House Water Treatment System Installation · Audible leak protection system · Upgrade to can't leak connection system · Install visual service / pre,Plumbing,plumbing,24,0,4438.00,4438.00,true,Non Inventory; hours est. from list @ $185/hr — edit if your typical hrs differ
plumbing,PN9A,Basic Treatment System · 90 day warranty,Plumbing,plumbing,13,0,2393.00,2393.00,true,Non Inventory; hours est. from list @ $185/hr — edit if your typical hrs differ
plumbing,PN9B,Main Treatment Components Only · Performance and safety service · 6 month warranty,Plumbing,plumbing,19.5,0,3590.00,3590.00,true,Non Inventory; hours est. from list @ $185/hr — edit if your typical hrs differ
plumbing,PN9C,Water Treatment System Renovation · Isolation control system renovation · Performance safety testing · Basic leak protection system · 1 year warranty,Plumbing,plumbing,25.75,0,4786.00,4786.00,true,Non Inventory; hours est. from list @ $185/hr — edit if your typical hrs differ
plumbing,PN9D,Whole House Water Treatment System Installation · Audible leak protection system · Upgrade to can't leak connection system · Install visual service / pre,Plumbing,plumbing,29,0,5384.00,5384.00,true,Non Inventory; hours est. from list @ $185/hr — edit if your typical hrs differ
plumbing,PN9E,Whole House Water Treatment System Installation · Audible leak protection system · Upgrade to can't leak connection system · Install visual service / pre,Plumbing,plumbing,32.25,0,5983.00,5983.00,true,Non Inventory; hours est. from list @ $185/hr — edit if your typical hrs differ
plumbing,PO10A,Quick Fix · 90 day warranty,Well / Delivery,plumbing,13,0,2404.00,2404.00,true,Non Inventory; hours est. from list @ $185/hr — edit if your typical hrs differ
plumbing,PO10B,Main Pressure Containment System Only · Performance and safety testing · 6 month warranty,Well / Delivery,plumbing,19.5,0,3606.00,3606.00,true,Non Inventory; hours est. from list @ $185/hr — edit if your typical hrs differ
plumbing,PO10C,High Pressure Containment System · Isolation control system renovation · Performance and safety calibration service · Automatic safety control restoratio,Well / Delivery,plumbing,26,0,4809.00,4809.00,true,Non Inventory; hours est. from list @ $185/hr — edit if your typical hrs differ
plumbing,PO10D,Complete High Pressure Containment System Renovation · Leak protection safety system · High pressure control system renovation · Automatic safety control,Well / Delivery,plumbing,32.5,0,6011.00,6011.00,true,Non Inventory; hours est. from list @ $185/hr — edit if your typical hrs differ
plumbing,PO10E,Complete High Pressure Containment System Renovation · Leak protection safety system · High pressure control system renovation · Automatic safety control,Well / Delivery,plumbing,39,0,7213.00,7213.00,true,Non Inventory; hours est. from list @ $185/hr — edit if your typical hrs differ
plumbing,PO11A,Quick Fix · 90 day warranty,Well / Delivery,plumbing,16.25,0,3008.00,3008.00,true,Non Inventory; hours est. from list @ $185/hr — edit if your typical hrs differ
plumbing,PO11B,Main Pressure Containment System Only · Performance and safety testing · 6 month warranty,Well / Delivery,plumbing,24.5,0,4511.00,4511.00,true,Non Inventory; hours est. from list @ $185/hr — edit if your typical hrs differ
plumbing,PO11C,High Pressure Containment System · Isolation control system renovation · Performance and safety calibration service · Automatic safety control restoratio,Well / Delivery,plumbing,32.5,0,6015.00,6015.00,true,Non Inventory; hours est. from list @ $185/hr — edit if your typical hrs differ
plumbing,PO11D,Complete High Pressure Containment System Renovation · Leak protection safety system · High pressure control system renovation · Automatic safety control,Well / Delivery,plumbing,40.75,0,7519.00,7519.00,true,Non Inventory; hours est. from list @ $185/hr — edit if your typical hrs differ
plumbing,PO11E,Complete High Pressure Containment System Renovation · Leak protection safety system · High pressure control system renovation · Automatic safety control,Well / Delivery,plumbing,48.75,0,9023.00,9023.00,true,Non Inventory; hours est. from list @ $185/hr — edit if your typical hrs differ
plumbing,PO1A,Quick Fix · 90 day warranty,Well / Delivery,plumbing,8.25,0,1528.00,1528.00,true,Non Inventory; hours est. from list @ $185/hr — edit if your typical hrs differ
plumbing,PO1B,Main Water Delivery Components Only · Performance and treatment service · 6 month warranty,Well / Delivery,plumbing,12.5,0,2291.00,2291.00,true,Non Inventory; hours est. from list @ $185/hr — edit if your typical hrs differ
plumbing,PO1C,Water Delivery System Renovation · Isolation control system renovation · Performance safety and service calibrations · Basic leak protection system · 1 ye,Well / Delivery,plumbing,16.5,0,3055.00,3055.00,true,Non Inventory; hours est. from list @ $185/hr — edit if your typical hrs differ
plumbing,PO1D,Complete Water Delivery System Renovation · Leak protection safety system · High pressure control system renovation · Containment holding system renovati,Well / Delivery,plumbing,20.75,0,3819.00,3819.00,true,Non Inventory; hours est. from list @ $185/hr — edit if your typical hrs differ
plumbing,PO1E,Complete Water Delivery System Renovation · Leak protection safety system · High pressure control system renovation · Containment holding system renovati,Well / Delivery,plumbing,24.75,0,4583.00,4583.00,true,Non Inventory; hours est. from list @ $185/hr — edit if your typical hrs differ
plumbing,PO2A,Quick Fix · 90 day warranty,Well / Delivery,plumbing,12,0,2210.00,2210.00,true,Non Inventory; hours est. from list @ $185/hr — edit if your typical hrs differ
plumbing,PO2B,Main Water Delivery Components Only · Performance and treatment service · 6 month warranty,Well / Delivery,plumbing,18,0,3315.00,3315.00,true,Non Inventory; hours est. from list @ $185/hr — edit if your typical hrs differ
plumbing,PO2C,Water Delivery System Renovation · Isolation control system renovation · Performance safety and service calibrations · Basic leak protection system · 1 ye,Well / Delivery,plumbing,24,0,4421.00,4421.00,true,Non Inventory; hours est. from list @ $185/hr — edit if your typical hrs differ
plumbing,PO2D,Complete Water Delivery System Renovation · Leak protection safety system · High pressure control system renovation · Containment holding system renovati,Well / Delivery,plumbing,29.75,0,5526.00,5526.00,true,Non Inventory; hours est. from list @ $185/hr — edit if your typical hrs differ
plumbing,PO2E,Complete Water Delivery System Renovation · Leak protection safety system · High pressure control system renovation · Containment holding system renovati,Well / Delivery,plumbing,35.75,0,6631.00,6631.00,true,Non Inventory; hours est. from list @ $185/hr — edit if your typical hrs differ
plumbing,PO3A,Quick Fix · 90 day warranty,Well / Delivery,plumbing,16,0,2968.00,2968.00,true,Non Inventory; hours est. from list @ $185/hr — edit if your typical hrs differ
plumbing,PO3B,Main Water Delivery Components Only · Performance and treatment service · 6 month warranty,Well / Delivery,plumbing,24,0,4452.00,4452.00,true,Non Inventory; hours est. from list @ $185/hr — edit if your typical hrs differ
plumbing,PO3C,Water Delivery System Renovation · Isolation control system renovation · Performance safety and service calibrations · Basic leak protection system · 1 ye,Well / Delivery,plumbing,32,0,5936.00,5936.00,true,Non Inventory; hours est. from list @ $185/hr — edit if your typical hrs differ
plumbing,PO3D,Complete Water Delivery System Renovation · Leak protection safety system · High pressure control system renovation · Containment holding system renovati,Well / Delivery,plumbing,40,0,7419.00,7419.00,true,Non Inventory; hours est. from list @ $185/hr — edit if your typical hrs differ
plumbing,PO3E,Complete Water Delivery System Renovation · Leak protection safety system · High pressure control system renovation · Containment holding system renovati,Well / Delivery,plumbing,48,0,8903.00,8903.00,true,Non Inventory; hours est. from list @ $185/hr — edit if your typical hrs differ
plumbing,PO4A,Quick Fix · 90 day warranty,Well / Delivery,plumbing,21.25,0,3939.00,3939.00,true,Non Inventory; hours est. from list @ $185/hr — edit if your typical hrs differ
plumbing,PO4B,Main Water Delivery Components Only · Performance and treatment service · 6 month warranty,Well / Delivery,plumbing,32,0,5909.00,5909.00,true,Non Inventory; hours est. from list @ $185/hr — edit if your typical hrs differ
plumbing,PO4C,Water Delivery System Renovation · Isolation control system renovation · Performance safety and service calibrations · Basic leak protection system · 1 ye,Well / Delivery,plumbing,42.5,0,7879.00,7879.00,true,Non Inventory; hours est. from list @ $185/hr — edit if your typical hrs differ
plumbing,PO4D,Complete Water Delivery System Renovation · Leak protection safety system · High pressure control system renovation · Containment holding system renovati,Well / Delivery,plumbing,53.25,0,9849.00,9849.00,true,Non Inventory; hours est. from list @ $185/hr — edit if your typical hrs differ
plumbing,PO4E,Complete Water Delivery System Renovation · Leak protection safety system · High pressure control system renovation · Containment holding system renovati,Well / Delivery,plumbing,64,0,11818.00,11818.00,true,Non Inventory; hours est. from list @ $185/hr — edit if your typical hrs differ
plumbing,PO5A,Quick Fix - Prime and Test · 90 day warranty,Well / Delivery,plumbing,2.75,0,513.00,513.00,true,Non Inventory; hours est. from list @ $185/hr — edit if your typical hrs differ
plumbing,PO5B,Main Water Delivery Components Only · Restoration and safety service · 6 month warranty,Well / Delivery,plumbing,4.25,0,769.00,769.00,true,Non Inventory; hours est. from list @ $185/hr — edit if your typical hrs differ
plumbing,PO5C,Water Delivery System Rejuvenation · Restoration and safety service · Rejuvenate electrical control system · High pressure control system restoration · 1,Well / Delivery,plumbing,5.5,0,1026.00,1026.00,true,Non Inventory; hours est. from list @ $185/hr — edit if your typical hrs differ
plumbing,PO5D,Complete Water Delivery System Rejuvenation · Restoration and safety service · High pressure control system restoration · Certified water testing · Elect,Well / Delivery,plumbing,7,0,1282.00,1282.00,true,Non Inventory; hours est. from list @ $185/hr — edit if your typical hrs differ
plumbing,PO5E,Complete Water Delivery System Rejuvenation · Restoration and safety service · High pressure control system restoration · Certified water testing · Elect,Well / Delivery,plumbing,8.25,0,1539.00,1539.00,true,Non Inventory; hours est. from list @ $185/hr — edit if your typical hrs differ
plumbing,PO6A,Quick Fix - Prime and Test · 90 day warranty,Well / Delivery,plumbing,3.75,0,696.00,696.00,true,Non Inventory; hours est. from list @ $185/hr — edit if your typical hrs differ
plumbing,PO6B,Main Water Delivery Components Only · Restoration and safety service · 6 month warranty,Well / Delivery,plumbing,5.75,0,1044.00,1044.00,true,Non Inventory; hours est. from list @ $185/hr — edit if your typical hrs differ
plumbing,PO6C,Water Delivery System Rejuvenation · Restoration and safety service · Rejuvenate electrical control system · High pressure control system restoration · 1,Well / Delivery,plumbing,7.5,0,1393.00,1393.00,true,Non Inventory; hours est. from list @ $185/hr — edit if your typical hrs differ
plumbing,PO6D,Complete Water Delivery System Rejuvenation · Restoration and safety service · High pressure control system restoration · Certified water testing · Elect,Well / Delivery,plumbing,9.5,0,1741.00,1741.00,true,Non Inventory; hours est. from list @ $185/hr — edit if your typical hrs differ
plumbing,PO6E,Complete Water Delivery System Rejuvenation · Restoration and safety service · High pressure control system restoration · Certified water testing · Elect,Well / Delivery,plumbing,11.25,0,2089.00,2089.00,true,Non Inventory; hours est. from list @ $185/hr — edit if your typical hrs differ
plumbing,PO7A,Quick Fix - Prime and Test · 90 day warranty,Well / Delivery,plumbing,5.5,0,1014.00,1014.00,true,Non Inventory; hours est. from list @ $185/hr — edit if your typical hrs differ
plumbing,PO7B,Main Water Delivery Components Only · Restoration and safety service · 6 month warranty,Well / Delivery,plumbing,8.25,0,1520.00,1520.00,true,Non Inventory; hours est. from list @ $185/hr — edit if your typical hrs differ
plumbing,PO7C,Water Delivery System Rejuvenation · Restoration and safety service · Rejuvenate electrical control system · High pressure control system restoration · 1,Well / Delivery,plumbing,11,0,2027.00,2027.00,true,Non Inventory; hours est. from list @ $185/hr — edit if your typical hrs differ
plumbing,PO7D,Complete Water Delivery System Rejuvenation · Restoration and safety service · High pressure control system restoration · Certified water testing · Elect,Well / Delivery,plumbing,13.75,0,2534.00,2534.00,true,Non Inventory; hours est. from list @ $185/hr — edit if your typical hrs differ
plumbing,PO7E,Complete Water Delivery System Rejuvenation · Restoration and safety service · High pressure control system restoration · Certified water testing · Elect,Well / Delivery,plumbing,16.5,0,3041.00,3041.00,true,Non Inventory; hours est. from list @ $185/hr — edit if your typical hrs differ
plumbing,PO8A,Basic Repair Only · 90 day warranty,Well / Delivery,plumbing,2,0,392.00,392.00,true,Non Inventory; hours est. from list @ $185/hr — edit if your typical hrs differ
plumbing,PO8B,Main Pressure Control System Only · Performance and safety service · 6 month warranty,Well / Delivery,plumbing,3.25,0,588.00,588.00,true,Non Inventory; hours est. from list @ $185/hr — edit if your typical hrs differ
plumbing,PO8C,Pressure Control System Rejuvenation · Main line insulation service · Rejuvenate electrical safety system · Performance and safety testing · 1 year warran,Well / Delivery,plumbing,4.25,0,784.00,784.00,true,Non Inventory; hours est. from list @ $185/hr — edit if your typical hrs differ
plumbing,PO8D,Complete Pressure Control System Rejuvenation · Main line insulation service · Contamination testing service · Electrical safety system renovation · Conta,Well / Delivery,plumbing,5.25,0,980.00,980.00,true,Non Inventory; hours est. from list @ $185/hr — edit if your typical hrs differ
plumbing,PO8E,Complete Pressure Control System Rejuvenation · Main line insulation service · Contamination testing service · Electrical safety system renovation · Conta,Well / Delivery,plumbing,6.25,0,1175.00,1175.00,true,Non Inventory; hours est. from list @ $185/hr — edit if your typical hrs differ
plumbing,PO9A,Quick Fix · 90 day warranty,Well / Delivery,plumbing,8.5,0,1572.00,1572.00,true,Non Inventory; hours est. from list @ $185/hr — edit if your typical hrs differ
plumbing,PO9B,Main Pressure Containment System Only · Performance and safety testing · 6 month warranty,Well / Delivery,plumbing,12.75,0,2359.00,2359.00,true,Non Inventory; hours est. from list @ $185/hr — edit if your typical hrs differ
plumbing,PO9C,High Pressure Containment System · Isolation control system renovation · Performance and safety calibration service · Automatic safety control restoratio,Well / Delivery,plumbing,17,0,3145.00,3145.00,true,Non Inventory; hours est. from list @ $185/hr — edit if your typical hrs differ
plumbing,PO9D,Complete High Pressure Containment System Renovation · Leak protection safety system · High pressure control system renovation · Automatic safety control,Well / Delivery,plumbing,21.25,0,3931.00,3931.00,true,Non Inventory; hours est. from list @ $185/hr — edit if your typical hrs differ
plumbing,PO9E,Complete High Pressure Containment System Renovation · Leak protection safety system · High pressure control system renovation · Automatic safety control,Well / Delivery,plumbing,25.5,0,4717.00,4717.00,true,Non Inventory; hours est. from list @ $185/hr — edit if your typical hrs differ
plumbing,PP10A,Quick Fix - Basic De-Icing Only · 90 day warranty,Freeze Protection,plumbing,10.75,0,2006.00,2006.00,true,Non Inventory; hours est. from list @ $185/hr — edit if your typical hrs differ
plumbing,PP10B,De-Ice Frozen Lines · Basic insulation service · 6 month warranty,Freeze Protection,plumbing,16.25,0,3009.00,3009.00,true,Non Inventory; hours est. from list @ $185/hr — edit if your typical hrs differ
plumbing,PP10C,Anti-Ice Prevention Upgrade · Easy warm protection system · Basic insulation service · 9 month warranty,Freeze Protection,plumbing,21.75,0,4012.00,4012.00,true,Non Inventory; hours est. from list @ $185/hr — edit if your typical hrs differ
plumbing,PP10D,Complete Anti-Ice Prevention System Renovation · Main line insulation service · Easy warm protection system · Performance and safety testing · Area isolat,Freeze Protection,plumbing,27,0,5015.00,5015.00,true,Non Inventory; hours est. from list @ $185/hr — edit if your typical hrs differ
plumbing,PP10E,Complete Anti-Ice Prevention System Renovation · Main line insulation service · Easy warm protection system · Performance and safety testing · Area isolat,Freeze Protection,plumbing,32.5,0,6018.00,6018.00,true,Non Inventory; hours est. from list @ $185/hr — edit if your typical hrs differ
plumbing,PP1A,Quick Fix - Basic De-Icing Only · 90 day warranty,Freeze Protection,plumbing,1.5,0,292.00,292.00,true,Non Inventory; hours est. from list @ $185/hr — edit if your typical hrs differ
plumbing,PP1B,De-Ice Frozen Lines · Basic insulation service · 6 month warranty,Freeze Protection,plumbing,2.25,0,438.00,438.00,true,Non Inventory; hours est. from list @ $185/hr — edit if your typical hrs differ
plumbing,PP1C,Anti-Ice Prevention Upgrade · Easy warm protection system · Basic insulation service · 9 month warranty,Freeze Protection,plumbing,3.25,0,584.00,584.00,true,Non Inventory; hours est. from list @ $185/hr — edit if your typical hrs differ
plumbing,PP1D,Complete Anti-Ice Prevention System Renovation · Main line insulation service · Easy warm protection system · Performance and safety testing · Area isolat,Freeze Protection,plumbing,4,0,730.00,730.00,true,Non Inventory; hours est. from list @ $185/hr — edit if your typical hrs differ
plumbing,PP1E,Complete Anti-Ice Prevention System Renovation · Main line insulation service · Easy warm protection system · Performance and safety testing · Area isolat,Freeze Protection,plumbing,4.75,0,877.00,877.00,true,Non Inventory; hours est. from list @ $185/hr — edit if your typical hrs differ
plumbing,PP2A,Quick Fix - Basic De-Icing Only · 90 day warranty,Freeze Protection,plumbing,2.5,0,452.00,452.00,true,Non Inventory; hours est. from list @ $185/hr — edit if your typical hrs differ
plumbing,PP2B,De-Ice Frozen Lines · Basic insulation service · 6 month warranty,Freeze Protection,plumbing,3.75,0,678.00,678.00,true,Non Inventory; hours est. from list @ $185/hr — edit if your typical hrs differ
plumbing,PP2C,Anti-Ice Prevention Upgrade · Easy warm protection system · Basic insulation service · 9 month warranty,Freeze Protection,plumbing,5,0,904.00,904.00,true,Non Inventory; hours est. from list @ $185/hr — edit if your typical hrs differ
plumbing,PP2D,Complete Anti-Ice Prevention System Renovation · Main line insulation service · Easy warm protection system · Performance and safety testing · Area isolat,Freeze Protection,plumbing,6,0,1130.00,1130.00,true,Non Inventory; hours est. from list @ $185/hr — edit if your typical hrs differ
plumbing,PP2E,Complete Anti-Ice Prevention System Renovation · Main line insulation service · Easy warm protection system · Performance and safety testing · Area isolat,Freeze Protection,plumbing,7.25,0,1355.00,1355.00,true,Non Inventory; hours est. from list @ $185/hr — edit if your typical hrs differ
plumbing,PP3A,Quick Fix - Basic De-Icing Only · 90 day warranty,Freeze Protection,plumbing,3.25,0,606.00,606.00,true,Non Inventory; hours est. from list @ $185/hr — edit if your typical hrs differ
plumbing,PP3B,De-Ice Frozen Lines · Basic insulation service · 6 month warranty,Freeze Protection,plumbing,5,0,909.00,909.00,true,Non Inventory; hours est. from list @ $185/hr — edit if your typical hrs differ
plumbing,PP3C,Anti-Ice Prevention Upgrade · Easy warm protection system · Basic insulation service · 9 month warranty,Freeze Protection,plumbing,6.5,0,1212.00,1212.00,true,Non Inventory; hours est. from list @ $185/hr — edit if your typical hrs differ
plumbing,PP3D,Complete Anti-Ice Prevention System Renovation · Main line insulation service · Easy warm protection system · Performance and safety testing · Area isolat,Freeze Protection,plumbing,8.25,0,1514.00,1514.00,true,Non Inventory; hours est. from list @ $185/hr — edit if your typical hrs differ
plumbing,PP3E,Complete Anti-Ice Prevention System Renovation · Main line insulation service · Easy warm protection system · Performance and safety testing · Area isolat,Freeze Protection,plumbing,9.75,0,1817.00,1817.00,true,Non Inventory; hours est. from list @ $185/hr — edit if your typical hrs differ
plumbing,PP4A,Quick Fix - Basic De-Icing Only · 90 day warranty,Freeze Protection,plumbing,4.25,0,765.00,765.00,true,Non Inventory; hours est. from list @ $185/hr — edit if your typical hrs differ
plumbing,PP4B,De-Ice Frozen Lines · Basic insulation service · 6 month warranty,Freeze Protection,plumbing,6.25,0,1148.00,1148.00,true,Non Inventory; hours est. from list @ $185/hr — edit if your typical hrs differ
plumbing,PP4C,Anti-Ice Prevention Upgrade · Easy warm protection system · Basic insulation service · 9 month warranty,Freeze Protection,plumbing,8.25,0,1531.00,1531.00,true,Non Inventory; hours est. from list @ $185/hr — edit if your typical hrs differ
plumbing,PP4D,Complete Anti-Ice Prevention System Renovation · Main line insulation service · Easy warm protection system · Performance and safety testing · Area isolat,Freeze Protection,plumbing,10.25,0,1913.00,1913.00,true,Non Inventory; hours est. from list @ $185/hr — edit if your typical hrs differ
plumbing,PP4E,Complete Anti-Ice Prevention System Renovation · Main line insulation service · Easy warm protection system · Performance and safety testing · Area isolat,Freeze Protection,plumbing,12.5,0,2296.00,2296.00,true,Non Inventory; hours est. from list @ $185/hr — edit if your typical hrs differ
plumbing,PP5A,Quick Fix - Basic De-Icing Only · 90 day warranty,Freeze Protection,plumbing,5.75,0,1055.00,1055.00,true,Non Inventory; hours est. from list @ $185/hr — edit if your typical hrs differ
plumbing,PP5B,De-Ice Frozen Lines · Basic insulation service · 6 month warranty,Freeze Protection,plumbing,8.5,0,1583.00,1583.00,true,Non Inventory; hours est. from list @ $185/hr — edit if your typical hrs differ
plumbing,PP5C,Anti-Ice Prevention Upgrade · Easy warm protection system · Basic insulation service · 9 month warranty,Freeze Protection,plumbing,11.5,0,2110.00,2110.00,true,Non Inventory; hours est. from list @ $185/hr — edit if your typical hrs differ
plumbing,PP5D,Complete Anti-Ice Prevention System Renovation · Main line insulation service · Easy warm protection system · Performance and safety testing · Area isolat,Freeze Protection,plumbing,14.25,0,2638.00,2638.00,true,Non Inventory; hours est. from list @ $185/hr — edit if your typical hrs differ
plumbing,PP5E,Complete Anti-Ice Prevention System Renovation · Main line insulation service · Easy warm protection system · Performance and safety testing · Area isolat,Freeze Protection,plumbing,17,0,3166.00,3166.00,true,Non Inventory; hours est. from list @ $185/hr — edit if your typical hrs differ
plumbing,PP6A,Quick Fix - Basic De-Icing Only · 90 day warranty,Freeze Protection,plumbing,6.5,0,1215.00,1215.00,true,Non Inventory; hours est. from list @ $185/hr — edit if your typical hrs differ
plumbing,PP6B,De-Ice Frozen Lines · Basic insulation service · 6 month warranty,Freeze Protection,plumbing,9.75,0,1822.00,1822.00,true,Non Inventory; hours est. from list @ $185/hr — edit if your typical hrs differ
plumbing,PP6C,Anti-Ice Prevention Upgrade · Easy warm protection system · Basic insulation service · 9 month warranty,Freeze Protection,plumbing,13.25,0,2430.00,2430.00,true,Non Inventory; hours est. from list @ $185/hr — edit if your typical hrs differ
plumbing,PP6D,Complete Anti-Ice Prevention System Renovation · Main line insulation service · Easy warm protection system · Performance and safety testing · Area isolat,Freeze Protection,plumbing,16.5,0,3037.00,3037.00,true,Non Inventory; hours est. from list @ $185/hr — edit if your typical hrs differ
plumbing,PP6E,Complete Anti-Ice Prevention System Renovation · Main line insulation service · Easy warm protection system · Performance and safety testing · Area isolat,Freeze Protection,plumbing,19.75,0,3644.00,3644.00,true,Non Inventory; hours est. from list @ $185/hr — edit if your typical hrs differ
plumbing,PP7A,Quick Fix - Basic De-Icing Only · 90 day warranty,Freeze Protection,plumbing,7.75,0,1424.00,1424.00,true,Non Inventory; hours est. from list @ $185/hr — edit if your typical hrs differ
plumbing,PP7B,De-Ice Frozen Lines · Basic insulation service · 6 month warranty,Freeze Protection,plumbing,11.5,0,2137.00,2137.00,true,Non Inventory; hours est. from list @ $185/hr — edit if your typical hrs differ
plumbing,PP7C,Anti-Ice Prevention Upgrade · Easy warm protection system · Basic insulation service · 9 month warranty,Freeze Protection,plumbing,15.5,0,2849.00,2849.00,true,Non Inventory; hours est. from list @ $185/hr — edit if your typical hrs differ
plumbing,PP7D,Complete Anti-Ice Prevention System Renovation · Main line insulation service · Easy warm protection system · Performance and safety testing · Area isolat,Freeze Protection,plumbing,19.25,0,3561.00,3561.00,true,Non Inventory; hours est. from list @ $185/hr — edit if your typical hrs differ
plumbing,PP7E,Complete Anti-Ice Prevention System Renovation · Main line insulation service · Easy warm protection system · Performance and safety testing · Area isolat,Freeze Protection,plumbing,23,0,4273.00,4273.00,true,Non Inventory; hours est. from list @ $185/hr — edit if your typical hrs differ
plumbing,PP8A,Quick Fix - Basic De-Icing Only · 90 day warranty,Freeze Protection,plumbing,9,0,1642.00,1642.00,true,Non Inventory; hours est. from list @ $185/hr — edit if your typical hrs differ
plumbing,PP8B,De-Ice Frozen Lines · Basic insulation service · 6 month warranty,Freeze Protection,plumbing,13.25,0,2462.00,2462.00,true,Non Inventory; hours est. from list @ $185/hr — edit if your typical hrs differ
plumbing,PP8C,Anti-Ice Prevention Upgrade · Easy warm protection system · Basic insulation service · 9 month warranty,Freeze Protection,plumbing,17.75,0,3283.00,3283.00,true,Non Inventory; hours est. from list @ $185/hr — edit if your typical hrs differ
plumbing,PP8D,Complete Anti-Ice Prevention System Renovation · Main line insulation service · Easy warm protection system · Performance and safety testing · Area isolat,Freeze Protection,plumbing,22.25,0,4104.00,4104.00,true,Non Inventory; hours est. from list @ $185/hr — edit if your typical hrs differ
plumbing,PP8E,Complete Anti-Ice Prevention System Renovation · Main line insulation service · Easy warm protection system · Performance and safety testing · Area isolat,Freeze Protection,plumbing,26.5,0,4925.00,4925.00,true,Non Inventory; hours est. from list @ $185/hr — edit if your typical hrs differ
plumbing,PP9A,Quick Fix - Basic De-Icing Only · 90 day warranty,Freeze Protection,plumbing,9.75,0,1824.00,1824.00,true,Non Inventory; hours est. from list @ $185/hr — edit if your typical hrs differ
plumbing,PP9B,De-Ice Frozen Lines · Basic insulation service · 6 month warranty,Freeze Protection,plumbing,14.75,0,2736.00,2736.00,true,Non Inventory; hours est. from list @ $185/hr — edit if your typical hrs differ
plumbing,PP9C,Anti-Ice Prevention Upgrade · Easy warm protection system · Basic insulation service · 9 month warranty,Freeze Protection,plumbing,19.75,0,3648.00,3648.00,true,Non Inventory; hours est. from list @ $185/hr — edit if your typical hrs differ
plumbing,PP9D,Complete Anti-Ice Prevention System Renovation · Main line insulation service · Easy warm protection system · Performance and safety testing · Area isolat,Freeze Protection,plumbing,24.75,0,4559.00,4559.00,true,Non Inventory; hours est. from list @ $185/hr — edit if your typical hrs differ
plumbing,PP9E,Complete Anti-Ice Prevention System Renovation · Main line insulation service · Easy warm protection system · Performance and safety testing · Area isolat,Freeze Protection,plumbing,29.5,0,5471.00,5471.00,true,Non Inventory; hours est. from list @ $185/hr — edit if your typical hrs differ
plumbing,PQ1A,Quick Fix - Single Calibration Adjustment · 90 day warranty,Backflow / Contamination,plumbing,2.5,0,441.00,441.00,true,Non Inventory; hours est. from list @ $185/hr — edit if your typical hrs differ
plumbing,PQ1B,Main Components Only · Drain / Purge · Basic isolation system · 6 month warranty,Backflow / Contamination,plumbing,3.5,0,662.00,662.00,true,Non Inventory; hours est. from list @ $185/hr — edit if your typical hrs differ
plumbing,PQ1C,Anti Contamination System Renovation · Drain / Flush / Treat · Low water emergency cut off renovation · High pressure emergency relief system restoration,Backflow / Contamination,plumbing,4.75,0,883.00,883.00,true,Non Inventory; hours est. from list @ $185/hr — edit if your typical hrs differ
plumbing,PQ1D,Complete Freshwater Anti Contamination System Renovation · Drain / Treat / Flush / Purge · Air elimination system renovation · Low water emergency cut o,Backflow / Contamination,plumbing,6,0,1103.00,1103.00,true,Non Inventory; hours est. from list @ $185/hr — edit if your typical hrs differ
plumbing,PQ1E,Complete Freshwater Anti Contamination System Renovation · Drain / Treat / Flush / Purge · Air elimination system renovation · Low water emergency cut o,Backflow / Contamination,plumbing,7.25,0,1324.00,1324.00,true,Non Inventory; hours est. from list @ $185/hr — edit if your typical hrs differ
plumbing,PQ2A,Quick Fix - Single Calibration Adjustment · 90 day warranty,Backflow / Contamination,plumbing,3.25,0,586.00,586.00,true,Non Inventory; hours est. from list @ $185/hr — edit if your typical hrs differ
plumbing,PQ2B,Main Components Only · Drain / Purge · Basic isolation system · 6 month warranty,Backflow / Contamination,plumbing,4.75,0,879.00,879.00,true,Non Inventory; hours est. from list @ $185/hr — edit if your typical hrs differ
plumbing,PQ2C,Anti Contamination System Renovation · Drain / Flush / Treat · Low water emergency cut off renovation · High pressure emergency relief system restoration,Backflow / Contamination,plumbing,6.25,0,1171.00,1171.00,true,Non Inventory; hours est. from list @ $185/hr — edit if your typical hrs differ
plumbing,PQ2D,Complete Freshwater Anti Contamination System Renovation · Drain / Treat / Flush / Purge · Air elimination system renovation · Low water emergency cut o,Backflow / Contamination,plumbing,8,0,1464.00,1464.00,true,Non Inventory; hours est. from list @ $185/hr — edit if your typical hrs differ
plumbing,PQ2E,Complete Freshwater Anti Contamination System Renovation · Drain / Treat / Flush / Purge · Air elimination system renovation · Low water emergency cut o,Backflow / Contamination,plumbing,9.5,0,1757.00,1757.00,true,Non Inventory; hours est. from list @ $185/hr — edit if your typical hrs differ
plumbing,PQ3A,Basic Rejuvenation · 90 day warranty,Backflow / Contamination,plumbing,3,0,572.00,572.00,true,Non Inventory; hours est. from list @ $185/hr — edit if your typical hrs differ
plumbing,PQ3B,Main Contamination System Rejuvenation · Isolation system upgrade · 6 month warranty,Backflow / Contamination,plumbing,4.75,0,858.00,858.00,true,Non Inventory; hours est. from list @ $185/hr — edit if your typical hrs differ
plumbing,PQ3C,Anti Contamination System Renovation · Area isolation control system upgrade · Visual pressure monitor installation · Basic inspection service · 1 year wa,Backflow / Contamination,plumbing,6.25,0,1144.00,1144.00,true,Non Inventory; hours est. from list @ $185/hr — edit if your typical hrs differ
plumbing,PQ3D,Complete Anti Contamination System Renovation · Area isolation control system upgrade · Visual pressure monitor installation · Complete infrastructure le,Backflow / Contamination,plumbing,7.75,0,1430.00,1430.00,true,Non Inventory; hours est. from list @ $185/hr — edit if your typical hrs differ
plumbing,PQ3E,Complete Anti Contamination System Renovation · Area isolation control system upgrade · Visual pressure monitor installation · Complete infrastructure le,Backflow / Contamination,plumbing,9.25,0,1715.00,1715.00,true,Non Inventory; hours est. from list @ $185/hr — edit if your typical hrs differ
plumbing,PQ4A,Basic Rejuvenation · 90 day warranty,Backflow / Contamination,plumbing,4,0,760.00,760.00,true,Non Inventory; hours est. from list @ $185/hr — edit if your typical hrs differ
plumbing,PQ4B,Main Contamination System Rejuvenation · Isolation system upgrade · 6 month warranty,Backflow / Contamination,plumbing,6.25,0,1140.00,1140.00,true,Non Inventory; hours est. from list @ $185/hr — edit if your typical hrs differ
plumbing,PQ4C,PQ4C,Backflow / Contamination,plumbing,8.25,0,1519.00,1519.00,true,Non Inventory; hours est. from list @ $185/hr — edit if your typical hrs differ
plumbing,PQ4D,Complete Anti Contamination System Renovation · Area isolation control system upgrade · Visual pressure monitor installation · Complete infrastructure le,Backflow / Contamination,plumbing,10.25,0,1899.00,1899.00,true,Non Inventory; hours est. from list @ $185/hr — edit if your typical hrs differ
plumbing,PQ4E,Complete Anti Contamination System Renovation · Area isolation control system upgrade · Visual pressure monitor installation · Complete infrastructure le,Backflow / Contamination,plumbing,12.25,0,2279.00,2279.00,true,Non Inventory; hours est. from list @ $185/hr — edit if your typical hrs differ
plumbing,PQ5A,Basic Rejuvenation · 90 day warranty,Backflow / Contamination,plumbing,4.75,0,889.00,889.00,true,Non Inventory; hours est. from list @ $185/hr — edit if your typical hrs differ
plumbing,PQ5B,Main Contamination System Rejuvenation · Isolation system upgrade · 6 month warranty,Backflow / Contamination,plumbing,7.25,0,1333.00,1333.00,true,Non Inventory; hours est. from list @ $185/hr — edit if your typical hrs differ
plumbing,PQ5C,Anti Contamination System Renovation · Area isolation control system upgrade · Visual pressure monitor installation · Basic inspection service · 1 year wa,Backflow / Contamination,plumbing,9.5,0,1777.00,1777.00,true,Non Inventory; hours est. from list @ $185/hr — edit if your typical hrs differ
plumbing,PQ5D,Complete Anti Contamination System Renovation · Area isolation control system upgrade · Visual pressure monitor installation · Complete infrastructure le,Backflow / Contamination,plumbing,12,0,2222.00,2222.00,true,Non Inventory; hours est. from list @ $185/hr — edit if your typical hrs differ
plumbing,PQ5E,Complete Anti Contamination System Renovation · Area isolation control system upgrade · Visual pressure monitor installation · Complete infrastructure le,Backflow / Contamination,plumbing,14.5,0,2666.00,2666.00,true,Non Inventory; hours est. from list @ $185/hr — edit if your typical hrs differ
plumbing,PQ6A,Basic Calibration Service Only · (Upgrade may be required) · 90 day warranty,Backflow / Contamination,plumbing,2,0,349.00,349.00,true,Non Inventory; hours est. from list @ $185/hr — edit if your typical hrs differ
plumbing,PQ6B,Main Calibration Service · Performance and safety testing · Standard adjustment upgrade · 6 month warranty,Backflow / Contamination,plumbing,2.75,0,523.00,523.00,true,Non Inventory; hours est. from list @ $185/hr — edit if your typical hrs differ
plumbing,PQ6C,Anti Contamination System Renovation · Isolation control upgrade · Infrastructure flush and test · 1 year warranty,Backflow / Contamination,plumbing,3.75,0,698.00,698.00,true,Non Inventory; hours est. from list @ $185/hr — edit if your typical hrs differ
plumbing,PQ6D,Complete Anti Contamination System Renovation · Area isolation control system upgrade · Complete infrastructure leak inspection service · Infrastructure,Backflow / Contamination,plumbing,4.75,0,872.00,872.00,true,Non Inventory; hours est. from list @ $185/hr — edit if your typical hrs differ
plumbing,PQ6E,Complete Anti Contamination System Renovation · Area isolation control system upgrade · Complete infrastructure leak inspection service · Infrastructure,Backflow / Contamination,plumbing,5.75,0,1046.00,1046.00,true,Non Inventory; hours est. from list @ $185/hr — edit if your typical hrs differ
plumbing,PQ7A,Basic Calibration Service Only · (Upgrade may be required) · 90 day warranty,Backflow / Contamination,plumbing,2.75,0,501.00,501.00,true,Non Inventory; hours est. from list @ $185/hr — edit if your typical hrs differ
plumbing,PQ7B,Main Calibration Service · Performance and safety testing · Standard adjustment upgrade · 6 month warranty,Backflow / Contamination,plumbing,4,0,752.00,752.00,true,Non Inventory; hours est. from list @ $185/hr — edit if your typical hrs differ
plumbing,PQ7C,Anti Contamination System Renovation · Isolation control upgrade · Infrastructure flush and test · 1 year warranty,Backflow / Contamination,plumbing,5.5,0,1002.00,1002.00,true,Non Inventory; hours est. from list @ $185/hr — edit if your typical hrs differ
plumbing,PQ7D,Complete Anti Contamination System Renovation · Area isolation control system upgrade · Complete infrastructure leak inspection service · Infrastructure,Backflow / Contamination,plumbing,6.75,0,1253.00,1253.00,true,Non Inventory; hours est. from list @ $185/hr — edit if your typical hrs differ
plumbing,PQ7E,Complete Anti Contamination System Renovation · Area isolation control system upgrade · Complete infrastructure leak inspection service · Infrastructure,Backflow / Contamination,plumbing,8.25,0,1504.00,1504.00,true,Non Inventory; hours est. from list @ $185/hr — edit if your typical hrs differ
plumbing,PQ8A,Basic Calibration Service Only · (Upgrade may be required) · 90 day warranty,Backflow / Contamination,plumbing,3.75,0,682.00,682.00,true,Non Inventory; hours est. from list @ $185/hr — edit if your typical hrs differ
plumbing,PQ8B,Main Calibration Service · Performance and safety testing · Standard adjustment upgrade · 6 month warranty,Backflow / Contamination,plumbing,5.5,0,1022.00,1022.00,true,Non Inventory; hours est. from list @ $185/hr — edit if your typical hrs differ
plumbing,PQ8C,Anti Contamination System Renovation · Isolation control upgrade · Infrastructure flush and test · 1 year warranty,Backflow / Contamination,plumbing,7.25,0,1363.00,1363.00,true,Non Inventory; hours est. from list @ $185/hr — edit if your typical hrs differ
plumbing,PQ8D,Complete Anti Contamination System Renovation · Area isolation control system upgrade · Complete infrastructure leak inspection service · Infrastructure,Backflow / Contamination,plumbing,9.25,0,1704.00,1704.00,true,Non Inventory; hours est. from list @ $185/hr — edit if your typical hrs differ
plumbing,PQ8E,Complete Anti Contamination System Renovation · Area isolation control system upgrade · Complete infrastructure leak inspection service · Infrastructure,Backflow / Contamination,plumbing,11,0,2045.00,2045.00,true,Non Inventory; hours est. from list @ $185/hr — edit if your typical hrs differ
plumbing,PR10A,Underground Sanitary Piping Renovations Only · 30 day warranty,Sewer / Underground,plumbing,46,0,8492.00,8492.00,true,Non Inventory; hours est. from list @ $185/hr — edit if your typical hrs differ
plumbing,PR10B,Main Underground Sanitary Piping Renovation · Renovate all interior fixture water seals · Basic treatment service · 6 month warranty,Sewer / Underground,plumbing,68.75,0,12738.00,12738.00,true,Non Inventory; hours est. from list @ $185/hr — edit if your typical hrs differ
plumbing,PR10C,Sanitary Waste Removal System Renovation · Renovate all exterior underground sanitary piping · Renovate all fixture water seals · Rejuvenate all sanitary,Sewer / Underground,plumbing,91.75,0,16984.00,16984.00,true,Non Inventory; hours est. from list @ $185/hr — edit if your typical hrs differ
plumbing,PR10D,Complete Sanitary Waste Removal System Renovation · Renovate all exterior underground sanitary piping · Power clean all interior main lines · Flush and p,Sewer / Underground,plumbing,114.75,0,21230.00,21230.00,true,Non Inventory; hours est. from list @ $185/hr — edit if your typical hrs differ
plumbing,PR10E,Complete Sanitary Waste Removal System Renovation · Renovate all exterior underground sanitary piping · Power clean all interior main lines · Flush and p,Sewer / Underground,plumbing,137.75,0,25476.00,25476.00,true,Non Inventory; hours est. from list @ $185/hr — edit if your typical hrs differ
plumbing,PR1A,Additional Jetter Time,Sewer / Underground,plumbing,1,0,200.00,200.00,true,Non Inventory; hours est. from list @ $185/hr — edit if your typical hrs differ
plumbing,PR1B,Main Exterior Waste Removal System Sanitization Service · Basic interior waste system rejuvenation · 6 month warranty,Sewer / Underground,plumbing,5,0,946.00,946.00,true,Non Inventory; hours est. from list @ $185/hr — edit if your typical hrs differ
plumbing,PR1C,PR1C,Sewer / Underground,plumbing,5.75,0,1054.00,1054.00,true,Non Inventory; hours est. from list @ $185/hr — edit if your typical hrs differ
plumbing,PR1D,Complete Whole House Waste Removal System Rejuvenation · Power clean all main lines · Flush and purge all fixture lines · Renovate all fixture water seal,Sewer / Underground,plumbing,8.5,0,1577.00,1577.00,true,Non Inventory; hours est. from list @ $185/hr — edit if your typical hrs differ
plumbing,PR1E,Complete Whole House Waste Removal System Rejuvenation · Power clean all main lines · Flush and purge all fixture lines · Renovate all fixture water seal,Sewer / Underground,plumbing,10.25,0,1892.00,1892.00,true,Non Inventory; hours est. from list @ $185/hr — edit if your typical hrs differ
plumbing,PR2A,Single Area Waste Removal System Sanitization Only · 30 day warranty,Sewer / Underground,plumbing,5.5,0,1035.00,1035.00,true,Non Inventory; hours est. from list @ $185/hr — edit if your typical hrs differ
plumbing,PR2B,Main Exterior Waste Removal System Sanitization Service · Basic interior waste system rejuvenation · 6 month warranty,Sewer / Underground,plumbing,8.5,0,1552.00,1552.00,true,Non Inventory; hours est. from list @ $185/hr — edit if your typical hrs differ
plumbing,PR2C,Whole House Waste Removal System Rejuvenation Service · Power clean all main lines · Flush out main fixture lines · Renovate all fixture water seals · 1 y,Sewer / Underground,plumbing,11.25,0,2070.00,2070.00,true,Non Inventory; hours est. from list @ $185/hr — edit if your typical hrs differ
plumbing,PR2D,Complete Whole House Waste Removal System Rejuvenation · Power clean all main lines · Flush and purge all fixture lines · Renovate all fixture water seal,Sewer / Underground,plumbing,14,0,2587.00,2587.00,true,Non Inventory; hours est. from list @ $185/hr — edit if your typical hrs differ
plumbing,PR2E,Complete Whole House Waste Removal System Rejuvenation · Power clean all main lines · Flush and purge all fixture lines · Renovate all fixture water seal,Sewer / Underground,plumbing,16.75,0,3104.00,3104.00,true,Non Inventory; hours est. from list @ $185/hr — edit if your typical hrs differ
plumbing,PR3A,Single Area Waste Removal System Sanitization Only · 30 day warranty,Sewer / Underground,plumbing,8.5,0,1582.00,1582.00,true,Non Inventory; hours est. from list @ $185/hr — edit if your typical hrs differ
plumbing,PR3B,Main Exterior Waste Removal System Sanitization Service · Basic interior waste system rejuvenation · 6 month warranty,Sewer / Underground,plumbing,12.75,0,2372.00,2372.00,true,Non Inventory; hours est. from list @ $185/hr — edit if your typical hrs differ
plumbing,PR3C,Whole House Waste Removal System Rejuvenation Service · Power clean all main lines · Flush out main fixture lines · Renovate all fixture water seals · 1 y,Sewer / Underground,plumbing,17,0,3163.00,3163.00,true,Non Inventory; hours est. from list @ $185/hr — edit if your typical hrs differ
plumbing,PR3D,Complete Whole House Waste Removal System Rejuvenation · Power clean all main lines · Flush and purge all fixture lines · Renovate all fixture water seal,Sewer / Underground,plumbing,21.25,0,3954.00,3954.00,true,Non Inventory; hours est. from list @ $185/hr — edit if your typical hrs differ
plumbing,PR3E,Complete Whole House Waste Removal System Rejuvenation · Power clean all main lines · Flush and purge all fixture lines · Renovate all fixture water seal,Sewer / Underground,plumbing,25.75,0,4745.00,4745.00,true,Non Inventory; hours est. from list @ $185/hr — edit if your typical hrs differ
plumbing,PR4A,Single Area Waste Removal System Sanitization Only · 30 day warranty,Sewer / Underground,plumbing,11.5,0,2131.00,2131.00,true,Non Inventory; hours est. from list @ $185/hr — edit if your typical hrs differ
plumbing,PR4B,Main Exterior Waste Removal System Sanitization Service · Basic interior waste system rejuvenation · 6 month warranty,Sewer / Underground,plumbing,17.25,0,3196.00,3196.00,true,Non Inventory; hours est. from list @ $185/hr — edit if your typical hrs differ
plumbing,PR4C,Whole House Waste Removal System Rejuvenation Service · Power clean all main lines · Flush out main fixture lines · Renovate all fixture water seals · 1 y,Sewer / Underground,plumbing,23,0,4261.00,4261.00,true,Non Inventory; hours est. from list @ $185/hr — edit if your typical hrs differ
plumbing,PR4D,Complete Whole House Waste Removal System Rejuvenation · Power clean all main lines · Flush and purge all fixture lines · Renovate all fixture water seal,Sewer / Underground,plumbing,28.75,0,5326.00,5326.00,true,Non Inventory; hours est. from list @ $185/hr — edit if your typical hrs differ
plumbing,PR4E,Complete Whole House Waste Removal System Rejuvenation · Power clean all main lines · Flush and purge all fixture lines · Renovate all fixture water seal,Sewer / Underground,plumbing,34.5,0,6392.00,6392.00,true,Non Inventory; hours est. from list @ $185/hr — edit if your typical hrs differ
plumbing,PR5A,Single Area Waste Removal System Sanitization Only · 30 day warranty,Sewer / Underground,plumbing,13.75,0,2555.00,2555.00,true,Non Inventory; hours est. from list @ $185/hr — edit if your typical hrs differ
plumbing,PR5B,Main Exterior Waste Removal System Sanitization Service · Basic interior waste system rejuvenation · 6 month warranty,Sewer / Underground,plumbing,20.75,0,3833.00,3833.00,true,Non Inventory; hours est. from list @ $185/hr — edit if your typical hrs differ
plumbing,PR5C,Whole House Waste Removal System Rejuvenation Service · Power clean all main lines · Flush out main fixture lines · Renovate all fixture water seals · 1 y,Sewer / Underground,plumbing,27.5,0,5110.00,5110.00,true,Non Inventory; hours est. from list @ $185/hr — edit if your typical hrs differ
plumbing,PR5D,Complete Whole House Waste Removal System Rejuvenation · Power clean all main lines · Flush and purge all fixture lines · Renovate all fixture water seal,Sewer / Underground,plumbing,34.5,0,6388.00,6388.00,true,Non Inventory; hours est. from list @ $185/hr — edit if your typical hrs differ
plumbing,PR5E,Complete Whole House Waste Removal System Rejuvenation · Power clean all main lines · Flush and purge all fixture lines · Renovate all fixture water seal,Sewer / Underground,plumbing,41.5,0,7665.00,7665.00,true,Non Inventory; hours est. from list @ $185/hr — edit if your typical hrs differ
plumbing,PR6A,Underground Sanitary Piping Renovations Only · 30 day warranty,Sewer / Underground,plumbing,29.25,0,5420.00,5420.00,true,Non Inventory; hours est. from list @ $185/hr — edit if your typical hrs differ
plumbing,PR6B,Main Underground Sanitary Piping Renovation · Renovate all interior fixture water seals · Basic treatment service · 6 month warranty,Sewer / Underground,plumbing,44,0,8130.00,8130.00,true,Non Inventory; hours est. from list @ $185/hr — edit if your typical hrs differ
plumbing,PR6C,Sanitary Waste Removal System Renovation · Renovate all exterior underground sanitary piping · Renovate all fixture water seals · Rejuvenate all sanitary,Sewer / Underground,plumbing,58.5,0,10840.00,10840.00,true,Non Inventory; hours est. from list @ $185/hr — edit if your typical hrs differ
plumbing,PR6D,Complete Sanitary Waste Removal System Renovation · Renovate all exterior underground sanitary piping · Power clean all interior main lines · Flush and p,Sewer / Underground,plumbing,73.25,0,13550.00,13550.00,true,Non Inventory; hours est. from list @ $185/hr — edit if your typical hrs differ
plumbing,PR6E,Complete Sanitary Waste Removal System Renovation · Renovate all exterior underground sanitary piping · Power clean all interior main lines · Flush and p,Sewer / Underground,plumbing,88,0,16260.00,16260.00,true,Non Inventory; hours est. from list @ $185/hr — edit if your typical hrs differ
plumbing,PR7A,Underground Sanitary Piping Renovations Only · 30 day warranty,Sewer / Underground,plumbing,33.5,0,6218.00,6218.00,true,Non Inventory; hours est. from list @ $185/hr — edit if your typical hrs differ
plumbing,PR7B,Main Underground Sanitary Piping Renovation · Renovate all interior fixture water seals · Basic treatment service · 6 month warranty,Sewer / Underground,plumbing,50.5,0,9327.00,9327.00,true,Non Inventory; hours est. from list @ $185/hr — edit if your typical hrs differ
plumbing,PR7C,Sanitary Waste Removal System Renovation · Renovate all exterior underground sanitary piping · Renovate all fixture water seals · Rejuvenate all sanitary,Sewer / Underground,plumbing,67.25,0,12436.00,12436.00,true,Non Inventory; hours est. from list @ $185/hr — edit if your typical hrs differ
plumbing,PR7D,Complete Sanitary Waste Removal System Renovation · Renovate all exterior underground sanitary piping · Power clean all interior main lines · Flush and p,Sewer / Underground,plumbing,84,0,15545.00,15545.00,true,Non Inventory; hours est. from list @ $185/hr — edit if your typical hrs differ
plumbing,PR7E,Complete Sanitary Waste Removal System Renovation · Renovate all exterior underground sanitary piping · Power clean all interior main lines · Flush and p,Sewer / Underground,plumbing,100.75,0,18654.00,18654.00,true,Non Inventory; hours est. from list @ $185/hr — edit if your typical hrs differ
plumbing,PR8A,Underground Sanitary Piping Renovations Only · 30 day warranty,Sewer / Underground,plumbing,37.5,0,6956.00,6956.00,true,Non Inventory; hours est. from list @ $185/hr — edit if your typical hrs differ
plumbing,PR8B,Main Underground Sanitary Piping Renovation · Renovate all interior fixture water seals · Basic treatment service · 6 month warranty,Sewer / Underground,plumbing,56.5,0,10434.00,10434.00,true,Non Inventory; hours est. from list @ $185/hr — edit if your typical hrs differ
plumbing,PR8C,Sanitary Waste Removal System Renovation · Renovate all exterior underground sanitary piping · Renovate all fixture water seals · Rejuvenate all sanitary,Sewer / Underground,plumbing,75.25,0,13912.00,13912.00,true,Non Inventory; hours est. from list @ $185/hr — edit if your typical hrs differ
plumbing,PR8D,Complete Sanitary Waste Removal System Renovation · Renovate all exterior underground sanitary piping · Power clean all interior main lines · Flush and p,Sewer / Underground,plumbing,94,0,17390.00,17390.00,true,Non Inventory; hours est. from list @ $185/hr — edit if your typical hrs differ
plumbing,PR8E,Complete Sanitary Waste Removal System Renovation · Renovate all exterior underground sanitary piping · Power clean all interior main lines · Flush and p,Sewer / Underground,plumbing,112.75,0,20868.00,20868.00,true,Non Inventory; hours est. from list @ $185/hr — edit if your typical hrs differ
plumbing,PR9A,Underground Sanitary Piping Renovations Only · 30 day warranty,Sewer / Underground,plumbing,42,0,7754.00,7754.00,true,Non Inventory; hours est. from list @ $185/hr — edit if your typical hrs differ
plumbing,PR9B,Main Underground Sanitary Piping Renovation · Renovate all interior fixture water seals · Basic treatment service · 6 month warranty,Sewer / Underground,plumbing,62.75,0,11631.00,11631.00,true,Non Inventory; hours est. from list @ $185/hr — edit if your typical hrs differ
plumbing,PR9C,Sanitary Waste Removal System Renovation · Renovate all exterior underground sanitary piping · Renovate all fixture water seals · Rejuvenate all sanitary,Sewer / Underground,plumbing,83.75,0,15508.00,15508.00,true,Non Inventory; hours est. from list @ $185/hr — edit if your typical hrs differ
plumbing,PR9D,Complete Sanitary Waste Removal System Renovation · Renovate all exterior underground sanitary piping · Power clean all interior main lines · Flush and p,Sewer / Underground,plumbing,104.75,0,19385.00,19385.00,true,Non Inventory; hours est. from list @ $185/hr — edit if your typical hrs differ
plumbing,PR9E,Complete Sanitary Waste Removal System Renovation · Renovate all exterior underground sanitary piping · Power clean all interior main lines · Flush and p,Sewer / Underground,plumbing,125.75,0,23262.00,23262.00,true,Non Inventory; hours est. from list @ $185/hr — edit if your typical hrs differ
